#Simulation Analysis Results CSV File 2019-06-08T20:15:19.666385,,
"#Generated on structure: ""frame000000""",,
TimeStep,Distance_FMN_C8M-FAD_C8M,Distance_FMN - Heme
0,39.9536666870117,13.1340990066528
150,37.6736907958984,13.0379858016968
300,37.974723815918,14.8211832046509
450,37.5679397583008,14.4573755264282
600,36.9988975524902,15.499716758728
750,39.8611373901367,16.4909152984619
900,39.8593635559082,16.8414726257324
1050,39.2856712341309,15.7138442993164
1200,38.8144340515137,15.8919887542725
1350,39.7945365905762,17.0917148590088
1500,39.3117408752441,17.1513633728027
1650,40.41748046875,17.1871871948242
1800,39.5387687683105,17.2265357971191
1950,40.6943016052246,16.6090316772461
2100,37.7952461242676,17.7417678833008
2250,38.3932685852051,16.3901882171631
2400,38.5886039733887,15.7084827423096
2550,38.5462379455566,16.0911617279053
2700,35.3804664611816,16.0275802612305
2850,38.2989120483398,16.234827041626
3000,34.8462333679199,18.0011043548584
3150,36.434268951416,18.6626968383789
3300,35.650520324707,19.8313484191895
3450,37.4111175537109,19.9331836700439
3600,35.7115859985352,19.9791164398193
3750,36.7901382446289,18.0738849639893
3900,34.7953681945801,18.1054286956787
4050,36.0444107055664,18.3981266021729
4200,34.4631156921387,17.9898338317871
4350,35.7397842407227,17.0627498626709
4500,35.6342468261719,17.927698135376
4650,36.5979347229004,16.7875442504883
4800,35.8457489013672,16.7195625305176
4950,35.1510238647461,16.9950294494629
5100,34.5715599060059,15.7930383682251
5250,35.4347763061523,16.2457904815674
5400,35.7695045471191,16.2253723144531
5550,36.4601287841797,16.9268398284912
5700,35.5543327331543,17.7106761932373
5850,34.6359977722168,18.6746463775635
6000,34.5382423400879,16.995361328125
6150,34.6395072937012,17.6486034393311
6300,34.182804107666,16.6492862701416
6450,34.2215347290039,16.6702709197998
6600,33.7533721923828,17.7923774719238
6750,36.2644882202148,16.8720054626465
6900,36.0086860656738,17.9261016845703
7050,36.4130744934082,17.0312232971191
7200,35.4085960388184,16.6585025787354
7350,35.8446578979492,17.3168544769287
7500,35.4229431152344,18.3168182373047
7650,35.7931022644043,18.0879383087158
7800,35.5152626037598,17.9258575439453
7950,34.861759185791,17.0442733764648
8100,35.296802520752,16.4650592803955
8250,36.3817710876465,17.2463989257813
8400,36.5817375183105,16.6024436950684
8550,36.2390174865723,16.3770561218262
8700,35.9252128601074,16.8841285705566
8850,34.8196563720703,16.7813873291016
9000,35.4712982177734,16.1681289672852
9150,35.3001441955566,17.0720748901367
9300,35.4348602294922,18.4165496826172
9450,36.3113250732422,17.865571975708
9600,34.6674995422363,18.2235527038574
9750,34.7287406921387,18.069450378418
9900,34.8900299072266,18.2087631225586
10050,34.2090148925781,17.9573917388916
10200,34.7390899658203,17.8272037506104
10350,34.4084014892578,18.8261528015137
10500,34.6214942932129,19.2489967346191
10650,34.071533203125,19.0324192047119
10800,35.6293449401855,18.5365734100342
10950,36.157844543457,18.4477577209473
11100,35.5674095153809,18.8666400909424
11250,34.9105377197266,17.4649467468262
11400,33.867992401123,18.1694526672363
11550,32.967960357666,20.0274600982666
11700,33.8317337036133,20.5830821990967
11850,34.287181854248,19.2882595062256
12000,36.3161392211914,18.5471878051758
12150,34.0611419677734,19.9150447845459
12300,36.3715782165527,18.9272079467773
12450,34.9863243103027,18.3171215057373
12600,35.7814292907715,18.6876850128174
12750,35.6171073913574,18.3042907714844
12900,36.9540596008301,17.3971271514893
13050,37.3357429504395,17.9397850036621
13200,36.3227882385254,19.1165161132813
13350,35.0142440795898,19.4210376739502
13500,36.0758399963379,17.7817306518555
13650,37.6531791687012,17.9291763305664
13800,36.917854309082,17.9748764038086
13950,38.3035697937012,18.3001480102539
14100,37.5227966308594,17.789867401123
14250,38.5925369262695,18.9934387207031
14400,36.3637390136719,18.9533557891846
14550,37.2547912597656,19.0796012878418
14700,36.3607902526855,17.7845821380615
14850,36.4707489013672,19.0291595458984
15000,36.7854995727539,19.7627429962158
15150,37.1620979309082,19.1961307525635
15300,35.5883979797363,19.1880474090576
15450,36.6302490234375,19.048131942749
15600,36.0908622741699,18.5421657562256
15750,36.6731719970703,19.9814796447754
15900,37.4173240661621,18.9596118927002
16050,37.7478485107422,18.7744426727295
16200,36.4183464050293,18.7214469909668
16350,36.7189979553223,18.2518615722656
16500,35.2706832885742,18.7039756774902
16650,34.8735313415527,20.4513530731201
16800,35.2539215087891,18.8805885314941
16950,34.5689163208008,19.6465511322021
17100,35.9172554016113,18.885913848877
17250,35.7888221740723,19.798002243042
17400,35.9235343933105,19.8938274383545
17550,32.8813209533691,20.5409622192383
17700,34.7619285583496,19.4673957824707
17850,34.2129135131836,19.305290222168
18000,33.2575035095215,19.4048233032227
18150,34.4021644592285,20.3429546356201
18300,34.7267608642578,18.4096336364746
18450,32.5881729125977,19.9075145721436
18600,32.5515022277832,21.3081722259521
18750,35.0583915710449,18.9066295623779
18900,34.5387001037598,19.6116027832031
19050,35.6597862243652,20.0207843780518
19200,34.2061920166016,19.3062629699707
19350,35.381275177002,19.2871704101562
19500,34.0096740722656,19.1565990447998
19650,33.7387351989746,19.454195022583
19800,34.006275177002,19.0292110443115
19950,34.4849853515625,19.777795791626
20100,33.6577186584473,18.8798160552979
20250,33.4418907165527,19.1763744354248
20400,34.0995674133301,17.5496292114258
20550,33.1622924804687,18.6978797912598
20700,33.6010093688965,19.0050392150879
20850,34.6958885192871,18.1190185546875
21000,34.5643424987793,18.8943424224854
21150,34.959716796875,18.798978805542
21300,34.9909782409668,18.9681606292725
21450,33.8610725402832,19.2695655822754
21600,33.2380523681641,19.9894504547119
21750,33.9604339599609,18.7788143157959
21900,34.0259780883789,18.6116600036621
22050,32.898265838623,19.7653884887695
22200,34.1304359436035,19.23805809021
22350,34.1396675109863,19.9315986633301
22500,35.141040802002,18.7772369384766
22650,35.4541778564453,18.9659748077393
22800,35.6598091125488,18.6399955749512
22950,35.8711929321289,19.5209655761719
23100,35.7100067138672,18.8609485626221
23250,34.6076812744141,19.7812957763672
23400,33.4114418029785,18.9782657623291
23550,33.1700706481934,19.0269508361816
23700,32.5276870727539,18.0566921234131
23850,34.3501777648926,18.5448131561279
24000,32.6869926452637,18.7958526611328
24150,32.246265411377,20.697452545166
24300,34.129955291748,19.5042400360107
24450,33.5061111450195,20.0435428619385
24600,32.1451072692871,19.7136840820313
24750,34.0375823974609,19.8114757537842
24900,33.2736320495605,19.2760028839111
25050,34.0592269897461,19.211576461792
25200,33.4077796936035,19.1048469543457
25350,35.5455551147461,19.06032371521
25500,35.6716537475586,19.1415252685547
25650,35.8304176330566,20.1257019042969
25800,36.6916007995605,18.8914375305176
25950,36.843677520752,20.1470794677734
26100,34.46826171875,20.8467102050781
26250,35.580249786377,19.0890216827393
26400,34.1636161804199,19.7481727600098
26550,35.5244293212891,19.5580425262451
26700,35.0707054138184,18.8746662139893
26850,35.5091972351074,19.3937549591064
27000,34.5554237365723,19.6888103485107
27150,35.6762008666992,19.8254261016846
27300,32.7511787414551,20.1684989929199
27450,35.1825790405273,20.3739128112793
27600,33.9851303100586,20.5073623657227
27750,35.900806427002,19.7572555541992
27900,36.5953521728516,18.7901916503906
28050,34.5050582885742,20.1046142578125
28200,33.1636695861816,19.6882648468018
28350,35.3468589782715,19.2005405426025
28500,34.5371246337891,19.0421161651611
28650,33.5493659973145,19.1925678253174
28800,33.875862121582,20.1713085174561
28950,32.7586135864258,20.5196895599365
29100,33.6880493164062,19.9761257171631
29250,32.597412109375,19.947624206543
29400,33.707592010498,20.424861907959
29550,33.9891319274902,19.8423881530762
29700,34.0088500976562,18.9967613220215
29850,34.3780479431152,19.9583148956299
30000,34.9819755554199,19.5485897064209
30150,33.0434341430664,20.4761791229248
30300,34.6958274841309,19.2879276275635
30450,34.9959487915039,20.19606590271
30600,34.5214614868164,19.5524024963379
30750,33.8881759643555,19.4814929962158
30900,34.5082626342773,20.3390350341797
31050,35.2974395751953,19.3248958587646
31200,34.5582237243652,19.832633972168
31350,35.2296905517578,18.9231414794922
31500,35.3184242248535,19.4364109039307
31650,35.8084526062012,19.8906421661377
31800,36.5412635803223,20.338415145874
31950,35.1001358032227,20.6745643615723
32100,36.0477561950684,19.6694183349609
32250,35.2736701965332,19.3765163421631
32400,35.4973754882812,19.0665912628174
32550,36.5113296508789,19.4906616210938
32700,35.0290451049805,18.6616497039795
32850,35.9935760498047,19.0328350067139
33000,34.5511512756348,19.7478332519531
33150,34.19677734375,20.7409000396729
33300,33.6840476989746,21.1050968170166
33450,34.9556045532227,20.8813629150391
33600,36.2140159606934,20.2910785675049
33750,35.1898460388184,19.9880390167236
33900,33.9441795349121,20.829439163208
34050,37.7021636962891,20.0304298400879
34200,34.692741394043,20.4855079650879
34350,33.4754104614258,20.2088146209717
34500,34.9980430603027,20.0836868286133
34650,34.919319152832,19.2378025054932
34800,37.3073196411133,19.4029579162598
34950,36.1357231140137,20.1206035614014
35100,36.7769813537598,20.1848907470703
35250,39.1320190429687,18.9509658813477
35400,37.7049942016602,18.8341236114502
35550,35.4398765563965,20.5455226898193
35700,35.5890769958496,19.7021865844727
35850,36.2278251647949,19.8886337280273
36000,36.2053565979004,19.8755378723145
36150,35.1557083129883,20.4283332824707
36300,36.3027687072754,20.4955196380615
36450,34.2478790283203,20.1537742614746
36600,36.2904510498047,19.2847499847412
36750,35.8522529602051,20.1311187744141
36900,35.7192115783691,19.680326461792
37050,36.5637855529785,20.3466396331787
37200,35.4257125854492,19.1968402862549
37350,35.8283843994141,19.1069164276123
37500,37.3165893554687,19.630578994751
37650,35.1390266418457,19.7535343170166
37800,35.8985748291016,19.1573314666748
37950,36.1493873596191,19.4490013122559
38100,36.925708770752,19.5162830352783
38250,36.2651824951172,19.6401386260986
38400,34.7923736572266,18.9230537414551
38550,36.4050102233887,18.8324108123779
38700,36.3577842712402,18.7676677703857
38850,37.2640266418457,19.0456142425537
39000,37.1479988098145,19.0270957946777
39150,37.1009254455566,19.1827659606934
39300,36.6457290649414,19.4273014068604
39450,34.3333587646484,20.5841388702393
39600,36.0228843688965,19.080810546875
39750,35.0557899475098,19.2123756408691
39900,37.3694496154785,21.2093677520752
40050,36.1259536743164,18.7159118652344
40200,36.881950378418,19.2806549072266
40350,35.005615234375,20.1135768890381
40500,35.4225654602051,18.9315719604492
40650,36.1268196105957,19.185884475708
40800,35.3855476379395,19.5399284362793
40950,35.0369720458984,19.2350883483887
41100,34.4076271057129,19.4201068878174
41250,35.5951766967773,20.0501270294189
41400,35.5175323486328,20.2425670623779
41550,35.3699150085449,18.7307872772217
41700,34.3760375976562,20.0155963897705
41850,34.124584197998,20.6522979736328
42000,38.6047325134277,20.5083446502686
42150,37.364330291748,18.9845752716064
42300,35.1166496276855,19.9276294708252
42450,36.0895156860352,19.0321884155273
42600,37.3456153869629,19.2838382720947
42750,36.8472442626953,19.7995910644531
42900,37.0455741882324,19.3257064819336
43050,37.0694007873535,20.8196468353271
43200,38.4318771362305,18.8146076202393
43350,37.7181854248047,19.0015544891357
43500,36.4508094787598,20.6742172241211
43650,36.8611145019531,19.8771553039551
43800,35.9901924133301,18.9634532928467
43950,35.1053047180176,19.0227756500244
44100,36.7209358215332,18.9395656585693
44250,36.4682312011719,18.698637008667
44400,36.1957893371582,17.8398685455322
44550,35.4175834655762,20.160285949707
44700,37.1071243286133,19.416690826416
44850,36.3535499572754,20.6314659118652
45000,38.2772178649902,20.9097995758057
45150,37.0083999633789,19.8351020812988
45300,36.2214851379395,19.4572448730469
45450,37.4449195861816,19.5930328369141
45600,36.3363761901855,19.7338905334473
45750,37.2730293273926,20.9139022827148
45900,38.5421295166016,19.2924633026123
46050,36.4665718078613,19.377534866333
46200,37.6422729492187,19.3604888916016
46350,36.5496368408203,19.968376159668
46500,37.5718078613281,19.4358825683594
46650,36.3223838806152,19.8927974700928
46800,36.562442779541,18.9688186645508
46950,36.6956748962402,20.2450866699219
47100,36.265022277832,20.2206535339355
47250,35.6332778930664,19.6523818969727
47400,37.2295913696289,19.300178527832
47550,36.9333801269531,18.9842586517334
47700,36.620922088623,20.9564895629883
47850,36.4072685241699,19.2878265380859
48000,37.4226379394531,18.8883113861084
48150,35.8285903930664,19.7435817718506
48300,36.7369537353516,19.4905757904053
48450,35.8589744567871,19.7984580993652
48600,36.5301208496094,19.060525894165
48750,34.3745651245117,19.4620532989502
48900,36.5390625,18.8441982269287
49050,35.6542167663574,19.8944931030273
49200,35.1231536865234,19.3225650787354
49350,36.1981887817383,19.2070827484131
49500,35.618709564209,19.2839508056641
49650,35.0886726379395,19.5728969573975
49800,34.5840148925781,20.0336589813232
49950,34.8613395690918,19.7552185058594
50100,34.4937477111816,20.6940574645996
50250,36.3544006347656,19.5619087219238
50400,36.7984619140625,18.540340423584
50550,34.8946952819824,19.4185905456543
50700,36.0970993041992,19.4216003417969
50850,35.622875213623,18.6109466552734
51000,37.2304954528809,19.2604999542236
51150,35.8614082336426,19.2254180908203
51300,36.2450180053711,19.4840526580811
51450,34.774471282959,19.52783203125
51600,36.4014129638672,19.3561592102051
51750,35.1799468994141,19.3789710998535
51900,35.9686851501465,17.9583644866943
52050,35.3524856567383,19.7046489715576
52200,36.6173782348633,18.5188884735107
52350,35.6905975341797,19.9243450164795
52500,37.224681854248,18.7375335693359
52650,36.2150192260742,19.7584667205811
52800,37.2866172790527,18.8077049255371
52950,35.9808158874512,19.4365367889404
53100,35.3659858703613,18.4708442687988
53250,34.8153953552246,18.7902526855469
53400,35.0416374206543,18.9155292510986
53550,34.9732894897461,19.5771751403809
53700,35.6037559509277,19.1234722137451
53850,36.7824897766113,19.717700958252
54000,36.2618827819824,19.2165393829346
54150,36.1467704772949,18.8638496398926
54300,36.711784362793,19.3052062988281
54450,36.1638832092285,18.9460163116455
54600,36.0186767578125,19.1377124786377
54750,35.6495742797852,19.1726570129395
54900,35.9271697998047,19.2524147033691
55050,35.9688987731934,18.6551074981689
55200,35.7390518188477,19.115571975708
55350,35.6724624633789,19.0815982818604
55500,34.6634864807129,18.6032848358154
55650,34.9864921569824,18.8292255401611
55800,34.754451751709,19.6546726226807
55950,35.9196014404297,20.1717071533203
56100,35.1318550109863,19.0400447845459
56250,34.6975212097168,20.1826763153076
56400,34.9838256835937,19.3788356781006
56550,34.4250640869141,19.428373336792
56700,34.4085731506348,19.186559677124
56850,35.0057220458984,19.4501361846924
57000,35.0211639404297,19.0306377410889
57150,35.0798950195312,19.3697185516357
57300,34.8650703430176,18.7106285095215
57450,35.1224060058594,19.3118114471436
57600,36.585391998291,19.0047950744629
57750,34.3527412414551,18.3471336364746
57900,35.0491905212402,18.9922065734863
58050,34.7847747802734,19.3607330322266
58200,36.4464302062988,18.944896697998
58350,35.2693023681641,19.1200828552246
58500,36.8977241516113,19.1434936523438
58650,35.5868186950684,19.0984764099121
58800,35.3184013366699,18.5154514312744
58950,35.9968223571777,18.7792301177979
59100,35.1586570739746,19.609920501709
59250,35.2976112365723,18.2634143829346
59400,34.4717292785645,19.3365821838379
59550,34.7019729614258,18.8537445068359
59700,36.379768371582,18.723352432251
59850,35.9693984985352,19.5464687347412
60000,34.5764923095703,18.8438339233398
60150,34.6627426147461,19.5334033966064
60300,35.3044738769531,19.6317710876465
60450,34.7350845336914,20.5981197357178
60600,34.2390975952148,18.754114151001
60750,35.0932388305664,19.6824855804443
60900,36.045051574707,19.3445262908936
61050,34.9916000366211,19.6458625793457
61200,35.5752906799316,21.4474391937256
61350,35.0693321228027,20.1019058227539
61500,36.3535194396973,19.5582141876221
61650,36.0756683349609,19.4446506500244
61800,34.7169075012207,19.3882102966309
61950,35.4111137390137,19.427921295166
62100,33.8614616394043,19.3696384429932
62250,35.149169921875,19.7587738037109
62400,34.4517822265625,18.9640579223633
62550,35.3407592773438,19.2667255401611
62700,35.2977294921875,19.5771331787109
62850,35.411247253418,19.6618995666504
63000,34.7694702148438,19.2812938690186
63150,34.1174354553223,19.0334358215332
63300,34.4717636108398,18.5600090026855
63450,34.5664558410645,19.3282642364502
63600,35.1720237731934,19.0945224761963
63750,35.8219375610352,19.2844142913818
63900,34.5537757873535,19.054235458374
64050,34.7195472717285,19.4745960235596
64200,34.3075332641602,19.5782260894775
64350,35.3802947998047,19.6201057434082
64500,33.8417434692383,19.7027530670166
64650,34.2238082885742,20.303653717041
64800,34.3348197937012,19.0465965270996
64950,35.8854713439941,20.0911407470703
65100,35.3111877441406,19.5056667327881
65250,35.3393745422363,18.4603366851807
65400,34.152027130127,19.5176734924316
65550,32.9910316467285,19.3053798675537
65700,33.7976608276367,19.6761875152588
65850,32.934139251709,19.4819602966309
66000,33.5660209655762,19.1008815765381
66150,33.4064483642578,19.4313907623291
66300,34.0394973754883,19.3790836334229
66450,34.944019317627,19.208215713501
66600,34.010009765625,19.3985176086426
66750,34.3473930358887,19.884838104248
66900,34.077522277832,19.4017581939697
67050,33.1554946899414,19.2320861816406
67200,34.5075607299805,19.2677955627441
67350,34.1722259521484,20.0886421203613
67500,32.9672546386719,18.9781303405762
67650,33.9548759460449,18.9335632324219
67800,34.305419921875,18.3839359283447
67950,33.4095878601074,19.1672286987305
68100,35.1462287902832,19.4912300109863
68250,34.2292556762695,19.299280166626
68400,35.4875450134277,20.0811367034912
68550,34.2786521911621,19.230281829834
68700,33.7488822937012,20.761848449707
68850,34.569896697998,19.1347637176514
69000,34.9056510925293,19.3151683807373
69150,34.7009925842285,19.6641464233398
69300,34.1456527709961,19.7661762237549
69450,34.1191291809082,19.475658416748
69600,35.2988548278809,19.3302268981934
69750,33.9743804931641,19.7906379699707
69900,34.735710144043,19.6053066253662
70050,35.0448226928711,19.2238140106201
70200,34.9575271606445,19.4733180999756
70350,34.7688980102539,19.311014175415
70500,34.3766555786133,20.4459438323975
70650,34.348274230957,19.1727848052979
70800,35.4740600585937,20.2163581848145
70950,36.0757141113281,20.289909362793
71100,34.0947380065918,19.2869644165039
71250,34.6364898681641,19.6605453491211
71400,34.7924270629883,19.5560913085938
71550,35.1460723876953,19.0982990264893
71700,35.0746307373047,19.432071685791
71850,33.9228897094727,20.2897834777832
72000,34.7463455200195,19.5095100402832
72150,35.7370071411133,19.1628875732422
72300,34.8372993469238,19.2067718505859
72450,35.4872703552246,19.2811470031738
72600,34.6922149658203,19.1271381378174
72750,33.9109153747559,19.9139156341553
72900,34.4393043518066,19.6920261383057
73050,35.1984405517578,19.4215259552002
73200,34.6376876831055,19.5927486419678
73350,35.8344917297363,18.5594673156738
73500,35.9773368835449,18.9456672668457
73650,33.8822784423828,19.5310611724854
73800,34.4403114318848,19.24733543396
73950,35.428955078125,18.3467636108398
74100,35.1017227172852,19.4239921569824
74250,34.7766265869141,19.033483505249
74400,35.2036933898926,19.4289302825928
74550,34.9145278930664,20.1135082244873
74700,33.4973106384277,19.5527725219727
74850,32.83447265625,19.5610275268555
75000,35.5261154174805,18.5160503387451
75150,33.1979751586914,19.5055408477783
75300,35.0534553527832,19.0072174072266
75450,34.5018615722656,19.2128486633301
75600,34.5835762023926,20.7182903289795
75750,35.2437629699707,21.4691963195801
75900,34.4274406433105,19.8324089050293
76050,34.0322418212891,19.1717433929443
76200,34.6886367797852,19.6863689422607
76350,35.5446586608887,19.0628032684326
76500,34.1452980041504,18.7799129486084
76650,35.1053657531738,19.6259117126465
76800,33.6253433227539,20.2248935699463
76950,34.2311210632324,18.2889671325684
77100,34.6541900634766,19.4464244842529
77250,33.6471557617187,19.5086765289307
77400,34.2975158691406,19.723560333252
77550,34.4965553283691,19.6707038879395
77700,33.3453216552734,19.1162719726562
77850,33.8512496948242,18.8884811401367
78000,34.6776466369629,19.3899917602539
78150,34.7672309875488,19.0792045593262
78300,34.8061561584473,19.8477077484131
78450,34.4168014526367,20.2347450256348
78600,34.6366271972656,18.9997711181641
78750,34.8076515197754,19.3355026245117
78900,35.7059135437012,19.1760177612305
79050,35.3232192993164,18.9407367706299
79200,36.2444190979004,19.5757179260254
79350,34.8413391113281,19.9778785705566
79500,34.4524154663086,19.5306453704834
79650,34.2571601867676,19.1276893615723
79800,33.1571426391602,19.5202865600586
79950,34.3029022216797,18.4784755706787
80100,34.7314987182617,18.6077194213867
80250,33.7156982421875,19.1487064361572
80400,34.8354263305664,19.2600364685059
80550,33.8512344360352,19.0099353790283
80700,34.3800354003906,19.8796234130859
80850,33.287899017334,19.1667766571045
81000,34.6655502319336,18.4124546051025
81150,34.7344169616699,18.8827495574951
81300,34.9013290405273,18.9502468109131
81450,33.1920509338379,19.1568603515625
81600,32.4599876403809,19.0676231384277
81750,33.1853218078613,19.6126670837402
81900,33.5118560791016,19.7019119262695
82050,34.5574836730957,19.1254062652588
82200,35.1705932617187,19.1159114837646
82350,32.9561042785645,19.6139221191406
82500,34.1005020141602,18.9114742279053
82650,33.2617225646973,19.3695087432861
82800,32.4525337219238,19.6736698150635
82950,35.1435737609863,19.3698539733887
83100,33.6010894775391,19.8110256195068
83250,33.5169258117676,19.3644123077393
83400,34.4286041259766,19.5634441375732
83550,34.4760665893555,19.1496505737305
83700,33.1412620544434,19.1555919647217
83850,34.3605041503906,19.7636775970459
84000,34.4617958068848,19.9969806671143
84150,34.5876426696777,18.3582649230957
84300,34.3324546813965,19.0368976593018
84450,34.0509567260742,19.1554260253906
84600,32.9183006286621,19.0102138519287
84750,34.289134979248,19.3279132843018
84900,33.9276542663574,19.3124809265137
85050,34.2811164855957,19.5762691497803
85200,34.8416213989258,19.5094661712646
85350,34.1642799377441,19.573299407959
85500,34.5877876281738,19.1856861114502
85650,34.7488975524902,18.9962177276611
85800,34.7907028198242,18.8500652313232
85950,34.6424369812012,19.5318794250488
86100,34.3455200195312,19.7990779876709
86250,34.6104469299316,19.4392852783203
86400,34.743595123291,19.5136795043945
86550,33.8429222106934,19.2984428405762
86700,33.2388114929199,20.1462574005127
86850,33.6410942077637,19.0940189361572
87000,33.7032279968262,19.7832736968994
87150,34.7471771240234,19.2006053924561
87300,32.8408088684082,19.2013530731201
87450,31.982967376709,19.4533538818359
87600,33.79541015625,19.451114654541
87750,33.0435905456543,19.2212524414062
87900,32.7055130004883,19.3762912750244
88050,33.2503089904785,19.1390113830566
88200,33.453540802002,19.2606029510498
88350,33.4346351623535,19.5997352600098
88500,33.456298828125,19.491756439209
88650,35.5984420776367,18.9995403289795
88800,34.9805870056152,18.6601600646973
88950,35.4007873535156,19.1636619567871
89100,34.4565124511719,18.8005504608154
89250,34.8325996398926,19.4201164245605
89400,32.9377365112305,19.2224960327148
89550,33.3129463195801,18.7622203826904
89700,33.7994232177734,18.6048679351807
89850,34.3173789978027,18.4279479980469
90000,33.5679893493652,18.9582595825195
90150,33.2156028747559,18.978796005249
90300,34.1335105895996,18.4394950866699
90450,35.4508094787598,18.6035385131836
90600,33.8920783996582,19.5855369567871
90750,34.5215873718262,19.5405807495117
90900,34.4064979553223,19.234203338623
91050,34.2974319458008,20.1147975921631
91200,34.4962730407715,19.8275814056396
91350,33.3538818359375,20.6035633087158
91500,34.1987190246582,19.224983215332
91650,34.0122909545898,19.6901950836182
91800,33.5436706542969,18.920166015625
91950,33.0072708129883,20.6359443664551
92100,33.0018272399902,19.8344211578369
92250,33.118408203125,20.0256214141846
92400,33.0737915039062,20.8788356781006
92550,34.1125144958496,20.0300540924072
92700,34.2817344665527,19.5803966522217
92850,34.4574127197266,19.9028339385986
93000,33.9055671691895,19.4703578948975
93150,34.720386505127,18.8474197387695
93300,33.9968376159668,19.8327579498291
93450,34.9704704284668,19.7733516693115
93600,34.1260643005371,19.9575290679932
93750,34.0703926086426,19.5300827026367
93900,33.4814872741699,20.2714691162109
94050,34.6582679748535,19.7669410705566
94200,33.3339080810547,19.9216709136963
94350,33.396671295166,20.7200222015381
94500,33.4151878356934,19.9714813232422
94650,34.4532089233398,19.3534717559814
94800,33.8996047973633,20.6089267730713
94950,34.4739952087402,19.3647632598877
95100,34.6372299194336,20.2035808563232
95250,35.020694732666,19.8452739715576
95400,34.7903327941895,19.7961177825928
95550,35.7168121337891,19.6139430999756
95700,33.8439788818359,19.2968559265137
95850,33.8044548034668,21.0160999298096
96000,33.7694969177246,19.299934387207
96150,35.6875076293945,19.1759376525879
96300,34.394775390625,19.5003681182861
96450,35.4736633300781,19.282808303833
96600,34.9741020202637,19.6502227783203
96750,36.0957641601563,18.1642227172852
96900,36.0598564147949,19.3407211303711
97050,35.3592910766602,19.6864776611328
97200,35.1770706176758,18.8033313751221
97350,34.2929649353027,19.2833137512207
97500,34.3786239624023,19.5685539245605
97650,34.3597946166992,20.5394496917725
97800,34.3232307434082,18.7358150482178
97950,35.0800018310547,18.7306690216064
98100,36.0232696533203,19.440013885498
98250,34.9594955444336,19.5527763366699
98400,35.388126373291,19.3298740386963
98550,35.0190849304199,18.9218807220459
98700,33.3139228820801,18.8428726196289
98850,35.1111793518066,18.9871463775635
99000,35.5551376342773,18.5899085998535
99150,34.6514587402344,19.2623729705811
99300,35.1276779174805,19.5271873474121
99450,34.9200325012207,19.1268405914307
99600,35.4898834228516,19.9211978912354
99750,36.0157470703125,19.3159961700439
99900,35.1031379699707,19.7751502990723
100050,36.5356254577637,20.4978694915771
100200,35.4463310241699,19.7062797546387
100350,36.4355888366699,19.6316413879395
100500,35.1275444030762,18.8860492706299
100650,35.8857040405273,19.0057468414307
100800,34.4477195739746,19.3100662231445
100950,35.8160018920898,19.6756248474121
101100,35.9921798706055,19.0060729980469
101250,34.6364479064941,19.3399085998535
101400,35.4932136535645,19.3310375213623
101550,35.4970169067383,18.9491920471191
101700,35.065055847168,19.7961196899414
101850,36.6030082702637,19.3706340789795
102000,33.9412689208984,20.2661361694336
102150,34.7735137939453,19.4809417724609
102300,34.3213195800781,20.8810424804687
102450,35.958366394043,19.829029083252
102600,34.3088302612305,19.4011917114258
102750,34.3037300109863,19.5359268188477
102900,35.9464950561523,18.7412166595459
103050,35.1565475463867,19.1887607574463
103200,34.0603218078613,19.2595996856689
103350,34.4868011474609,19.6327362060547
103500,35.4010124206543,19.2251605987549
103650,34.1075859069824,19.6099338531494
103800,34.9958076477051,19.4517707824707
103950,34.4623336791992,19.094596862793
104100,36.2443809509277,19.0089168548584
104250,34.7279396057129,18.9659271240234
104400,33.9187126159668,19.6662464141846
104550,35.2016334533691,19.1408195495605
104700,34.8495445251465,19.460277557373
104850,34.27197265625,18.4445266723633
105000,34.5735702514648,19.1546382904053
105150,35.0513954162598,18.3496417999268
105300,35.309642791748,19.5751438140869
105450,34.9073295593262,18.4717998504639
105600,34.971996307373,18.8358840942383
105750,35.2432556152344,20.0949649810791
105900,35.3073043823242,19.0346336364746
106050,35.5758247375488,18.3708915710449
106200,34.0997428894043,19.8044681549072
106350,34.3020706176758,19.6961421966553
106500,34.7147941589355,18.9537544250488
106650,36.7557830810547,19.7287120819092
106800,35.5215187072754,19.177734375
106950,36.5426940917969,18.9655532836914
107100,34.905818939209,20.5292682647705
107250,36.1902656555176,18.4464683532715
107400,35.886058807373,18.9760284423828
107550,34.5298156738281,19.1653652191162
107700,35.1016044616699,20.2334423065186
107850,35.9525527954102,19.3025035858154
108000,35.9835205078125,19.164680480957
108150,35.3631401062012,19.0798416137695
108300,37.1038398742676,19.3826484680176
108450,35.496150970459,19.2267398834229
108600,35.9811248779297,20.1087474822998
108750,35.7227363586426,19.490837097168
108900,35.2876815795898,19.71630859375
109050,36.4867134094238,19.1401557922363
109200,35.9584770202637,18.5814437866211
109350,36.2825469970703,19.1807556152344
109500,36.8032455444336,19.5871315002441
109650,35.9810485839844,19.750659942627
109800,36.1291084289551,20.4030704498291
109950,36.0314064025879,19.9064750671387
110100,35.9352340698242,19.4861869812012
110250,35.4948501586914,19.9342803955078
110400,35.310432434082,19.8516864776611
110550,36.1737670898437,19.9850063323975
110700,35.3083801269531,20.576322555542
110850,36.0330810546875,19.5247364044189
111000,35.3778991699219,19.2122764587402
111150,35.189136505127,20.0620727539062
111300,34.6994819641113,19.8416175842285
111450,34.6642913818359,19.259693145752
111600,35.665111541748,18.795524597168
111750,35.663646697998,20.0210914611816
111900,34.8101196289062,19.9307708740234
112050,35.8402900695801,19.9690456390381
112200,34.6248245239258,20.0419120788574
112350,35.6749801635742,19.370512008667
112500,35.977108001709,18.8891887664795
112650,35.4405212402344,20.3672771453857
112800,36.1649284362793,19.9412364959717
112950,35.166862487793,20.047607421875
113100,36.0137786865234,20.4226112365723
113250,35.1953544616699,20.6868839263916
113400,36.0568313598633,19.6797351837158
113550,35.7882957458496,19.3924751281738
113700,36.6154098510742,19.6441421508789
113850,36.1701354980469,21.6248683929443
114000,36.4724349975586,19.6347408294678
114150,36.3751602172852,19.9810199737549
114300,36.7993507385254,19.7750034332275
114450,36.5124015808105,19.9813594818115
114600,36.1945877075195,19.9122829437256
114750,35.6721343994141,19.7066287994385
114900,36.8442039489746,20.078483581543
115050,36.9563369750977,19.2255783081055
115200,35.657356262207,19.6331157684326
115350,35.5682029724121,19.5674324035645
115500,35.1479301452637,20.0276260375977
115650,35.822265625,20.2908668518066
115800,35.7015495300293,19.5611267089844
115950,36.9354362487793,19.8307476043701
116100,35.3796119689941,19.5965251922607
116250,36.1506004333496,20.4705085754395
116400,36.578254699707,19.1448554992676
116550,35.8729972839355,19.7292060852051
116700,35.8979530334473,19.5431747436523
116850,35.5587615966797,20.6098651885986
117000,36.2705612182617,19.7899513244629
117150,35.5822639465332,19.6215839385986
117300,36.7077941894531,19.6461048126221
117450,35.8663787841797,19.4919891357422
117600,36.2122116088867,19.8712730407715
117750,35.6092948913574,20.3497142791748
117900,36.0739784240723,19.645299911499
118050,35.6897010803223,19.3703441619873
118200,35.3050422668457,19.4747714996338
118350,34.8122024536133,19.2355194091797
118500,36.4809226989746,19.5930919647217
118650,36.4022445678711,19.644136428833
118800,36.2491111755371,20.4163761138916
118950,36.0356369018555,19.7923316955566
119100,36.136157989502,20.1777324676514
119250,35.5870361328125,19.3677005767822
119400,34.8653678894043,19.7765007019043
119550,35.5492210388184,19.4839668273926
119700,36.1909103393555,19.6397609710693
119850,36.3433609008789,19.5402526855469
120000,36.5721702575684,19.5257930755615
120150,35.8240394592285,20.2354946136475
120300,35.1333656311035,20.2059230804443
120450,36.1514472961426,20.7474555969238
120600,36.5716438293457,20.2079772949219
120750,34.3618049621582,19.5752620697021
120900,35.1773452758789,20.9607410430908
121050,37.2078514099121,20.1688041687012
121200,37.1165542602539,20.0532283782959
121350,36.7214698791504,20.1612167358398
121500,35.3132743835449,19.6526794433594
121650,37.1990585327148,20.4168453216553
121800,36.0232086181641,20.8716812133789
121950,35.9338836669922,20.2619705200195
122100,36.91796875,19.7671527862549
122250,35.3439788818359,20.3074760437012
122400,36.340087890625,19.9798526763916
122550,36.8160552978516,18.4552040100098
122700,37.1891593933105,18.9471778869629
122850,36.9252395629883,19.5995502471924
123000,36.651912689209,19.2522621154785
123150,37.3663024902344,19.2819404602051
123300,36.7568168640137,19.0862503051758
123450,36.3385276794434,19.1326923370361
123600,36.0699501037598,19.4505805969238
123750,35.294994354248,19.9898376464844
123900,35.5372467041016,19.8264751434326
124050,37.6437225341797,18.9104404449463
124200,37.1748657226563,19.5622844696045
124350,36.6635627746582,19.3244972229004
124500,35.9017639160156,19.7424182891846
124650,35.4487266540527,19.5102348327637
124800,35.6016883850098,18.8408985137939
124950,36.5234565734863,18.7999725341797
125100,36.2227439880371,19.4991626739502
125250,37.1909217834473,19.3193683624268
125400,35.9463043212891,19.5133666992188
125550,37.9323310852051,19.5302257537842
125700,34.6893310546875,19.7705860137939
125850,36.610725402832,20.221212387085
126000,36.5595207214355,19.9132518768311
126150,37.1804237365723,20.4018573760986
126300,37.8352737426758,19.1076431274414
126450,35.6634826660156,20.5742244720459
126600,36.9253120422363,19.7153701782227
126750,36.3371505737305,20.8792610168457
126900,36.8103942871094,18.7369575500488
127050,37.8186073303223,18.5965671539307
127200,36.8789710998535,19.4066791534424
127350,35.985279083252,19.314001083374
127500,35.6528511047363,19.4290599822998
127650,36.9515113830566,19.2040004730225
127800,36.5594367980957,19.2512321472168
127950,36.8241081237793,19.4760971069336
128100,36.7074508666992,19.4424419403076
128250,37.2034378051758,19.1523456573486
128400,36.3594017028809,19.3097019195557
128550,36.7182159423828,19.5210247039795
128700,35.5868644714355,18.8917064666748
128850,36.5886878967285,18.9752407073975
129000,38.0001220703125,19.3515758514404
129150,35.7427253723145,19.1610984802246
129300,34.8592834472656,19.7024326324463
129450,36.358455657959,19.3739681243896
129600,36.941577911377,19.4161815643311
129750,36.3701972961426,19.812047958374
129900,36.9429244995117,19.2845287322998
130050,35.6051635742187,20.4927501678467
130200,36.9119758605957,19.8412132263184
130350,37.2785491943359,19.2877330780029
130500,36.6271896362305,18.8589401245117
130650,37.0879020690918,19.5403614044189
130800,37.912727355957,18.7220039367676
130950,36.8169593811035,19.8248176574707
131100,37.0005989074707,19.859691619873
131250,35.5405349731445,19.036283493042
131400,37.0305137634277,18.5380001068115
131550,36.6988945007324,19.0575466156006
131700,37.282657623291,20.2435188293457
131850,37.6996116638184,18.9708404541016
132000,38.2077217102051,18.3237400054932
132150,37.2713356018066,19.6655406951904
132300,36.3611373901367,19.7568778991699
132450,36.4341773986816,19.2830619812012
132600,36.6900482177734,19.3144340515137
132750,36.7956771850586,19.4221744537354
132900,36.2448043823242,18.8017101287842
133050,37.4414176940918,18.7626876831055
133200,36.2934074401855,19.125337600708
133350,36.0036811828613,18.8951663970947
133500,35.9391212463379,18.4516849517822
133650,37.039909362793,18.413293838501
133800,36.1226196289063,19.2390041351318
133950,35.9994583129883,18.8671035766602
134100,37.0300712585449,19.0215625762939
134250,35.4787330627441,19.1702041625977
134400,36.5452880859375,19.2147235870361
134550,36.8553771972656,19.3696422576904
134700,36.1740341186523,19.6266574859619
134850,37.2920570373535,19.5341815948486
135000,36.7238616943359,20.1995029449463
135150,36.7283782958984,19.5740528106689
135300,36.329475402832,19.3847942352295
135450,36.4130058288574,18.9802150726318
135600,35.9355659484863,18.9502220153809
135750,36.3392105102539,18.8795604705811
135900,36.9919395446777,19.5809211730957
136050,36.2730026245117,19.7205429077148
136200,36.0909767150879,20.6227474212646
136350,36.9230003356934,20.0192527770996
136500,36.8414306640625,19.2219085693359
136650,37.8597831726074,19.9554824829102
136800,37.2209548950195,18.9126720428467
136950,36.7297744750977,18.8994903564453
137100,37.0024681091309,19.8455486297607
137250,37.2630767822266,19.4888229370117
137400,37.5750885009766,19.2756881713867
137550,37.258113861084,18.8474750518799
137700,37.4947319030762,18.8310699462891
137850,38.0915069580078,19.5974502563477
138000,36.7578315734863,19.8377895355225
138150,38.2914161682129,19.1916255950928
138300,36.7162399291992,19.6709575653076
138450,37.3189010620117,19.1822814941406
138600,36.7253608703613,19.45387840271
138750,36.1962509155273,19.7363376617432
138900,35.2215118408203,19.40478515625
139050,36.1842079162598,19.0096836090088
139200,35.6816329956055,19.430591583252
139350,36.3155517578125,19.1729698181152
139500,35.7153129577637,18.8667144775391
139650,36.0501594543457,19.3735408782959
139800,36.2649803161621,19.7432918548584
139950,36.7658004760742,18.5020885467529
140100,35.8080062866211,19.9750785827637
140250,35.7386512756348,19.3924922943115
140400,35.715145111084,18.7262439727783
140550,36.9699363708496,19.6116390228271
140700,36.2607612609863,19.6506500244141
140850,36.4293212890625,20.1294631958008
141000,35.6726226806641,19.1817111968994
141150,36.1646995544434,19.2676601409912
141300,36.7136459350586,19.7817916870117
141450,35.3905715942383,19.9398231506348
141600,35.8303680419922,19.1516742706299
141750,35.9744758605957,19.7426490783691
141900,36.5668487548828,20.118200302124
142050,36.1203727722168,20.2520313262939
142200,35.5639114379883,21.1413726806641
142350,36.5337409973145,20.9707431793213
142500,37.4377593994141,19.3813381195068
142650,36.6948127746582,19.9589862823486
142800,34.8296318054199,20.3809432983398
142950,34.7403106689453,20.3161430358887
143100,36.487174987793,20.1891269683838
143250,36.1356735229492,19.6078643798828
143400,36.1249732971191,19.0626945495605
143550,36.2790679931641,19.0761165618896
143700,36.7148284912109,19.6813831329346
143850,38.078914642334,20.9703102111816
144000,36.5483741760254,20.0584754943848
144150,37.4159927368164,20.7784976959228
144300,37.2569046020508,19.4497718811035
144450,36.5589981079102,20.4930877685547
144600,34.8745574951172,19.2016181945801
144750,38.8200187683105,20.4040641784668
144900,36.5119552612305,20.1163024902344
145050,36.0323295593262,20.3879337310791
145200,36.7983245849609,21.0949535369873
145350,34.7024154663086,21.4411163330078
145500,36.8078460693359,20.5512638092041
145650,37.5539588928223,20.2973899841309
145800,38.353588104248,20.6589374542236
145950,36.1580848693848,20.2219772338867
146100,36.9256896972656,19.6470146179199
146250,36.2804145812988,19.7736587524414
146400,34.9813537597656,20.0663032531738
146550,37.0020332336426,20.6751594543457
146700,36.7003631591797,20.1466674804688
146850,35.6606597900391,20.6746425628662
147000,34.5494804382324,20.4185791015625
147150,36.2376251220703,20.0164909362793
147300,37.1611709594727,19.8624305725098
147450,37.6114959716797,20.370532989502
147600,38.311637878418,20.2237739562988
147750,37.9756813049316,20.2796535491943
147900,37.1714401245117,20.6045761108398
148050,37.7952766418457,21.3836441040039
148200,37.0370635986328,21.3692951202393
148350,36.8458213806152,20.5128555297852
148500,37.582836151123,19.8729496002197
148650,36.517162322998,20.722843170166
148800,37.1994934082031,19.6190776824951
148950,37.0543098449707,19.8338222503662
149100,37.038402557373,20.0114040374756
149250,38.0921783447266,19.6849231719971
149400,36.0883941650391,21.001148223877
149550,34.9534530639648,19.7967567443848
149700,36.0125923156738,19.83127784729
149850,37.7499580383301,19.9826068878174
150000,37.0047607421875,20.3371734619141
150150,36.4822845458984,20.841028213501
150300,36.8595657348633,20.2183265686035
150450,36.4811363220215,19.2940883636475
150600,37.2594261169434,20.0679340362549
150750,36.1355285644531,18.7670154571533
150900,36.4729118347168,19.6891078948975
151050,35.7735977172852,19.7677593231201
151200,37.143138885498,18.7254810333252
151350,36.9210205078125,20.1828784942627
151500,35.0432052612305,19.7315883636475
151650,36.5805969238281,19.860990524292
151800,37.7298164367676,19.7262916564941
151950,36.4774780273437,19.2817039489746
152100,36.5003051757812,19.3023166656494
152250,37.0378265380859,19.2742347717285
152400,36.8535804748535,20.383810043335
152550,36.2821044921875,20.0957565307617
152700,36.3134155273437,20.0809345245361
152850,36.4507904052734,19.5659732818604
153000,36.4498825073242,20.0976829528809
153150,36.8245086669922,19.5512638092041
153300,36.5744895935059,20.2852363586426
153450,35.9379806518555,20.2266807556152
153600,37.0778007507324,20.4692096710205
153750,37.0201263427734,19.7540054321289
153900,36.5994606018066,20.1707401275635
154050,37.3537254333496,20.8363132476807
154200,37.7273025512695,20.4349460601807
154350,36.6763610839844,20.137077331543
154500,37.067512512207,20.8538341522217
154650,36.7895660400391,20.4099464416504
154800,37.7198905944824,19.4174995422363
154950,37.1597709655762,19.9827327728271
155100,36.6788330078125,19.7004318237305
155250,37.6510314941406,19.9664993286133
155400,36.7296333312988,20.2538375854492
155550,37.1983489990234,20.6274185180664
155700,36.3252334594727,20.2723712921143
155850,37.6822891235352,20.6680088043213
156000,35.857105255127,20.8287982940674
156150,35.0706329345703,19.8984642028809
156300,35.5297431945801,20.3501377105713
156450,37.1170768737793,19.8921737670898
156600,35.5527000427246,20.6794681549072
156750,35.5139541625977,20.3972568511963
156900,36.0112190246582,20.6104545593262
157050,33.9914321899414,19.6604118347168
157200,36.415470123291,20.0597858428955
157350,36.1772422790527,20.0135307312012
157500,36.8373146057129,20.7711486816406
157650,36.8972282409668,20.0930690765381
157800,36.2429847717285,20.4142608642578
157950,36.5339202880859,19.041187286377
158100,36.977611541748,20.1924591064453
158250,38.1878547668457,19.2372760772705
158400,37.6974639892578,19.9224643707275
158550,36.591552734375,20.3066253662109
158700,37.5162925720215,20.9737567901611
158850,36.6087265014648,20.803050994873
159000,37.6766014099121,20.8795967102051
159150,38.6497039794922,20.42258644104
159300,37.0993003845215,20.4047775268555
159450,37.7712364196777,21.2060317993164
159600,37.881477355957,19.9866886138916
159750,37.5037155151367,21.1908645629883
159900,37.2881927490234,21.1589431762695
160050,36.2178039550781,20.2427234649658
160200,35.9299087524414,19.9950351715088
160350,37.2632179260254,21.1867713928223
160500,37.3886909484863,22.4160346984863
160650,37.9583206176758,19.7345275878906
160800,36.7006530761719,20.603401184082
160950,35.291805267334,21.2719192504883
161100,36.0317916870117,21.8390522003174
161250,35.7370948791504,21.31276512146
161400,37.1513366699219,20.7480659484863
161550,36.7623138427734,22.3657989501953
161700,35.4515380859375,20.215274810791
161850,35.7726287841797,21.7221336364746
162000,35.1967506408691,21.0440464019775
162150,36.5566329956055,20.433967590332
162300,36.426628112793,20.452054977417
162450,36.0184364318848,21.1325740814209
162600,36.3978691101074,20.9541931152344
162750,37.3465423583984,21.3050708770752
162900,37.3963165283203,20.596155166626
163050,35.3293838500977,20.2946472167969
163200,35.0781211853027,20.353235244751
163350,35.4017868041992,20.2118949890137
163500,35.2878189086914,19.8197803497314
163650,37.7565727233887,20.5843963623047
163800,36.1584434509277,20.7749195098877
163950,36.8808212280273,19.6739349365234
164100,35.9889030456543,21.1487007141113
164250,35.7868690490723,19.7075309753418
164400,35.6885833740234,19.880729675293
164550,35.1291809082031,20.5681343078613
164700,36.7589225769043,19.4748992919922
164850,36.6192398071289,19.0942401885986
165000,35.7595520019531,20.0262889862061
165150,36.4580230712891,19.609769821167
165300,36.1242446899414,19.8415775299072
165450,36.4066047668457,20.1224422454834
165600,34.8568077087402,20.2408485412598
165750,36.0625686645508,20.8879261016846
165900,36.8025856018066,20.1848659515381
166050,36.459358215332,21.8177871704102
166200,35.4069671630859,19.4738521575928
166350,36.9893188476563,20.7606506347656
166500,36.2449150085449,19.8148288726807
166650,35.5349311828613,20.4691314697266
166800,35.7603874206543,20.8247566223145
166950,36.1718559265137,19.8179016113281
167100,36.5697174072266,19.1332225799561
167250,36.4638137817383,19.097448348999
167400,35.6901168823242,19.6368923187256
167550,36.2519798278809,19.0834941864014
167700,36.1660995483398,18.9027538299561
167850,36.3796997070312,20.1273765563965
168000,35.8451614379883,19.7615795135498
168150,36.1126823425293,19.3228721618652
168300,34.746452331543,20.1621227264404
168450,36.808967590332,20.3217658996582
168600,35.8829727172852,19.7208633422852
168750,36.3155479431152,18.8601741790771
168900,35.8282470703125,19.346321105957
169050,35.3741912841797,19.387716293335
169200,35.1171035766602,19.2319869995117
169350,34.1565856933594,19.6228866577148
169500,36.2029037475586,19.1701908111572
169650,36.2224884033203,19.1140975952148
169800,36.5780143737793,19.0811023712158
169950,35.9092445373535,19.0245475769043
170100,36.9737701416016,19.6607131958008
170250,36.2981376647949,19.408073425293
170400,38.0855102539062,19.512939453125
170550,37.5948486328125,19.11572265625
170700,38.2650108337402,18.5963268280029
170850,36.490852355957,19.0376396179199
171000,35.7356414794922,19.4089031219482
171150,36.01171875,19.0605964660645
171300,36.0774955749512,19.7916126251221
171450,34.9713249206543,19.0208377838135
171600,35.4140663146973,19.5353393554688
171750,35.4214820861816,18.9753246307373
171900,35.693000793457,19.1013278961182
172050,36.0097885131836,19.178150177002
172200,36.6220664978027,19.4020862579346
172350,36.9034042358398,18.5675182342529
172500,35.5684928894043,19.7843742370605
172650,35.8037757873535,19.4748287200928
172800,36.5510330200195,19.0606689453125
172950,35.3598442077637,18.9823703765869
173100,34.8787612915039,20.1815166473389
173250,36.379093170166,18.8015518188477
173400,35.8084259033203,18.944278717041
173550,36.6017570495605,19.3604888916016
173700,35.6368789672852,19.1282043457031
173850,35.5499725341797,18.7822303771973
174000,36.8176765441895,18.873405456543
174150,35.0410766601563,19.3180694580078
174300,34.4809837341309,19.4959888458252
174450,35.1487083435059,19.6973819732666
174600,34.3633003234863,19.0877170562744
174750,35.419979095459,18.9920654296875
174900,35.9246406555176,19.030818939209
175050,35.2457313537598,19.4615421295166
175200,35.1008834838867,19.1580581665039
175350,34.8599090576172,18.586742401123
175500,34.8478622436523,18.3337917327881
175650,35.2131271362305,19.3526248931885
175800,34.4821395874023,19.5733871459961
175950,36.1205215454102,19.1770191192627
176100,37.2383728027344,19.401008605957
176250,37.3465690612793,18.609188079834
176400,35.3887939453125,18.911979675293
176550,36.3543281555176,19.1816749572754
176700,35.4932441711426,18.876184463501
176850,36.1207046508789,19.3410053253174
177000,35.3985595703125,18.8902282714844
177150,36.8246726989746,18.6044521331787
177300,35.7451286315918,19.075553894043
177450,35.9341125488281,18.6196517944336
177600,37.0181503295898,19.0223178863525
177750,37.187816619873,18.8235893249512
177900,35.3001136779785,19.7392578125
178050,36.4339141845703,19.585205078125
178200,36.0386924743652,18.5621948242187
178350,35.7275161743164,19.1272163391113
178500,36.0703926086426,20.6383419036865
178650,34.3888359069824,19.2053642272949
178800,36.5844764709473,18.6720523834229
178950,35.3181762695313,18.6776332855225
179100,35.5801277160645,18.8809509277344
179250,36.9773406982422,18.4532470703125
179400,35.3157577514648,18.8401718139648
179550,35.134578704834,18.9030914306641
179700,34.9239921569824,18.7319393157959
179850,35.9933319091797,19.0987319946289
180000,35.906494140625,19.0942668914795
180150,36.0133361816406,19.314151763916
180300,36.9383544921875,18.4219074249268
180450,37.0619621276855,18.9334449768066
180600,36.8725242614746,19.2815284729004
180750,34.7576904296875,19.0693035125732
180900,37.2040138244629,18.8652286529541
181050,36.7512397766113,18.7553424835205
181200,36.9506378173828,19.1236381530762
181350,37.3945198059082,19.0283298492432
181500,36.3449058532715,18.782958984375
181650,36.3806343078613,19.5089874267578
181800,36.5093116760254,18.993616104126
181950,37.5626640319824,19.3200397491455
182100,38.1664848327637,18.328239440918
182250,35.935863494873,18.3057804107666
182400,37.9037399291992,19.2758178710938
182550,37.9323844909668,18.898193359375
182700,36.8742752075195,19.3293304443359
182850,38.030460357666,18.6660385131836
183000,36.3505935668945,19.6620330810547
183150,37.9328308105469,18.8431091308594
183300,37.2272682189941,18.6032485961914
183450,37.646656036377,18.7009449005127
183600,38.479305267334,19.1106662750244
183750,36.7843818664551,18.3298568725586
183900,37.9770889282227,18.8073387145996
184050,36.9098472595215,19.0931720733643
184200,39.5708808898926,18.9892425537109
184350,37.214241027832,18.8932514190674
184500,39.1463356018066,18.7816162109375
184650,37.7838745117187,17.7580089569092
184800,36.2669258117676,18.9109668731689
184950,38.1740379333496,18.5332565307617
185100,38.3990020751953,19.4240379333496
185250,36.4564552307129,18.1602878570557
185400,37.5465660095215,18.2262096405029
185550,37.2972602844238,18.4683055877686
185700,36.5672378540039,18.5584030151367
185850,37.5443725585937,18.5608825683594
186000,37.5647888183594,18.3307075500488
186150,36.1430282592773,18.7006340026855
186300,38.0258636474609,19.421932220459
186450,37.3257446289062,18.7164001464844
186600,37.5919609069824,19.2277584075928
186750,37.2188911437988,18.8717613220215
186900,36.248950958252,18.3443870544434
187050,36.2098541259766,19.7536430358887
187200,35.9951286315918,18.5924739837646
187350,36.6244888305664,18.7676486968994
187500,37.4145774841309,19.3230876922607
187650,36.4633255004883,18.5877952575684
187800,35.4477767944336,18.8710765838623
187950,37.4080123901367,19.0820598602295
188100,37.5638389587402,19.19997215271
188250,35.9145240783691,19.0977649688721
188400,36.5042037963867,19.5489521026611
188550,36.2849082946777,18.978458404541
188700,36.9488945007324,18.5557441711426
188850,35.9161758422852,18.4730186462402
189000,37.016902923584,19.7370452880859
189150,35.4197158813477,19.2002601623535
189300,37.5103721618652,18.1218929290771
189450,37.1787338256836,20.2387180328369
189600,37.154914855957,19.8946971893311
189750,36.7508506774902,19.1440925598145
189900,37.7936973571777,18.7300891876221
190050,36.7085723876953,18.5013790130615
190200,37.8002243041992,19.1078586578369
190350,36.936092376709,18.7372932434082
190500,37.0039901733398,17.9562187194824
190650,36.1144828796387,18.656909942627
190800,36.7076187133789,18.5408000946045
190950,36.2031440734863,18.2809963226318
191100,36.5666046142578,18.5349159240723
191250,36.0351333618164,18.5738773345947
191400,35.4580841064453,19.0721130371094
191550,36.5614280700684,18.1254291534424
191700,37.295597076416,18.2639312744141
191850,36.9776191711426,18.5424671173096
192000,37.6790924072266,18.6260814666748
192150,37.1447296142578,19.0757122039795
192300,35.9177474975586,19.2679710388184
192450,37.0106391906738,17.9734802246094
192600,35.9564819335937,19.4836959838867
192750,35.8912620544434,18.6581287384033
192900,35.4941596984863,18.8002433776855
193050,35.9013290405273,19.2761878967285
193200,35.7500267028809,17.3999881744385
193350,34.9237518310547,18.6172294616699
193500,36.435791015625,18.392972946167
193650,37.1501846313477,17.7935695648193
193800,36.1744613647461,18.7791690826416
193950,35.7592849731445,17.9279766082764
194100,36.6887397766113,18.6058616638184
194250,35.596305847168,18.2827568054199
194400,35.0912055969238,18.2614097595215
194550,35.300464630127,18.2564392089844
194700,36.7385406494141,18.3653984069824
194850,36.1338920593262,18.9064540863037
195000,36.221981048584,18.5022315979004
195150,36.4211578369141,18.3955402374268
195300,37.8636932373047,18.8033103942871
195450,35.278205871582,19.2746715545654
195600,37.1172523498535,19.2151527404785
195750,36.513744354248,19.1066799163818
195900,35.5745010375977,18.911678314209
196050,36.8000679016113,17.8752975463867
196200,35.6141395568848,18.0799674987793
196350,36.0488586425781,18.7043552398682
196500,36.7697906494141,19.7885684967041
196650,36.1037406921387,18.5008583068848
196800,36.3722839355469,19.2203369140625
196950,35.9568901062012,19.6007633209229
197100,37.2733879089355,18.9758052825928
197250,37.6131439208984,18.7445068359375
197400,36.8403472900391,18.7398319244385
197550,35.9252471923828,18.6950340270996
197700,36.6682815551758,18.5009708404541
197850,37.5232276916504,18.5198421478271
198000,34.5536918640137,20.0119380950928
198150,37.1264419555664,19.4613647460938
198300,36.4524269104004,19.2630424499512
198450,36.6969947814941,19.2173442840576
198600,38.4579162597656,19.4095325469971
198750,36.7828063964844,19.1917362213135
198900,37.280876159668,18.544490814209
199050,37.2957954406738,18.660364151001
199200,36.8784790039062,19.3551483154297
199350,38.0269165039062,18.4054527282715
199500,39.0074653625488,18.6701049804687
199650,37.4968643188477,18.5138244628906
199800,36.8712043762207,19.202844619751
199950,35.8818740844727,18.3845386505127
200100,36.158863067627,18.3711471557617
200250,36.4451293945312,18.8634910583496
200400,37.4226226806641,19.1020603179932
200550,37.6066856384277,18.3988380432129
200700,37.0157890319824,18.8859233856201
200850,36.514030456543,19.3562831878662
201000,38.4107208251953,19.6642417907715
201150,36.626350402832,19.1960926055908
201300,37.3854598999023,18.4766788482666
201450,38.4178237915039,18.6405925750732
201600,35.1982803344727,19.6869621276855
201750,36.8962669372559,18.7392158508301
201900,35.3746643066406,18.7561187744141
202050,35.8004722595215,18.8728618621826
202200,35.3156127929687,19.1835021972656
202350,35.3943862915039,18.8730411529541
202500,35.3139381408691,19.2049655914307
202650,36.0554237365723,19.3376293182373
202800,37.1766624450684,19.2082786560059
202950,35.5415573120117,19.3973789215088
203100,35.7005958557129,17.9437046051025
203250,35.5782432556152,18.2107028961182
203400,36.8916244506836,18.9510593414307
203550,36.4304656982422,18.4783382415771
203700,36.4123001098633,18.862283706665
203850,37.1664619445801,18.2508029937744
204000,36.5480651855469,18.7864036560059
204150,36.8910713195801,19.1190242767334
204300,37.2378311157227,18.6193733215332
204450,35.6814880371094,18.8985652923584
204600,37.7223129272461,19.5674571990967
204750,37.0281295776367,18.7588481903076
204900,36.5138778686523,19.0448722839355
205050,36.1129493713379,18.9115161895752
205200,34.755012512207,19.2254161834717
205350,35.572940826416,18.2980442047119
205500,36.4003868103027,17.8921718597412
205650,37.5688514709473,18.3253479003906
205800,35.9098663330078,18.527759552002
205950,36.5527839660645,19.2911815643311
206100,35.9025192260742,18.9304027557373
206250,36.7752075195312,18.7662696838379
206400,35.6858863830566,18.725004196167
206550,36.8577919006348,18.2649250030518
206700,37.471736907959,18.390043258667
206850,36.1114044189453,18.9947147369385
207000,36.9672050476074,18.6135959625244
207150,37.1293754577637,19.1230602264404
207300,35.9153861999512,17.7723712921143
207450,36.8360137939453,18.6972637176514
207600,37.3388366699219,18.3035144805908
207750,34.9148597717285,18.833137512207
207900,35.8248481750488,18.9110260009766
208050,35.3336715698242,19.4586963653564
208200,37.3809356689453,18.3798847198486
208350,36.2329330444336,19.0358810424805
208500,36.5340576171875,19.2414035797119
208650,36.5064430236816,18.9872970581055
208800,37.231819152832,18.7337608337402
208950,37.9484481811523,18.7118186950684
209100,36.9089698791504,18.4102821350098
209250,37.3144493103027,18.8181343078613
209400,37.0805053710937,18.7430801391602
209550,36.7581253051758,18.6396636962891
209700,37.0979156494141,19.0250148773193
209850,36.7278175354004,18.7123794555664
210000,36.7048110961914,18.6192588806152
210150,37.5627822875977,18.9486179351807
210300,38.4404945373535,18.4359912872314
210450,36.4394836425781,18.9880962371826
210600,36.2604789733887,18.2076988220215
210750,36.6588439941406,18.698600769043
210900,37.3784027099609,17.80837059021
211050,37.8013877868652,18.4921112060547
211200,37.481315612793,17.3300094604492
211350,36.5719146728516,17.7009315490723
211500,37.3859519958496,18.2458438873291
211650,36.7229537963867,17.9907875061035
211800,37.7938766479492,18.7112445831299
211950,37.6467437744141,18.7355289459229
212100,36.6897048950195,17.3867454528809
212250,37.5532264709473,19.0498886108398
212400,38.1784973144531,18.2965545654297
212550,37.2039794921875,18.404317855835
212700,38.0243453979492,18.5862197875977
212850,38.2251472473145,18.1626567840576
213000,38.1994934082031,17.8918952941895
213150,38.347225189209,18.4602718353271
213300,38.2156105041504,18.2213077545166
213450,37.2775115966797,18.4015483856201
213600,37.796573638916,18.1595706939697
213750,37.1797218322754,18.5133228302002
213900,36.9854583740234,18.69118309021
214050,37.5992126464844,18.6259498596191
214200,37.3454360961914,18.1953678131104
214350,36.5251808166504,18.0583000183105
214500,37.2419967651367,18.5097827911377
214650,36.2659301757812,17.9439334869385
214800,36.5791130065918,18.3602085113525
214950,35.9914283752441,18.1241493225098
215100,37.9409141540527,18.4581031799316
215250,38.097053527832,17.6979331970215
215400,36.931812286377,18.3271293640137
215550,37.7379035949707,17.4461536407471
215700,36.1683044433594,18.0674419403076
215850,37.0736312866211,18.0239200592041
216000,37.2899131774902,18.7274894714355
216150,37.7852478027344,17.7205352783203
216300,37.414249420166,18.1969451904297
216450,37.6441268920898,18.3475151062012
216600,35.7540054321289,18.3355960845947
216750,38.2000846862793,17.7409610748291
216900,37.4829025268555,17.4152393341064
217050,37.8339233398437,18.671070098877
217200,37.6478157043457,18.4580383300781
217350,36.249195098877,18.7829341888428
217500,37.374626159668,18.0586357116699
217650,36.9893798828125,17.6356086730957
217800,37.8492012023926,18.9202289581299
217950,37.9028091430664,17.7873477935791
218100,37.324779510498,18.1922874450684
218250,37.9846343994141,17.8215160369873
218400,37.4885482788086,17.9805927276611
218550,38.6235046386719,18.3716831207275
218700,37.5237998962402,18.2151851654053
218850,36.8653831481934,18.2608776092529
219000,37.2644882202148,18.2726268768311
219150,38.0726699829102,18.2555408477783
219300,37.8881721496582,18.2286357879639
219450,37.767448425293,18.0801181793213
219600,37.4616241455078,19.0604476928711
219750,36.2701187133789,18.6999645233154
219900,35.5887832641602,18.9427051544189
220050,36.8974685668945,18.8267784118652
220200,36.4246711730957,18.7797756195068
220350,36.5668869018555,17.9379425048828
220500,37.5891609191895,18.3727207183838
220650,35.0182800292969,18.8430461883545
220800,36.0608367919922,17.7261829376221
220950,36.2518844604492,18.7638874053955
221100,36.8583106994629,18.0436019897461
221250,36.4302024841309,18.4672927856445
221400,36.0668029785156,18.2554912567139
221550,37.540168762207,18.0876331329346
221700,36.4644355773926,18.9160747528076
221850,36.4705619812012,19.0593280792236
222000,35.1633377075195,18.1377658843994
222150,35.9143486022949,18.2960205078125
222300,35.3644676208496,17.486400604248
222450,36.6630401611328,18.9725303649902
222600,35.8410453796387,18.9974746704102
222750,36.2825775146484,18.6743278503418
222900,37.0987281799316,18.96311378479
223050,36.065601348877,18.7034664154053
223200,35.8736763000488,19.2122917175293
223350,36.0699577331543,19.1020889282227
223500,38.3442268371582,19.1192989349365
223650,35.7397193908691,19.115478515625
223800,35.0491218566895,18.6663455963135
223950,36.5063323974609,18.6854362487793
224100,36.9163246154785,18.804105758667
224250,35.5564727783203,17.9161682128906
224400,36.3351097106934,18.585521697998
224550,36.6201553344727,18.9004344940186
224700,36.4137115478516,18.4465847015381
224850,36.858715057373,19.2511253356934
225000,36.9472274780273,19.3538570404053
225150,36.3369598388672,18.7412414550781
225300,37.4821128845215,18.4731159210205
225450,37.5623931884766,19.1656074523926
225600,36.1181373596191,18.7640228271484
225750,36.7330665588379,18.470760345459
225900,36.6939544677734,18.2504596710205
226050,35.0654029846191,18.7963581085205
226200,35.4944305419922,17.5888271331787
226350,35.7970352172852,18.627628326416
226500,35.8862495422363,18.8076877593994
226650,35.7380981445313,18.9099273681641
226800,35.5877685546875,19.5535697937012
226950,36.7724075317383,19.1307754516602
227100,35.493034362793,18.6971282958984
227250,36.7701950073242,19.0421257019043
227400,36.5469245910645,18.3336658477783
227550,36.8483428955078,19.0056343078613
227700,37.6068878173828,19.0496883392334
227850,35.9141693115234,18.7548503875732
228000,36.9841804504395,19.199878692627
228150,36.0145797729492,19.4797477722168
228300,36.3298263549805,18.8232574462891
228450,36.9702758789062,18.2739524841309
228600,36.5910263061523,19.1939144134521
228750,36.8682518005371,19.0750274658203
228900,36.368335723877,19.508861541748
229050,36.5804176330566,18.8228054046631
229200,37.2957534790039,18.8784770965576
229350,37.9284477233887,18.9247150421143
229500,36.4660034179687,19.0423145294189
229650,38.3397445678711,18.5718612670898
229800,37.0141334533691,19.393705368042
229950,37.1449394226074,19.3125057220459
230100,37.8480911254883,19.4176731109619
230250,38.4744415283203,18.8773555755615
230400,37.3361778259277,18.5089244842529
230550,35.8862037658691,18.6938781738281
230700,36.8439826965332,18.4932098388672
230850,36.9159698486328,18.7108669281006
231000,37.1866836547852,18.9512062072754
231150,37.3567924499512,18.4352855682373
231300,35.474422454834,19.8893852233887
231450,37.4041862487793,18.287109375
231600,36.9304656982422,18.0932903289795
231750,35.9359970092773,18.8810195922852
231900,35.4359970092773,19.2701244354248
232050,34.9800834655762,18.6374549865723
232200,35.6743507385254,18.4978904724121
232350,36.6850852966309,18.3871173858643
232500,38.1256141662598,19.0834083557129
232650,36.037525177002,18.5212688446045
232800,37.1944541931152,18.3961162567139
232950,35.7093887329102,18.5139331817627
233100,36.2682342529297,18.7295227050781
233250,35.9453163146973,18.8122863769531
233400,36.6423988342285,19.524808883667
233550,37.6752738952637,19.3860912322998
233700,37.8506469726562,18.6734962463379
233850,37.8089904785156,18.9103851318359
234000,36.9113655090332,18.803409576416
234150,36.7952079772949,18.9903106689453
234300,36.9169731140137,19.3233623504639
234450,36.9184761047363,18.3028221130371
234600,37.3727035522461,18.766996383667
234750,36.3999977111816,19.4450969696045
234900,37.7426376342773,19.0863227844238
235050,36.6660614013672,18.9945487976074
235200,37.1050071716309,19.2740936279297
235350,37.2905197143555,18.7341480255127
235500,36.878116607666,18.9907646179199
235650,37.1337738037109,18.8052825927734
235800,37.4506645202637,18.8659763336182
235950,36.7592468261719,20.1848926544189
236100,35.982349395752,19.0500869750977
236250,36.0143775939941,19.1950302124023
236400,35.9956245422363,19.963472366333
236550,36.5362968444824,19.6232147216797
236700,37.7514762878418,19.2225494384766
236850,35.9063301086426,18.8622550964355
237000,36.8785743713379,18.7137222290039
237150,35.8033790588379,19.9562225341797
237300,37.5644950866699,19.0433521270752
237450,36.4701728820801,18.3071002960205
237600,37.5562973022461,19.4072399139404
237750,36.0602188110352,18.5427570343018
237900,35.8963203430176,19.137336730957
238050,35.6233329772949,18.5780410766602
238200,35.9767417907715,19.0353965759277
238350,36.1805839538574,19.1538219451904
238500,36.8315200805664,17.7485084533691
238650,35.6753807067871,18.3122158050537
238800,36.8117904663086,17.6933784484863
238950,35.6764640808105,19.5232601165771
239100,35.8775978088379,18.447925567627
239250,36.5891494750977,18.2130527496338
239400,35.5998992919922,19.1989936828613
239550,34.9697341918945,18.9734973907471
239700,35.5088996887207,18.6155853271484
239850,36.9270782470703,19.0847110748291
240000,36.5702438354492,18.4581508636475
240150,36.6083450317383,19.060718536377
240300,36.5814476013184,19.6095657348633
240450,36.5678939819336,19.8017635345459
240600,37.2535552978516,19.351188659668
240750,37.5992240905762,18.1700439453125
240900,37.586296081543,19.1223278045654
241050,36.9096412658691,18.0595035552979
241200,36.2687644958496,19.633975982666
241350,36.0068893432617,18.9875526428223
241500,35.8621673583984,18.5950736999512
241650,36.8834228515625,19.2228908538818
241800,36.2463760375977,18.664945602417
241950,38.2953147888184,19.2060794830322
242100,37.5590438842773,18.6516857147217
242250,37.3167419433594,19.2806930541992
242400,37.5810623168945,19.320426940918
242550,36.1451225280762,19.6696395874023
242700,36.3229522705078,19.0315570831299
242850,36.7707366943359,18.0759124755859
243000,35.9824752807617,18.8545436859131
243150,37.7417221069336,17.9143142700195
243300,36.8812561035156,18.2205982208252
243450,36.6496238708496,18.6983470916748
243600,37.5025901794434,17.6410121917725
243750,35.7104606628418,18.1797637939453
243900,36.8775520324707,17.9371280670166
244050,36.4144859313965,18.3316020965576
244200,37.1807098388672,18.6124725341797
244350,37.1033020019531,18.2358283996582
244500,37.8815803527832,18.1013431549072
244650,37.0082550048828,18.5234279632568
244800,37.4352722167969,18.537073135376
244950,38.330924987793,18.0939102172852
245100,37.4018440246582,17.4344444274902
245250,36.9737243652344,17.9196090698242
245400,36.7716026306152,18.8190498352051
245550,36.3712425231934,18.2062301635742
245700,36.4398384094238,18.3776569366455
245850,36.6203918457031,18.4985942840576
246000,37.867359161377,17.2646923065186
246150,37.1400337219238,17.7237205505371
246300,36.1060066223145,17.9391307830811
246450,36.3959197998047,18.4582233428955
246600,37.0702323913574,17.9452114105225
246750,36.3001022338867,18.1841430664063
246900,35.9399566650391,17.9447231292725
247050,36.3420753479004,17.8672981262207
247200,36.5316276550293,18.5716743469238
247350,36.4528656005859,18.1669464111328
247500,37.1771926879883,18.4196300506592
247650,39.0255088806152,17.872859954834
247800,37.6567077636719,17.5933609008789
247950,36.7474021911621,18.7380352020264
248100,37.2001037597656,18.5291271209717
248250,36.8630332946777,18.3945541381836
248400,36.4415245056152,18.2985095977783
248550,36.9065093994141,18.5168857574463
248700,38.6339492797852,18.8957996368408
248850,35.7830467224121,19.0891571044922
249000,36.6690063476562,18.6109828948975
249150,36.7819366455078,18.1663341522217
249300,36.7695045471191,18.8099784851074
249450,36.3335571289062,17.8892612457275
249600,37.2860717773437,17.4920406341553
249750,35.9964599609375,17.770206451416
249900,36.5188980102539,18.6369018554688
250050,36.5863189697266,18.4272174835205
250200,37.2816276550293,18.8657188415527
250350,37.4927291870117,18.2335739135742
250500,37.6326065063477,18.2687168121338
250650,36.6337966918945,17.9382934570312
250800,37.0163497924805,18.5588607788086
250950,37.2116889953613,18.112340927124
251100,37.6881790161133,18.7583332061768
251250,37.4807968139648,17.8748188018799
251400,38.0716323852539,16.7671928405762
251550,37.0020866394043,18.5495204925537
251700,38.0586242675781,18.1567134857178
251850,36.3592376708984,18.4182891845703
252000,36.2049255371094,18.3262100219727
252150,36.0627861022949,17.9837188720703
252300,36.4945182800293,17.9122200012207
252450,37.1112403869629,18.8452892303467
252600,35.9215469360352,18.7925720214844
252750,35.7817077636719,19.3699169158936
252900,36.7474899291992,17.7742137908936
253050,37.4178695678711,18.4686050415039
253200,36.9539947509766,18.7196063995361
253350,37.3936233520508,19.4021034240723
253500,37.6207008361816,18.920223236084
253650,37.8198661804199,18.1767539978027
253800,36.7509002685547,17.9553623199463
253950,37.7362403869629,18.5787830352783
254100,37.5974197387695,18.0904369354248
254250,36.5860214233398,18.5607852935791
254400,37.8652267456055,18.8616046905518
254550,37.5192489624023,18.4844665527344
254700,38.548526763916,18.9618892669678
254850,37.4566841125488,17.7454719543457
255000,37.3526840209961,18.2181434631348
255150,37.2949829101562,18.0777931213379
255300,38.3542175292969,18.8975715637207
255450,37.3034057617187,18.6117362976074
255600,37.6807708740234,17.3397102355957
255750,36.7408332824707,17.9693489074707
255900,37.6266937255859,17.8349437713623
256050,37.7607574462891,18.331148147583
256200,37.7637519836426,18.7789707183838
256350,38.041633605957,17.8607387542725
256500,36.9612426757813,17.9189529418945
256650,37.6022338867187,17.9549369812012
256800,36.7179985046387,18.7368679046631
256950,38.2403297424316,18.4074554443359
257100,37.5967140197754,18.3640041351318
257250,37.7738342285156,17.8608512878418
257400,37.6097526550293,18.4652690887451
257550,38.354793548584,17.5640277862549
257700,38.8717613220215,17.7497501373291
257850,38.4686393737793,18.73366355896
258000,38.7919578552246,18.7667999267578
258150,37.8016357421875,18.5605392456055
258300,37.9353981018066,18.360408782959
258450,37.8108978271484,18.5990219116211
258600,38.2067489624023,18.0880851745605
258750,38.8213195800781,18.0172824859619
258900,36.3267402648926,18.3583812713623
259050,38.1218299865723,17.3447780609131
259200,37.0808410644531,18.2392349243164
259350,37.565559387207,18.1546421051025
259500,38.5196800231934,17.9535312652588
259650,38.2185707092285,18.0816116333008
259800,36.7758636474609,17.9460945129395
259950,37.8791465759277,18.2142238616943
260100,37.389949798584,18.7096500396729
260250,37.2846412658691,18.1658973693848
260400,37.4676551818848,17.4952945709229
260550,36.6375350952148,18.168773651123
260700,37.5808486938477,18.2609577178955
260850,35.1333389282227,17.5403900146484
261000,36.235954284668,18.2964019775391
261150,36.7002868652344,18.0622501373291
261300,36.2110214233398,18.509334564209
261450,36.6532936096191,18.0110168457031
261600,37.3241767883301,17.9738578796387
261750,36.9237823486328,18.087776184082
261900,36.8625564575195,18.6785888671875
262050,37.2999610900879,17.8769760131836
262200,36.4487648010254,17.8555297851563
262350,36.7738838195801,18.0992603302002
262500,36.4301910400391,17.2105007171631
262650,36.1754035949707,18.0188674926758
262800,36.5266571044922,17.6293869018555
262950,36.1053276062012,17.7840614318848
263100,35.8373222351074,17.8786239624023
263250,37.5554962158203,17.9079780578613
263400,37.1906700134277,18.21608543396
263550,37.9085311889648,16.9428234100342
263700,37.9805564880371,17.8893985748291
263850,38.0128288269043,18.3248748779297
264000,38.8068084716797,17.7542858123779
264150,38.2853698730469,17.2263870239258
264300,37.175048828125,18.1392440795898
264450,37.0330085754395,18.51145362854
264600,36.3348159790039,18.2173461914062
264750,36.7957534790039,17.4440670013428
264900,36.9863891601562,17.6013774871826
265050,37.5553550720215,17.1205368041992
265200,37.9882621765137,18.3163433074951
265350,37.1516761779785,17.6289386749268
265500,38.224666595459,18.0595550537109
265650,37.7814903259277,17.8525390625
265800,37.869800567627,17.9209251403809
265950,36.5407104492188,18.5826282501221
266100,37.0220565795898,18.3444347381592
266250,36.3678512573242,18.0221519470215
266400,37.2100677490234,18.5246486663818
266550,36.4496994018555,17.2109394073486
266700,36.78759765625,17.6850299835205
266850,36.6758041381836,18.263879776001
267000,36.7808609008789,18.2057209014893
267150,37.8425483703613,17.7387008666992
267300,36.6959686279297,18.4138622283936
267450,37.0571594238281,17.8972263336182
267600,38.250129699707,17.8081817626953
267750,38.0620384216309,17.4146118164062
267900,37.794548034668,18.1954479217529
268050,37.512035369873,18.1124610900879
268200,36.738151550293,18.7061061859131
268350,35.7959098815918,19.1484298706055
268500,36.2785110473633,18.8492774963379
268650,36.8461837768555,18.4326152801514
268800,36.8683319091797,18.1189193725586
268950,36.7590942382812,18.4231700897217
269100,37.803638458252,18.5462875366211
269250,36.7072257995605,18.6798667907715
269400,38.0561828613281,18.2327976226807
269550,37.7134780883789,17.8101005554199
269700,36.7958869934082,18.0579986572266
269850,36.1062622070312,18.3688888549805
270000,37.1999359130859,18.1003322601318
270150,37.461181640625,18.4309940338135
270300,37.7883262634277,18.1497287750244
270450,37.6075096130371,17.8114528656006
270600,37.1224212646484,17.7838249206543
270750,36.5453414916992,18.1009540557861
270900,38.0634117126465,18.0287780761719
271050,37.7257347106934,17.8838901519775
271200,36.4809494018555,18.2602825164795
271350,36.3450889587402,18.2351627349854
271500,37.6367301940918,18.9035320281982
271650,38.4580917358398,17.6378688812256
271800,36.9603881835937,18.2157325744629
271950,37.6385269165039,17.660327911377
272100,37.260684967041,18.6024417877197
272250,38.1655883789062,18.9810657501221
272400,38.0405731201172,18.3247241973877
272550,37.9232978820801,18.5207538604736
272700,37.4221611022949,17.6139850616455
272850,37.1688842773437,19.0718994140625
273000,37.4581260681152,18.2398719787598
273150,35.9667015075684,18.2369842529297
273300,36.759937286377,18.9272899627686
273450,36.7700271606445,18.247371673584
273600,37.633861541748,18.0597991943359
273750,38.2736358642578,18.3914852142334
273900,37.6523895263672,17.7301731109619
274050,37.786922454834,19.0555953979492
274200,36.9459571838379,18.7217769622803
274350,36.9297142028809,19.023998260498
274500,37.6493110656738,18.6832332611084
274650,34.9910316467285,17.9084911346436
274800,36.9184455871582,18.9673042297363
274950,36.7721633911133,17.9776000976563
275100,37.728401184082,17.6919345855713
275250,35.571044921875,18.7771396636963
275400,36.7151870727539,18.849630355835
275550,37.1209487915039,18.183219909668
275700,37.0468139648437,18.5832824707031
275850,36.8263473510742,17.9030933380127
276000,37.4733276367188,17.8292102813721
276150,38.792896270752,17.1700191497803
276300,38.0742950439453,17.5727462768555
276450,37.7743988037109,18.9744434356689
276600,38.2798004150391,18.1640357971191
276750,38.194637298584,18.2518444061279
276900,37.9889602661133,18.0268459320068
277050,37.2186050415039,18.4983425140381
277200,37.2353782653809,18.2741661071777
277350,37.405891418457,17.6540203094482
277500,37.0805854797363,18.2268848419189
277650,37.5691680908203,18.5057239532471
277800,37.6230545043945,17.5510597229004
277950,36.5267906188965,18.6571807861328
278100,36.4676856994629,18.8053340911865
278250,37.4198417663574,18.1367263793945
278400,37.2334671020508,17.8219261169434
278550,37.0326194763184,18.7960090637207
278700,35.9082832336426,17.5097789764404
278850,37.215747833252,17.969633102417
279000,36.5978202819824,18.7585430145264
279150,37.8749122619629,19.0504741668701
279300,35.5954475402832,18.9859657287598
279450,36.7267646789551,18.5176811218262
279600,36.7812843322754,17.9659824371338
279750,36.8652725219727,18.6173553466797
279900,36.9384841918945,18.5652866363525
280050,36.7265548706055,18.3439960479736
280200,37.1339874267578,19.1344375610352
280350,37.7479934692383,18.7042598724365
280500,37.1041221618652,18.4260749816895
280650,37.2468605041504,18.8900699615479
280800,37.3269119262695,18.9870223999023
280950,38.9056510925293,19.9174652099609
281100,35.8490257263184,19.1552886962891
281250,37.3294906616211,19.798770904541
281400,37.6951675415039,18.833984375
281550,36.0415191650391,19.2162971496582
281700,36.2819786071777,18.8556385040283
281850,37.901252746582,19.6949195861816
282000,37.1331939697266,19.0962867736816
282150,37.5179023742676,19.0986785888672
282300,36.5331764221191,18.605541229248
282450,37.4866638183594,19.4612674713135
282600,36.5705986022949,18.9699726104736
282750,37.2435455322266,18.550931930542
282900,36.6675720214844,19.4349174499512
283050,37.200553894043,18.6002922058105
283200,36.8214874267578,18.6179599761963
283350,36.9772415161133,18.6272010803223
283500,36.7474670410156,18.9748916625977
283650,37.2304534912109,19.11012840271
283800,38.0788154602051,19.2088088989258
283950,35.4931373596191,18.9519119262695
284100,38.7811965942383,19.2013874053955
284250,37.718994140625,19.1083889007568
284400,38.2228469848633,18.301794052124
284550,37.9561042785645,18.5083198547363
284700,36.9564895629883,17.9602127075195
284850,36.6535491943359,18.6931285858154
285000,37.1181716918945,17.6372241973877
285150,36.3306465148926,19.0713081359863
285300,36.571361541748,18.0955238342285
285450,36.900447845459,19.613899230957
285600,37.5897827148437,19.4015998840332
285750,37.0475311279297,19.235860824585
285900,37.2034759521484,18.7517719268799
286050,37.8403434753418,19.8061866760254
286200,37.0679512023926,19.2371025085449
286350,38.355167388916,18.4886341094971
286500,38.0639114379883,18.0609111785889
286650,38.674015045166,18.7489185333252
286800,37.304027557373,17.945219039917
286950,38.4440307617187,18.8216571807861
287100,37.3990440368652,17.9985656738281
287250,38.8594970703125,19.0722179412842
287400,37.5667724609375,18.6932621002197
287550,38.648868560791,18.7049808502197
287700,39.7066688537598,18.8440246582031
287850,40.7068634033203,17.9699172973633
288000,38.716926574707,18.4421787261963
288150,39.249698638916,18.4059810638428
288300,38.493293762207,18.6527481079102
288450,37.5158271789551,18.661584854126
288600,37.1412353515625,18.2501468658447
288750,38.897087097168,17.9389991760254
288900,38.8910064697266,18.7296943664551
289050,39.3770141601562,18.6126537322998
289200,38.8241653442383,18.6187953948975
289350,37.8769645690918,18.4591827392578
289500,38.6182136535645,17.5388145446777
289650,38.7253723144531,18.6632347106934
289800,38.2075309753418,18.0860557556152
289950,37.2557716369629,18.246639251709
290100,39.6392669677734,17.8083591461182
290250,37.2852363586426,18.6803359985352
290400,40.0605888366699,17.9940776824951
290550,38.5427513122559,19.3006191253662
290700,39.1100120544434,18.1347618103027
290850,38.7143669128418,18.9145450592041
291000,39.3034286499023,17.8231792449951
291150,39.8928642272949,18.891357421875
291300,39.5300102233887,18.4006767272949
291450,39.6186180114746,18.892126083374
291600,37.6738128662109,18.2558193206787
291750,38.6384544372559,18.4488296508789
291900,37.8667373657227,18.4701137542725
292050,36.9430046081543,18.5946502685547
292200,36.4507064819336,18.3781108856201
292350,37.6696472167969,17.7673778533936
292500,38.0596656799316,18.3841037750244
292650,37.8053703308105,19.6634387969971
292800,37.4068870544434,18.5552425384521
292950,38.1954536437988,18.9174175262451
293100,38.7565574645996,18.9546756744385
293250,38.6947898864746,18.4520645141602
293400,39.2887535095215,19.1783790588379
293550,38.2874183654785,18.8018131256104
293700,38.2307777404785,18.5183486938477
293850,38.4409141540527,18.2978229522705
294000,38.2363243103027,18.7088203430176
294150,38.840648651123,18.8084030151367
294300,38.6853256225586,18.2181911468506
294450,40.0776405334473,18.9311828613281
294600,39.2519798278809,19.2206649780273
294750,39.2446479797363,18.4430866241455
294900,38.0418510437012,18.5618019104004
295050,38.699520111084,18.1545295715332
295200,39.5034141540527,18.0568256378174
295350,38.5248184204102,19.2995624542236
295500,38.1587409973145,19.4510250091553
295650,38.8973274230957,18.3349838256836
295800,38.2813911437988,18.3160438537598
295950,38.8865585327148,17.6438770294189
296100,37.3114280700684,18.835054397583
296250,38.3633308410644,18.8967018127441
296400,37.0871772766113,19.074197769165
296550,38.3346443176269,19.5387077331543
296700,37.3405723571777,19.0143280029297
296850,37.8677711486816,18.8063468933105
297000,37.7154998779297,18.3430252075195
297150,38.3246269226074,18.7516307830811
297300,38.9384765625,18.7386322021484
297450,37.5257301330566,18.7805061340332
297600,37.5940475463867,19.0183696746826
297750,37.1197700500488,20.2488479614258
297900,36.6594886779785,18.6270084381104
298050,36.5973510742187,19.2489986419678
298200,36.8771858215332,19.3902397155762
298350,38.9100723266602,18.0419921875
298500,37.1847915649414,18.866641998291
298650,36.9384078979492,18.4338817596436
298800,37.6095275878906,19.1011943817139
298950,38.0744171142578,18.8067665100098
299100,37.2009048461914,19.2364902496338
299250,37.0273017883301,18.6035423278809
299400,38.1463775634766,19.3836498260498
299550,37.3019599914551,19.283992767334
299700,38.2071495056152,19.2870407104492
299850,37.4352722167969,18.5000743865967
300000,37.209644317627,19.217155456543
300000.006,37.2357559204102,19.2313804626465
