Residue#,Chain,ResName,LigandContact,CA,Backbone,Sidechain,All_Heavy,B-factor
0,A,ARG_32,No,0.957,0.902,1.458,1.247,69.330
1,A,TYR_33,No,0.767,0.790,0.882,0.846,65.605
2,A,PRO_34,No,0.685,0.691,0.745,0.701,63.980
3,A,PRO_35,No,0.690,0.667,0.813,0.723,64.745
4,A,GLY_36,No,0.730,0.754,0.795,0.754,68.280
5,A,PRO_37,No,0.808,0.798,0.823,0.805,72.547
6,A,LEU_38,No,0.956,0.947,1.786,1.351,77.873
7,A,PRO_39,No,0.969,1.061,1.028,1.045,80.955
8,A,LEU_40,No,1.261,1.336,1.672,1.466,83.535
9,A,PRO_41,No,1.727,1.714,1.874,1.771,84.670
10,A,GLY_42,No,2.002,1.989,2.190,1.989,84.012
11,A,LEU_43,No,1.535,1.695,1.961,1.790,83.380
12,A,GLY_44,No,1.017,1.007,1.160,1.007,80.983
13,A,ASN_45,No,0.819,0.855,0.820,0.836,78.963
14,A,LEU_46,No,1.045,1.086,1.748,1.389,78.515
15,A,LEU_47,No,1.167,1.135,2.097,1.608,78.935
16,A,HIS_48,No,0.973,0.986,1.252,1.132,77.720
17,A,VAL_49,No,0.932,1.091,1.414,1.181,74.767
18,A,ASP_50,No,1.118,1.051,1.583,1.352,74.795
19,A,PHE_51,No,1.022,0.994,1.892,1.571,73.353
20,A,GLN_52,No,1.042,1.061,1.806,1.507,72.360
21,A,ASN_53,No,1.035,0.944,1.681,1.354,69.338
22,A,THR_54,No,0.670,0.704,0.780,0.713,63.137
23,A,PRO_55,No,0.861,0.973,0.967,0.965,59.013
24,A,TYR_56,No,1.055,1.129,2.041,1.752,56.593
25,A,CYS_57,No,0.836,0.810,1.148,0.959,52.605
26,A,PHE_58,No,0.681,0.730,0.685,0.697,50.950
27,A,ASP_59,No,0.870,0.882,1.585,1.293,54.308
28,A,GLN_60,No,0.923,0.912,2.227,1.754,55.680
29,A,LEU_61,No,0.752,0.763,0.975,0.826,53.638
30,A,ARG_62,No,0.743,0.790,0.868,0.834,53.072
31,A,ARG_63,No,0.958,1.060,2.417,2.000,54.445
32,A,ARG_64,No,0.916,0.945,1.667,1.418,54.957
33,A,PHE_65,No,0.761,0.808,0.847,0.829,51.270
34,A,GLY_66,No,0.743,0.718,0.825,0.718,47.365
35,A,ASP_67,No,0.643,0.639,1.265,1.016,43.555
36,A,VAL_68,No,0.552,0.594,0.912,0.683,40.532
37,A,PHE_69,No,0.528,0.533,0.648,0.600,40.547
38,A,SER_70,No,0.588,0.612,1.002,0.753,45.192
39,A,LEU_71,No,0.662,0.656,1.436,1.015,49.642
40,A,GLN_72,No,0.766,0.795,1.843,1.449,56.010
41,A,LEU_73,No,0.940,1.051,1.687,1.329,59.597
42,A,ALA_74,No,1.150,1.191,1.366,1.207,63.525
43,A,TRP_75,No,1.222,1.223,2.640,2.270,63.038
44,A,THR_76,No,1.047,0.961,1.682,1.285,54.962
45,A,PRO_77,No,0.790,0.805,1.040,0.900,47.693
46,A,VAL_78,No,0.544,0.592,1.240,0.836,42.932
47,A,VAL_79,No,0.441,0.462,0.775,0.547,38.597
48,A,VAL_80,No,0.440,0.477,0.687,0.513,35.565
49,A,LEU_81,No,0.462,0.469,0.992,0.694,32.428
50,A,ASN_82,No,0.489,0.531,0.582,0.555,29.508
51,A,GLY_83,No,0.566,0.563,0.624,0.563,26.163
52,A,LEU_84,No,0.581,0.594,0.944,0.728,27.695
53,A,ALA_85,No,0.667,0.712,0.902,0.723,28.920
54,A,ALA_86,No,0.596,0.631,0.784,0.631,29.280
55,A,VAL_87,No,0.580,0.629,0.743,0.631,27.325
56,A,ARG_88,No,0.620,0.649,0.954,0.848,30.605
57,A,GLU_89,No,0.704,0.762,1.130,0.994,33.167
58,A,ALA_90,No,0.770,0.811,1.086,0.843,31.797
59,A,LEU_91,No,0.969,1.018,1.457,1.181,31.125
60,A,VAL_92,No,1.415,1.309,2.219,1.692,34.403
61,A,THR_93,No,1.206,1.119,1.911,1.488,36.820
62,A,HIS_94,No,0.651,0.668,1.041,0.905,38.245
63,A,GLY_95,No,0.626,0.609,0.668,0.609,41.197
64,A,GLU_96,No,0.564,0.590,0.655,0.625,43.860
65,A,ASP_97,No,0.508,0.509,1.016,0.815,41.555
66,A,THR_98,No,0.456,0.492,0.605,0.512,36.810
67,A,ALA_99,No,0.489,0.490,0.746,0.508,34.612
68,A,ASP_100,No,0.437,0.460,0.539,0.502,33.243
69,A,ARG_101,No,0.454,0.489,0.491,0.483,33.890
70,A,PRO_102,No,0.572,0.591,0.666,0.616,35.992
71,A,PRO_103,No,0.715,0.818,0.869,0.833,36.080
72,A,VAL_104,No,0.819,0.827,1.060,0.886,41.737
73,A,PRO_105,No,0.971,0.919,1.129,0.999,45.727
74,A,ILE_106,No,0.750,0.830,1.266,0.999,44.552
75,A,THR_107,No,0.876,0.906,0.989,0.919,43.370
76,A,GLN_108,No,0.999,1.064,1.828,1.529,45.270
77,A,ILE_109,No,0.930,1.009,1.033,0.985,44.110
78,A,LEU_110,No,1.447,1.449,2.236,1.828,40.025
79,A,GLY_111,No,1.296,1.444,1.314,1.444,36.933
80,A,PHE_112,No,0.997,1.099,1.422,1.297,36.775
81,A,GLY_113,No,0.902,0.824,1.075,0.824,36.167
82,A,PRO_114,No,0.852,0.836,1.128,0.951,35.593
83,A,ARG_115,No,0.682,0.673,1.629,1.343,32.035
84,A,SER_116,No,0.552,0.572,0.797,0.649,29.682
85,A,GLN_117,No,0.489,0.486,0.883,0.712,29.052
86,A,GLY_118,No,0.458,0.463,0.557,0.463,26.925
87,A,VAL_119,No,0.422,0.447,1.224,0.765,27.203
88,A,PHE_120,No,0.394,0.441,1.015,0.795,26.095
89,A,LEU_121,No,0.476,0.546,0.737,0.595,27.200
90,A,ALA_122,No,0.488,0.527,0.679,0.523,28.208
91,A,ARG_123,No,0.502,0.534,0.714,0.637,30.690
92,A,TYR_124,No,0.525,0.578,1.182,0.991,32.287
93,A,GLY_125,No,0.632,0.609,0.757,0.609,32.168
94,A,PRO_126,No,0.635,0.634,0.800,0.693,30.427
95,A,ALA_127,No,0.600,0.625,0.828,0.636,28.700
96,A,TRP_128,No,0.462,0.485,0.538,0.518,28.238
97,A,ARG_129,No,0.523,0.530,0.887,0.745,27.685
98,A,GLU_130,No,0.490,0.496,1.380,1.077,28.188
99,A,GLN_131,No,0.497,0.524,0.615,0.574,26.713
100,A,ARG_132,No,0.606,0.625,0.792,0.696,26.515
101,A,ARG_133,No,0.568,0.577,1.319,1.088,30.135
102,A,PHE_134,No,0.473,0.492,0.709,0.626,29.860
103,A,SER_135,No,0.573,0.616,0.942,0.730,29.868
104,A,VAL_136,No,0.756,0.796,1.450,1.035,29.500
105,A,SER_137,No,0.744,0.829,1.109,0.914,31.867
106,A,THR_138,No,0.554,0.613,0.640,0.598,32.315
107,A,LEU_139,No,0.623,0.640,0.992,0.778,35.555
108,A,ARG_140,No,0.692,0.903,2.428,1.981,42.793
109,A,ASN_141,No,0.727,0.716,1.534,1.173,46.675
110,A,LEU_142,No,0.557,0.611,0.837,0.678,51.145
111,A,GLY_143,No,0.596,0.615,0.671,0.615,58.430
112,A,LEU_144,No,0.660,1.095,1.074,1.041,63.680
113,A,GLY_145,No,0.903,0.883,1.037,0.883,67.005
114,A,LYS_146,No,0.622,0.629,0.793,0.696,68.290
115,A,LYS_147,No,0.643,0.649,1.035,0.833,64.808
116,A,SER_148,No,0.689,0.714,0.836,0.751,59.640
117,A,LEU_149,No,0.591,0.599,1.080,0.799,55.582
118,A,GLU_150,No,0.595,0.620,1.165,0.968,54.740
119,A,GLN_151,No,0.628,0.648,1.612,1.259,54.595
120,A,TRP_152,No,0.576,0.568,0.791,0.723,49.750
121,A,VAL_153,No,0.540,0.551,0.840,0.625,44.915
122,A,THR_154,No,0.498,0.527,0.625,0.538,44.375
123,A,GLU_155,No,0.535,0.553,1.015,0.853,43.892
124,A,GLU_156,No,0.568,0.595,1.178,0.959,40.405
125,A,ALA_157,No,0.574,0.591,0.760,0.593,38.453
126,A,ALA_158,No,0.607,0.617,0.806,0.625,39.530
127,A,CYS_159,No,0.635,0.651,0.992,0.811,38.445
128,A,LEU_160,No,0.620,0.634,0.985,0.765,36.463
129,A,CYS_161,No,0.627,0.664,0.824,0.731,35.745
130,A,ALA_162,No,0.766,0.811,0.965,0.817,36.337
131,A,ALA_163,No,0.828,0.839,0.992,0.846,37.692
132,A,PHE_164,No,0.733,0.781,1.014,0.906,41.025
133,A,ALA_165,No,0.865,0.950,1.047,0.948,44.718
134,A,ASN_166,No,1.049,1.034,1.907,1.512,49.597
135,A,HIS_167,No,0.887,0.877,1.777,1.449,51.353
136,A,SER_168,No,0.736,0.770,1.181,0.912,55.070
137,A,GLY_169,No,0.791,0.822,0.855,0.822,54.610
138,A,ARG_170,No,0.823,0.785,2.368,1.912,52.235
139,A,PRO_171,No,0.766,0.802,0.925,0.847,49.920
140,A,PHE_172,No,0.716,0.722,1.214,1.008,44.925
141,A,ARG_173,No,0.716,0.724,1.259,1.082,40.038
142,A,PRO_174,No,0.735,0.708,0.861,0.767,33.495
143,A,ASN_175,No,0.756,0.771,1.396,1.115,31.515
144,A,GLY_176,No,0.789,0.788,0.880,0.788,29.483
145,A,LEU_177,No,0.652,0.664,1.109,0.849,29.730
146,A,LEU_178,No,0.560,0.590,1.037,0.768,27.917
147,A,ASP_179,No,0.620,0.617,0.974,0.822,28.787
148,A,LYS_180,No,0.623,0.599,1.167,0.887,31.038
149,A,ALA_181,No,0.513,0.516,0.745,0.529,30.892
150,A,VAL_182,No,0.509,0.540,1.256,0.820,30.803
151,A,SER_183,No,0.602,0.596,0.750,0.642,27.955
152,A,ASN_184,No,0.512,0.508,0.707,0.610,26.732
153,A,VAL_185,No,0.491,0.499,0.721,0.544,25.885
154,A,ILE_186,No,0.500,0.500,0.756,0.581,26.995
155,A,ALA_187,No,0.470,0.489,0.687,0.493,28.155
156,A,SER_188,No,0.509,0.547,0.875,0.666,28.855
157,A,LEU_189,No,0.578,0.661,1.162,0.871,28.357
158,A,THR_190,No,0.615,0.643,0.749,0.665,28.172
159,A,CYS_191,No,0.713,0.710,1.357,1.033,28.227
160,A,GLY_192,No,0.685,0.827,0.770,0.827,28.223
161,A,ARG_193,No,0.820,0.722,3.135,2.500,28.545
162,A,ARG_194,No,0.655,0.673,1.043,0.900,29.690
163,A,PHE_195,No,0.629,0.655,1.245,1.011,30.862
164,A,GLU_196,No,0.719,0.705,1.205,1.024,33.435
165,A,TYR_197,No,0.811,0.899,1.135,1.026,35.068
166,A,ASP_198,No,0.992,0.975,1.447,1.242,38.875
167,A,ASP_199,No,0.810,0.811,1.149,1.002,39.825
168,A,PRO_200,No,0.878,0.860,1.028,0.920,38.260
169,A,ARG_201,No,0.726,0.712,0.872,0.807,38.822
170,A,PHE_202,No,0.627,0.652,0.955,0.825,37.225
171,A,LEU_203,No,0.759,0.774,1.163,0.933,37.002
172,A,ARG_204,No,0.742,0.736,2.046,1.658,39.043
173,A,LEU_205,No,0.652,0.678,0.945,0.761,38.620
174,A,LEU_206,No,0.710,0.774,0.892,0.794,39.867
175,A,ASP_207,No,0.781,0.789,1.416,1.154,42.068
176,A,LEU_208,No,0.723,0.760,0.867,0.776,44.213
177,A,ALA_209,No,0.821,0.830,1.022,0.845,51.605
178,A,GLN_210,No,0.874,0.882,1.783,1.437,57.510
179,A,GLU_211,No,0.896,0.922,1.306,1.161,61.748
180,A,GLY_212,No,0.936,0.943,1.029,0.943,68.078
181,A,LEU_213,No,0.834,0.850,1.292,1.030,75.993
182,A,LYS_214,No,0.956,1.025,1.213,1.108,83.890
183,A,GLU_215,No,1.138,1.166,1.541,1.395,88.448
184,A,GLU_216,No,1.101,1.240,1.488,1.392,90.312
185,A,SER_217,No,1.187,1.455,1.481,1.457,91.442
186,A,GLY_218,No,1.536,1.499,1.664,1.499,90.662
187,A,PHE_219,No,1.479,1.537,1.995,1.802,89.410
188,A,LEU_220,No,1.738,1.713,2.495,2.079,86.725
189,A,ARG_221,No,1.577,1.601,1.549,1.563,83.575
190,A,GLU_222,No,1.662,1.709,2.270,2.051,79.892
191,A,VAL_223,No,2.027,2.031,2.552,2.223,76.398
192,A,LEU_224,No,2.022,2.042,2.416,2.198,73.640
193,A,ASN_225,No,1.875,1.912,2.195,2.056,72.165
194,A,ALA_226,No,2.011,2.147,2.260,2.156,73.338
195,A,VAL_227,No,2.769,2.557,3.526,2.954,73.850
196,A,PRO_228,No,3.334,3.639,3.993,3.770,74.960
197,A,VAL_229,No,3.790,3.528,4.731,4.027,76.648
198,A,LEU_230,No,2.374,2.302,3.456,2.867,78.285
199,A,LEU_231,No,1.904,2.086,2.469,2.243,81.053
200,A,HIS_232,No,2.734,2.669,4.194,3.632,82.547
201,A,ILE_233,No,2.480,2.438,2.976,2.676,83.287
202,A,PRO_234,No,2.881,2.825,3.293,3.009,84.225
203,A,ALA_235,No,2.807,2.712,3.174,2.791,83.918
204,A,LEU_236,No,2.245,2.107,3.088,2.578,82.845
205,A,ALA_237,No,2.027,1.911,2.548,2.027,78.645
206,A,GLY_238,No,1.376,1.361,1.464,1.361,74.162
207,A,LYS_239,No,1.341,1.313,2.578,2.051,69.615
208,A,VAL_240,No,1.172,1.162,1.732,1.380,63.300
209,A,LEU_241,No,0.950,1.072,1.325,1.158,56.892
210,A,ARG_242,No,0.823,0.831,1.176,1.039,53.782
211,A,PHE_243,No,0.708,0.715,1.415,1.152,50.000
212,A,GLN_244,No,0.711,0.679,2.371,1.810,45.720
213,A,LYS_245,No,0.638,0.642,2.018,1.486,41.343
214,A,ALA_246,No,0.592,0.611,0.812,0.621,37.628
215,A,PHE_247,No,0.546,0.556,1.087,0.877,33.222
216,A,LEU_248,No,0.570,0.590,0.988,0.751,30.492
217,A,THR_249,No,0.617,0.640,0.751,0.664,29.873
218,A,GLN_250,No,0.576,0.586,1.017,0.832,32.105
219,A,LEU_251,No,0.531,0.551,0.728,0.591,34.450
220,A,ASP_252,No,0.632,0.636,1.056,0.880,35.828
221,A,GLU_253,No,0.673,0.724,1.583,1.278,36.735
222,A,LEU_254,No,0.577,0.614,0.873,0.696,32.823
223,A,LEU_255,No,0.563,0.596,0.982,0.742,30.378
224,A,THR_256,No,0.690,0.727,1.314,0.981,32.032
225,A,GLU_257,No,0.766,0.774,1.353,1.140,32.120
226,A,HIS_258,No,0.653,0.673,0.670,0.668,30.753
227,A,ARG_259,No,0.730,0.787,0.881,0.828,31.203
228,A,MET_260,No,0.890,0.971,2.148,1.693,30.503
229,A,THR_261,No,0.920,0.961,1.018,0.967,28.945
230,A,TRP_262,No,0.817,0.854,0.946,0.915,30.958
231,A,ASP_263,No,0.935,0.919,1.433,1.211,33.690
232,A,PRO_264,No,1.050,1.138,1.203,1.153,36.465
233,A,ALA_265,No,1.291,1.273,1.614,1.324,37.237
234,A,GLN_266,No,1.038,0.970,1.871,1.522,38.225
235,A,PRO_267,No,0.822,0.802,1.090,0.920,36.078
236,A,PRO_268,No,0.611,0.651,0.735,0.680,33.887
237,A,ARG_269,No,0.643,0.644,0.907,0.813,32.630
238,A,ASP_270,No,0.556,0.548,0.605,0.577,29.645
239,A,LEU_271,No,0.532,0.559,1.379,0.960,29.335
240,A,THR_272,No,0.504,0.513,0.630,0.536,27.927
241,A,GLU_273,No,0.500,0.514,0.629,0.581,29.038
242,A,ALA_274,No,0.498,0.517,0.710,0.522,29.297
243,A,PHE_275,No,0.482,0.510,0.578,0.548,28.670
244,A,LEU_276,No,0.558,0.580,1.012,0.755,28.970
245,A,ALA_277,No,0.620,0.668,0.814,0.668,30.013
246,A,GLU_278,No,0.678,0.711,1.157,0.989,34.023
247,A,MET_279,No,0.695,0.768,0.998,0.875,35.120
248,A,GLU_280,No,0.890,0.979,1.380,1.225,35.672
249,A,LYS_281,No,1.136,1.184,1.719,1.450,33.547
250,A,ALA_282,No,1.162,1.218,1.333,1.222,32.427
251,A,LYS_283,No,1.476,1.776,2.172,1.961,32.547
252,A,GLY_284,No,2.037,1.991,2.265,1.991,32.637
253,A,ASN_285,No,1.588,1.540,1.745,1.638,31.130
254,A,PRO_286,No,1.833,1.735,2.254,1.948,30.447
255,A,GLU_287,No,1.211,1.402,1.744,1.599,30.133
256,A,SER_288,No,0.789,0.820,1.162,0.943,31.227
257,A,SER_289,No,0.561,0.562,0.673,0.599,31.515
258,A,PHE_290,No,0.529,0.575,0.661,0.624,29.017
259,A,ASN_291,No,0.570,0.566,0.630,0.597,31.542
260,A,ASP_292,No,0.667,0.673,1.265,1.025,33.013
261,A,GLU_293,No,0.667,0.665,1.631,1.296,31.975
262,A,ASN_294,No,0.498,0.516,0.528,0.519,29.160
263,A,LEU_295,No,0.531,0.566,0.850,0.666,28.270
264,A,ARG_296,No,0.551,0.667,1.493,1.226,28.375
265,A,ILE_297,No,0.458,0.467,0.653,0.509,27.762
266,A,VAL_298,No,0.441,0.450,1.256,0.785,26.565
267,A,VAL_299,No,0.471,0.477,1.020,0.673,26.075
268,A,ALA_300,No,0.425,0.424,0.664,0.435,26.590
269,A,ASP_301,No,0.374,0.403,0.446,0.425,29.155
270,A,LEU_302,No,0.418,0.469,0.918,0.650,29.178
271,A,PHE_303,No,0.412,0.446,0.727,0.616,31.685
272,A,SER_304,No,0.470,0.503,0.816,0.613,30.832
273,A,ALA_305,No,0.442,0.470,0.675,0.475,30.380
274,A,GLY_306,No,0.455,0.469,0.513,0.469,29.740
275,A,MET_307,No,0.436,0.484,0.691,0.581,37.695
276,A,VAL_308,No,0.520,0.538,1.119,0.761,27.105
277,A,THR_309,No,0.421,0.456,0.569,0.473,25.025
278,A,THR_310,No,0.454,0.477,0.621,0.512,24.055
279,A,SER_311,No,0.491,0.526,0.870,0.653,23.660
280,A,THR_312,No,0.452,0.455,0.614,0.493,23.045
281,A,THR_313,No,0.429,0.439,0.584,0.473,22.923
282,A,LEU_314,No,0.435,0.439,0.952,0.667,23.010
283,A,ALA_315,No,0.459,0.464,0.708,0.478,25.055
284,A,TRP_316,No,0.407,0.426,0.539,0.504,25.760
285,A,GLY_317,No,0.440,0.464,0.507,0.464,27.362
286,A,LEU_318,No,0.453,0.525,0.842,0.635,29.530
287,A,LEU_319,No,0.451,0.463,1.011,0.702,31.185
288,A,LEU_320,No,0.462,0.499,0.638,0.518,31.712
289,A,MET_321,No,0.499,0.504,1.019,0.802,31.727
290,A,ILE_322,No,0.552,0.608,1.235,0.885,30.805
291,A,LEU_323,No,0.603,0.621,1.427,1.007,33.160
292,A,HIS_324,No,0.563,0.562,1.046,0.869,32.585
293,A,PRO_325,No,0.592,0.585,0.735,0.642,33.638
294,A,ASP_326,No,0.618,0.620,1.271,1.013,34.953
295,A,VAL_327,No,0.509,0.516,0.708,0.547,31.622
296,A,GLN_328,No,0.445,0.466,0.530,0.499,31.210
297,A,ARG_329,No,0.515,0.561,2.267,1.804,34.385
298,A,ARG_330,No,0.544,0.581,1.483,1.203,35.440
299,A,VAL_331,No,0.497,0.506,1.245,0.799,37.440
300,A,GLN_332,No,0.500,0.524,0.613,0.573,42.775
301,A,GLN_333,No,0.614,0.621,1.850,1.422,45.078
302,A,GLU_334,No,0.578,0.579,1.042,0.845,44.422
303,A,ILE_335,No,0.499,0.531,0.689,0.561,44.597
304,A,ASP_336,No,0.578,0.628,1.167,0.949,46.515
305,A,ASP_337,No,0.665,0.695,1.255,1.026,49.335
306,A,VAL_338,No,0.625,0.665,0.792,0.675,49.995
307,A,ILE_339,No,0.673,0.715,1.111,0.858,52.365
308,A,GLY_340,No,0.719,0.709,0.819,0.709,56.237
309,A,GLN_341,No,0.835,0.878,1.843,1.473,60.392
310,A,VAL_342,No,0.950,0.964,1.776,1.288,60.020
311,A,ARG_343,No,0.691,0.661,1.007,0.865,54.435
312,A,ARG_344,No,0.554,0.593,0.719,0.667,47.445
313,A,PRO_345,No,0.539,0.560,0.617,0.576,42.090
314,A,GLU_346,No,0.579,0.580,1.261,1.021,42.110
315,A,MET_347,No,0.644,0.661,1.231,0.985,41.653
316,A,GLY_348,No,0.700,0.703,0.791,0.703,41.315
317,A,ASP_349,No,0.608,0.624,0.966,0.822,41.252
318,A,GLN_350,No,0.650,0.716,0.845,0.776,42.240
319,A,ALA_351,No,0.852,0.883,1.120,0.908,41.120
320,A,HIS_352,No,0.739,0.718,2.024,1.600,40.012
321,A,MET_353,No,0.580,0.582,0.946,0.767,36.867
322,A,PRO_354,No,0.581,0.557,0.707,0.614,34.608
323,A,TYR_355,No,0.496,0.491,0.704,0.633,30.720
324,A,THR_356,No,0.437,0.459,0.585,0.485,29.915
325,A,THR_357,No,0.446,0.457,0.587,0.484,27.400
326,A,ALA_358,No,0.442,0.447,0.672,0.456,26.145
327,A,VAL_359,No,0.427,0.442,0.653,0.476,24.942
328,A,ILE_360,No,0.459,0.490,0.891,0.641,23.828
329,A,HIS_361,No,0.417,0.438,0.514,0.481,22.445
330,A,GLU_362,No,0.398,0.411,0.479,0.450,20.985
331,A,VAL_363,No,0.401,0.425,0.612,0.445,20.647
332,A,GLN_364,No,0.445,0.475,0.868,0.713,23.885
333,A,ARG_365,No,0.449,0.497,0.528,0.506,25.402
334,A,PHE_366,No,0.476,0.534,0.639,0.594,25.683
335,A,GLY_367,No,0.469,0.496,0.534,0.496,24.525
336,A,ASP_368,No,0.540,0.535,1.098,0.872,25.925
337,A,ILE_369,No,0.468,0.492,0.863,0.631,29.120
338,A,VAL_370,No,0.455,0.462,0.873,0.593,28.572
339,A,PRO_371,No,0.469,0.477,0.536,0.496,29.075
340,A,LEU_372,No,0.458,0.488,0.974,0.696,27.945
341,A,GLY_373,No,0.483,0.511,0.561,0.511,27.643
342,A,VAL_374,No,0.430,0.454,0.665,0.489,26.575
343,A,THR_375,No,0.428,0.425,0.683,0.517,27.125
344,A,HIS_376,No,0.428,0.473,0.537,0.506,30.277
345,A,MET_377,No,0.436,0.461,0.935,0.712,37.488
346,A,THR_378,No,0.473,0.525,0.614,0.534,42.708
347,A,SER_379,No,0.575,0.618,0.908,0.709,49.905
348,A,ARG_380,No,0.640,0.643,1.136,0.956,54.812
349,A,ASP_381,No,0.659,0.712,0.954,0.847,56.200
350,A,ILE_382,No,0.715,0.674,1.046,0.823,54.230
351,A,GLU_383,No,0.746,0.791,1.295,1.103,52.560
352,A,VAL_384,No,0.793,0.791,1.299,0.968,50.740
353,A,GLN_385,No,0.916,0.952,1.550,1.307,52.978
354,A,GLY_386,No,0.987,0.963,1.092,0.963,56.312
355,A,PHE_387,No,0.730,0.762,0.913,0.852,56.310
356,A,ARG_388,No,0.679,0.696,0.940,0.842,55.008
357,A,ILE_389,No,0.614,0.617,0.988,0.751,52.748
358,A,PRO_390,No,0.639,0.615,0.731,0.658,49.767
359,A,LYS_391,No,0.617,0.643,1.127,0.897,48.035
360,A,GLY_392,No,0.620,0.643,0.677,0.643,43.183
361,A,THR_393,No,0.548,0.527,0.933,0.696,38.590
362,A,THR_394,No,0.466,0.488,0.825,0.614,35.410
363,A,LEU_395,No,0.415,0.448,0.991,0.683,31.585
364,A,ILE_396,No,0.410,0.453,0.754,0.556,29.695
365,A,THR_397,No,0.482,0.507,0.707,0.570,28.372
366,A,ASN_398,No,0.480,0.495,0.680,0.596,26.138
367,A,LEU_399,No,0.461,0.487,0.658,0.521,25.960
368,A,SER_400,No,0.545,0.581,1.072,0.763,27.758
369,A,SER_401,No,0.531,0.607,0.568,0.592,27.093
370,A,VAL_402,No,0.487,0.517,0.806,0.590,27.365
371,A,LEU_403,No,0.488,0.515,0.680,0.547,27.565
372,A,LYS_404,No,0.617,0.737,1.414,1.108,29.438
373,A,ASP_405,No,0.811,0.769,1.441,1.166,32.022
374,A,GLU_406,No,0.927,0.964,1.635,1.387,34.468
375,A,ALA_407,No,1.074,1.129,1.362,1.156,34.355
376,A,VAL_408,No,0.977,1.037,1.630,1.251,33.782
377,A,TRP_409,No,0.677,0.740,0.582,0.631,32.042
378,A,GLU_410,No,0.759,0.793,1.672,1.361,33.703
379,A,LYS_411,No,0.767,0.766,1.502,1.165,32.383
380,A,PRO_412,No,0.809,0.808,1.015,0.886,31.505
381,A,PHE_413,No,0.823,0.801,3.013,2.376,29.968
382,A,ARG_414,No,0.721,0.680,2.619,2.090,27.635
383,A,PHE_415,No,0.555,0.608,0.629,0.616,25.623
384,A,HIS_416,No,0.543,0.533,0.757,0.670,26.405
385,A,PRO_417,No,0.524,0.541,0.642,0.574,26.718
386,A,GLU_418,No,0.618,0.638,1.434,1.155,28.795
387,A,HIS_419,No,0.596,0.653,0.628,0.636,26.152
388,A,PHE_420,No,0.573,0.642,0.547,0.582,25.575
389,A,LEU_421,No,0.716,0.798,1.391,1.048,28.925
390,A,ASP_422,No,1.050,1.212,1.846,1.575,31.502
391,A,ALA_423,No,1.796,1.841,2.287,1.914,35.693
392,A,GLN_424,No,1.832,1.782,3.367,2.773,38.665
393,A,GLY_425,No,1.317,1.297,1.513,1.297,36.117
394,A,HIS_426,No,1.034,0.964,1.949,1.604,33.350
395,A,PHE_427,No,0.774,0.851,1.397,1.180,29.880
396,A,VAL_428,No,0.872,0.894,1.507,1.122,29.375
397,A,LYS_429,No,0.953,0.909,1.742,1.370,27.135
398,A,PRO_430,No,0.823,0.833,1.061,0.922,27.443
399,A,GLU_431,No,0.937,0.932,1.916,1.572,28.815
400,A,ALA_432,No,0.754,0.718,0.978,0.746,24.452
401,A,PHE_433,No,0.518,0.545,0.594,0.571,23.655
402,A,LEU_434,No,0.467,0.474,0.995,0.707,24.817
403,A,PRO_435,No,0.455,0.469,0.515,0.484,23.657
404,A,PHE_436,No,0.446,0.453,0.637,0.566,22.465
405,A,SER_437,No,0.454,0.512,0.531,0.518,21.310
406,A,ALA_438,No,0.694,0.935,1.000,0.925,21.387
407,A,GLY_439,No,0.774,0.788,0.956,0.788,21.508
408,A,ARG_440,No,0.655,0.728,1.031,0.908,24.030
409,A,ARG_441,No,0.575,0.875,0.666,0.719,24.373
410,A,ALA_442,No,0.495,0.594,0.724,0.588,22.825
411,A,CYS_443,No,0.435,0.552,0.413,0.493,23.693
412,A,LEU_444,No,0.572,0.565,1.175,0.835,23.068
413,A,GLY_445,No,0.480,0.479,0.570,0.479,24.270
414,A,GLU_446,No,0.466,0.470,0.935,0.775,23.607
415,A,PRO_447,No,0.450,0.456,0.529,0.482,22.853
416,A,LEU_448,No,0.474,0.497,1.100,0.774,22.237
417,A,ALA_449,No,0.546,0.595,0.787,0.603,25.655
418,A,ARG_450,No,0.475,0.481,0.710,0.621,30.508
419,A,MET_451,No,0.457,0.472,0.977,0.756,31.643
420,A,GLU_452,No,0.491,0.501,0.813,0.693,29.315
421,A,LEU_453,No,0.497,0.475,1.523,1.026,26.930
422,A,PHE_454,No,0.434,0.438,0.632,0.555,29.220
423,A,LEU_455,No,0.462,0.479,1.094,0.752,29.045
424,A,PHE_456,No,0.451,0.468,1.146,0.895,31.265
425,A,PHE_457,No,0.449,0.455,1.289,0.999,31.403
426,A,THR_458,No,0.429,0.474,0.554,0.478,32.960
427,A,SER_459,No,0.446,0.489,0.996,0.678,33.050
428,A,LEU_460,No,0.487,0.501,0.758,0.583,33.038
429,A,LEU_461,No,0.445,0.480,0.710,0.544,37.498
430,A,GLN_462,No,0.511,0.592,0.708,0.638,42.343
431,A,HIS_463,No,0.637,0.620,1.872,1.470,46.012
432,A,PHE_464,No,0.537,0.617,0.713,0.670,44.033
433,A,SER_465,No,0.505,0.541,0.819,0.640,40.825
434,A,PHE_466,No,0.501,0.527,1.011,0.829,38.102
435,A,SER_467,No,0.580,0.581,1.162,0.806,40.088
436,A,VAL_468,No,0.737,0.743,1.209,0.905,47.198
437,A,PRO_469,No,0.860,0.870,0.959,0.900,53.207
438,A,THR_470,No,1.164,1.195,1.887,1.492,56.400
439,A,GLY_471,No,1.391,1.452,1.567,1.452,57.230
440,A,GLN_472,No,1.288,1.305,1.905,1.653,55.748
441,A,PRO_473,No,1.608,1.437,1.846,1.605,53.525
442,A,ARG_474,No,1.313,1.303,3.005,2.489,49.903
443,A,PRO_475,No,0.956,0.994,1.118,1.037,44.002
444,A,SER_476,No,0.988,0.907,1.548,1.148,40.157
445,A,HIS_477,No,0.796,0.967,1.137,1.061,36.045
446,A,HIS_478,No,0.861,0.854,1.616,1.338,39.820
447,A,GLY_479,No,0.837,0.827,1.002,0.827,40.367
448,A,VAL_480,No,0.679,0.645,1.384,0.944,41.890
449,A,PHE_481,No,0.573,0.630,0.708,0.672,44.192
450,A,ALA_482,No,0.686,0.717,0.975,0.743,42.537
451,A,PHE_483,No,0.658,0.641,1.468,1.175,38.995
452,A,LEU_484,No,0.597,0.618,1.424,1.004,34.917
453,A,VAL_485,No,0.542,0.595,0.745,0.608,31.587
454,A,SER_486,No,0.638,0.621,1.000,0.754,30.913
455,A,PRO_487,No,0.616,0.653,0.699,0.666,31.245
456,A,SER_488,No,0.823,0.790,1.467,1.057,34.458
457,A,PRO_489,No,0.932,0.925,1.284,1.070,34.220
458,A,TYR_490,No,0.708,0.721,0.634,0.661,33.570
459,A,GLU_491,No,0.701,0.685,1.291,1.056,35.230
460,A,LEU_492,No,0.637,0.628,1.217,0.876,35.185
461,A,CYS_493,No,0.613,0.613,0.806,0.691,37.867
462,A,ALA_494,No,0.590,0.628,0.859,0.645,39.942
463,A,VAL_495,No,0.655,0.609,1.286,0.875,41.900
464,A,PRO_496,No,0.696,0.753,0.871,0.796,45.695
465,A,ARG_497,No,0.829,1.028,0.772,0.870,50.678
