frame#	Prot_CA	Prot_Backbone	Prot_Sidechain	Prot_All_Heavy
0	0	0	0	0
1	1.779	1.777	2.352	2.017
2	2.296	2.307	2.806	2.493
3	2.295	2.316	2.851	2.507
4	1.916	1.921	2.567	2.182
5	2.362	2.38	2.947	2.613
6	2.587	2.598	3.178	2.851
7	2.648	2.653	3.216	2.883
8	2.684	2.686	3.275	2.914
9	2.965	2.957	3.528	3.184
10	2.835	2.83	3.465	3.093
11	2.307	2.307	3.067	2.628
12	2.923	2.925	3.498	3.162
13	2.879	2.882	3.464	3.132
14	2.474	2.479	3.173	2.77
15	2.899	2.898	3.536	3.173
16	3.727	3.735	4.293	4.019
17	3.579	3.584	4.148	3.855
18	3.383	3.391	3.987	3.675
19	3.055	3.059	3.691	3.352
20	3.44	3.444	4.079	3.742
21	3.449	3.45	4.029	3.74
22	3.639	3.635	4.228	3.916
23	4.034	4.041	4.52	4.3
24	4.069	4.073	4.553	4.315
25	4.09	4.09	4.541	4.323
26	4.299	4.304	4.76	4.545
27	3.608	3.606	4.101	3.859
28	4.081	4.087	4.522	4.294
29	4.162	4.162	4.604	4.388
30	4.07	4.071	4.522	4.292
31	4.499	4.514	4.953	4.736
32	4.866	4.876	5.351	5.118
33	4.543	4.542	5.015	4.794
34	4.855	4.864	5.281	5.095
35	4.736	4.743	5.188	4.981
36	4.999	4.999	5.384	5.225
37	4.799	4.802	5.234	5.049
38	4.654	4.658	5.074	4.875
39	4.564	4.574	4.985	4.77
40	4.939	4.947	5.377	5.18
41	4.819	4.831	5.209	5.014
42	4.581	4.588	5.005	4.8
43	4.644	4.65	5.077	4.864
44	4.614	4.622	5.047	4.851
45	4.545	4.553	5.004	4.797
46	4.857	4.862	5.278	5.1
47	4.966	4.978	5.427	5.237
48	5.454	5.458	5.857	5.706
49	5.099	5.1	5.513	5.337
50	5.179	5.184	5.636	5.432
51	4.988	4.986	5.419	5.226
52	4.841	4.844	5.291	5.086
53	5.329	5.338	5.74	5.575
54	5.404	5.411	5.808	5.641
55	5.358	5.365	5.777	5.604
56	5.381	5.381	5.777	5.619
57	5.31	5.311	5.772	5.572
58	5.695	5.702	6.129	5.944
59	5.429	5.431	5.877	5.677
60	5.529	5.538	5.993	5.794
61	5.114	5.115	5.568	5.363
62	5.055	5.059	5.51	5.308
63	5.385	5.386	5.804	5.622
64	5.542	5.539	6.019	5.83
65	5.723	5.732	6.171	6.01
66	6.427	6.428	6.837	6.697
67	6.231	6.228	6.638	6.494
68	6.444	6.437	6.853	6.72
69	6.598	6.593	6.98	6.853
70	6.71	6.706	7.112	6.989
71	6.897	6.897	7.316	7.198
72	7.015	7.017	7.439	7.33
73	6.565	6.566	6.957	6.842
74	6.99	6.986	7.427	7.289
75	6.824	6.821	7.247	7.112
76	7.028	7.023	7.415	7.311
77	7.026	7.026	7.461	7.329
78	6.722	6.729	7.145	7.001
79	7.036	7.039	7.45	7.321
80	6.292	6.298	6.704	6.562
81	6.604	6.604	7.008	6.855
82	6.937	6.935	7.325	7.197
83	6.921	6.92	7.348	7.203
84	7.35	7.351	7.713	7.617
85	7.047	7.044	7.426	7.318
86	7.052	7.052	7.435	7.32
87	7.099	7.097	7.475	7.359
88	6.818	6.815	7.225	7.099
89	6.584	6.581	7.007	6.856
90	6.978	6.978	7.337	7.238
91	6.988	6.984	7.383	7.245
92	7.047	7.044	7.433	7.308
93	7.039	7.036	7.471	7.326
94	6.956	6.945	7.356	7.233
95	7.253	7.241	7.619	7.521
96	7.353	7.338	7.742	7.637
97	7.221	7.208	7.626	7.5
98	7.727	7.719	8.149	8.029
99	7.561	7.546	8	7.871
100	7.223	7.211	7.606	7.499
101	7.028	7.01	7.465	7.345
102	7.051	7.032	7.493	7.347
103	7.469	7.448	7.893	7.763
104	7.599	7.581	7.982	7.879
105	7.568	7.549	8.004	7.879
106	7.876	7.853	8.277	8.17
107	7.877	7.861	8.278	8.168
108	7.74	7.719	8.171	8.043
109	7.935	7.916	8.397	8.261
110	8.081	8.065	8.48	8.387
111	7.719	7.703	8.13	8.024
112	8.059	8.037	8.461	8.364
113	8.222	8.201	8.67	8.552
114	8.142	8.119	8.626	8.482
115	7.944	7.918	8.394	8.263
116	7.944	7.92	8.375	8.255
117	8.177	8.152	8.594	8.469
118	7.93	7.913	8.38	8.248
119	8.284	8.257	8.704	8.592
120	8.012	7.989	8.425	8.315
121	8.148	8.127	8.604	8.471
122	7.981	7.966	8.43	8.305
123	8.128	8.104	8.541	8.438
124	8.079	8.057	8.511	8.394
125	8.255	8.237	8.655	8.555
126	7.861	7.839	8.31	8.177
127	8.05	8.034	8.497	8.376
128	8.067	8.05	8.483	8.377
129	7.93	7.911	8.357	8.243
130	8.097	8.068	8.517	8.401
131	8.192	8.169	8.612	8.507
132	8.002	7.977	8.491	8.35
133	7.938	7.917	8.431	8.282
134	7.432	7.414	7.894	7.758
135	7.65	7.624	8.088	7.974
136	7.376	7.356	7.823	7.695
137	7.347	7.328	7.793	7.667
138	7.408	7.395	7.806	7.709
139	7.35	7.336	7.748	7.63
140	7.571	7.553	7.998	7.878
141	7.353	7.338	7.791	7.66
142	7.284	7.27	7.719	7.589
143	7.448	7.43	7.882	7.758
144	7.855	7.826	8.254	8.147
145	7.763	7.743	8.16	8.062
146	7.857	7.839	8.259	8.163
147	7.309	7.286	7.701	7.587
148	7.456	7.428	7.876	7.747
149	7.414	7.401	7.836	7.716
150	7.09	7.073	7.51	7.379
151	7.315	7.301	7.781	7.638
152	7.217	7.204	7.643	7.506
153	7.297	7.283	7.751	7.619
154	6.557	6.545	6.976	6.838
155	6.958	6.943	7.372	7.249
156	6.356	6.348	6.782	6.636
157	6.646	6.633	7.103	6.939
158	7.201	7.186	7.638	7.5
159	7.254	7.243	7.693	7.558
160	7.506	7.486	7.949	7.818
161	7.532	7.518	8.002	7.878
162	7.695	7.681	8.13	8.024
163	7.709	7.694	8.168	8.047
164	7.643	7.632	8.105	7.971
165	7.232	7.222	7.718	7.562
166	7.216	7.201	7.627	7.509
167	7.013	6.996	7.49	7.325
168	6.943	6.935	7.397	7.238
169	6.845	6.828	7.293	7.148
170	7.212	7.196	7.66	7.531
171	6.834	6.821	7.274	7.136
172	7.115	7.094	7.566	7.421
173	6.681	6.665	7.107	6.971
174	6.527	6.519	6.933	6.8
175	6.6	6.589	6.991	6.864
176	6.514	6.5	6.922	6.789
177	6.635	6.617	7.015	6.89
178	7.095	7.076	7.483	7.369
179	7.255	7.237	7.634	7.521
180	6.791	6.775	7.205	7.072
181	7.069	7.052	7.463	7.344
182	6.7	6.688	7.096	6.962
183	7.144	7.131	7.534	7.422
184	6.738	6.72	7.208	7.047
185	6.842	6.827	7.267	7.115
186	7.171	7.146	7.631	7.456
187	7.484	7.456	7.93	7.783
188	7.242	7.219	7.666	7.52
189	7.288	7.266	7.644	7.545
190	7.509	7.483	7.893	7.771
191	6.971	6.957	7.383	7.237
192	7.336	7.317	7.739	7.605
193	7.28	7.261	7.659	7.537
194	7.648	7.619	7.99	7.889
195	7.563	7.54	7.977	7.849
196	7.658	7.632	8.089	7.95
197	7.604	7.584	7.997	7.884
198	7.535	7.512	7.939	7.814
199	7.226	7.204	7.604	7.482
200	7.269	7.247	7.656	7.542
201	7.379	7.359	7.745	7.647
202	7.286	7.259	7.691	7.553
203	7.124	7.096	7.532	7.394
204	7.404	7.377	7.818	7.679
205	7.287	7.263	7.682	7.563
206	7.269	7.237	7.682	7.543
207	7.736	7.704	8.111	8.008
208	7.818	7.788	8.162	8.073
209	7.588	7.561	7.991	7.875
210	7.516	7.49	7.893	7.777
211	7.288	7.268	7.675	7.551
212	7.397	7.368	7.797	7.676
213	7.751	7.722	8.166	8.043
214	7.752	7.72	8.179	8.045
215	7.905	7.872	8.265	8.165
216	7.797	7.773	8.173	8.073
217	7.782	7.751	8.154	8.044
218	7.638	7.612	8.004	7.908
219	7.751	7.732	8.098	8.017
220	7.541	7.514	7.936	7.823
221	7.428	7.404	7.792	7.689
222	7.117	7.102	7.505	7.38
223	7.415	7.394	7.788	7.686
224	7.359	7.334	7.741	7.63
225	7.005	6.98	7.405	7.275
226	7.202	7.179	7.58	7.465
227	6.853	6.832	7.231	7.114
228	7.026	7.005	7.377	7.283
229	7.233	7.206	7.579	7.483
230	7.611	7.592	7.934	7.857
231	7.475	7.45	7.765	7.7
232	7.403	7.377	7.716	7.639
233	7.469	7.448	7.785	7.714
234	7.473	7.449	7.742	7.692
235	7.963	7.932	8.259	8.194
236	7.633	7.599	7.914	7.843
237	7.825	7.791	8.139	8.071
238	7.718	7.689	8.05	7.963
239	7.416	7.396	7.724	7.644
240	7.603	7.581	7.944	7.854
241	7.582	7.559	7.903	7.824
242	7.551	7.53	7.872	7.791
243	7.304	7.281	7.626	7.539
244	7.451	7.425	7.769	7.671
245	7.445	7.416	7.763	7.671
246	7.189	7.162	7.51	7.413
247	6.974	6.943	7.337	7.22
248	6.813	6.789	7.183	7.051
249	6.859	6.839	7.213	7.102
250	6.804	6.787	7.123	7.02
251	6.565	6.548	6.929	6.8
252	6.379	6.365	6.77	6.615
253	6.276	6.261	6.674	6.526
254	6.382	6.366	6.76	6.621
255	6.356	6.333	6.749	6.601
256	6.53	6.52	6.93	6.793
257	6.684	6.664	7.011	6.891
258	6.675	6.653	7.013	6.885
259	6.521	6.501	6.864	6.742
260	6.648	6.624	7.006	6.879
261	6.571	6.549	6.961	6.818
262	6.709	6.693	7.087	6.957
263	6.593	6.567	6.984	6.837
264	6.627	6.603	7.049	6.884
265	6.712	6.686	7.109	6.962
266	6.621	6.599	6.995	6.858
267	6.578	6.567	6.979	6.824
268	6.416	6.396	6.823	6.669
269	6.481	6.469	6.85	6.711
270	6.51	6.49	6.872	6.75
271	6.558	6.542	6.885	6.772
272	6.26	6.247	6.598	6.464
273	6.458	6.446	6.817	6.683
274	6.347	6.332	6.709	6.576
275	6.329	6.323	6.705	6.576
276	6.18	6.166	6.595	6.433
277	6.242	6.232	6.616	6.473
278	6.135	6.12	6.542	6.373
279	6.641	6.632	6.994	6.875
280	6.524	6.508	6.926	6.784
281	6.558	6.54	6.967	6.806
282	6.526	6.513	6.935	6.781
283	6.463	6.452	6.872	6.727
284	6.134	6.116	6.556	6.395
285	6.393	6.375	6.844	6.682
286	6.452	6.434	6.844	6.698
287	6.567	6.551	6.965	6.827
288	6.396	6.384	6.799	6.662
289	6.587	6.573	7.001	6.854
290	6.642	6.622	7.032	6.903
291	6.651	6.634	7.054	6.916
292	6.399	6.388	6.823	6.666
293	6.237	6.229	6.642	6.499
294	6.421	6.415	6.842	6.685
295	6.205	6.192	6.613	6.464
296	6.586	6.571	6.998	6.87
297	6.436	6.424	6.863	6.714
298	6.549	6.539	6.937	6.803
299	6.14	6.138	6.557	6.406
300	5.978	5.976	6.43	6.255
301	6.121	6.112	6.578	6.397
302	6.313	6.302	6.756	6.598
303	6.213	6.206	6.711	6.51
304	6.11	6.099	6.597	6.407
305	6.199	6.187	6.686	6.491
306	6.214	6.201	6.73	6.522
307	6.491	6.478	6.982	6.802
308	6.444	6.425	6.9	6.731
309	6.223	6.21	6.668	6.505
310	6.501	6.484	6.996	6.815
311	6.469	6.447	6.967	6.78
312	6.607	6.59	7.056	6.88
313	6.538	6.518	6.957	6.798
314	6.384	6.368	6.854	6.662
315	6.542	6.53	6.978	6.815
316	6.527	6.511	6.989	6.809
317	6.662	6.643	7.099	6.939
318	6.57	6.552	7.037	6.856
319	6.624	6.617	7.041	6.88
320	6.679	6.667	7.124	6.951
321	6.61	6.59	7.08	6.902
322	6.485	6.472	6.924	6.757
323	6.12	6.111	6.597	6.381
324	6.154	6.146	6.598	6.421
325	6.521	6.498	6.974	6.795
326	6.141	6.131	6.56	6.391
327	6.196	6.182	6.664	6.47
328	6.563	6.551	6.976	6.818
329	6.474	6.466	6.9	6.735
330	6.519	6.512	6.963	6.785
331	6.448	6.44	6.864	6.686
332	6.476	6.464	6.935	6.752
333	6.586	6.57	7.002	6.846
334	6.711	6.692	7.135	6.968
335	6.838	6.823	7.247	7.096
336	7.032	7.014	7.469	7.306
337	6.838	6.818	7.293	7.117
338	7.161	7.14	7.554	7.421
339	6.98	6.952	7.43	7.253
340	7.125	7.102	7.552	7.397
341	6.77	6.747	7.172	7.024
342	7.013	6.99	7.411	7.274
343	6.708	6.693	7.146	6.983
344	6.706	6.685	7.155	6.98
345	6.553	6.535	6.996	6.825
346	6.734	6.709	7.153	6.991
347	6.837	6.814	7.253	7.092
348	6.644	6.627	7.097	6.912
349	6.627	6.609	7.014	6.864
350	6.743	6.723	7.175	7.002
351	6.959	6.934	7.385	7.221
352	7.033	7.01	7.408	7.272
353	7.2	7.178	7.599	7.461
354	7.178	7.162	7.552	7.43
355	7.378	7.357	7.741	7.628
356	7.289	7.264	7.666	7.541
357	7.205	7.181	7.608	7.466
358	7.204	7.188	7.603	7.465
359	7.214	7.195	7.586	7.451
360	7.061	7.043	7.437	7.304
361	7.508	7.484	7.88	7.757
362	6.769	6.757	7.19	7.032
363	7.209	7.191	7.589	7.451
364	7.304	7.287	7.723	7.566
365	6.779	6.763	7.185	7.02
366	6.507	6.498	6.944	6.765
367	6.905	6.892	7.301	7.152
368	6.968	6.952	7.397	7.23
369	6.945	6.93	7.364	7.192
370	6.884	6.873	7.256	7.116
371	6.782	6.766	7.21	7.038
372	6.932	6.909	7.334	7.18
373	6.453	6.437	6.868	6.7
374	6.286	6.272	6.729	6.537
375	6.413	6.403	6.844	6.666
376	6.204	6.19	6.633	6.444
377	6.058	6.042	6.504	6.305
378	5.897	5.884	6.367	6.162
379	5.903	5.888	6.345	6.148
380	6.046	6.034	6.492	6.293
381	6.109	6.099	6.534	6.348
382	6.281	6.267	6.726	6.53
383	6.594	6.58	7.018	6.84
384	6.77	6.758	7.2	7.031
385	6.793	6.78	7.228	7.053
386	6.848	6.831	7.24	7.09
387	6.511	6.497	6.942	6.763
388	6.393	6.377	6.868	6.66
389	6.675	6.655	7.107	6.928
390	6.67	6.654	7.121	6.94
391	6.847	6.834	7.272	7.105
392	6.752	6.728	7.185	7.004
393	6.703	6.684	7.118	6.943
394	6.693	6.676	7.115	6.933
395	6.745	6.737	7.138	6.974
396	6.751	6.734	7.155	6.997
397	6.654	6.636	7.078	6.913
398	7.088	7.071	7.504	7.338
399	6.599	6.583	7.056	6.87
400	6.411	6.393	6.836	6.658
401	6.272	6.256	6.749	6.545
402	6.454	6.436	6.909	6.718
403	6.651	6.634	7.081	6.907
404	6.716	6.7	7.144	6.97
405	6.845	6.826	7.279	7.092
406	6.349	6.333	6.807	6.609
407	6.127	6.112	6.633	6.402
408	6.359	6.338	6.835	6.619
409	6.604	6.583	7.062	6.858
410	6.439	6.422	6.878	6.685
411	6.467	6.454	6.898	6.712
412	6.638	6.623	7.047	6.878
413	6.555	6.538	7.001	6.811
414	6.508	6.487	6.953	6.765
415	6.708	6.691	7.122	6.956
416	6.775	6.755	7.221	7.044
417	6.303	6.285	6.757	6.549
418	6.39	6.37	6.792	6.614
419	6.553	6.542	6.974	6.799
420	6.5	6.485	6.925	6.754
421	6.566	6.548	6.982	6.815
422	6.472	6.458	6.849	6.7
423	6.451	6.436	6.865	6.706
424	6.324	6.304	6.737	6.561
425	6.133	6.12	6.566	6.365
426	6.145	6.13	6.577	6.387
427	6.315	6.299	6.746	6.57
428	6.353	6.335	6.799	6.62
429	6.273	6.258	6.692	6.501
430	5.92	5.903	6.375	6.165
431	6.33	6.305	6.76	6.571
432	6.724	6.709	7.112	6.955
433	6.911	6.898	7.263	7.129
434	6.591	6.577	6.987	6.822
435	6.731	6.713	7.149	6.97
436	7.112	7.095	7.461	7.331
437	6.996	6.976	7.373	7.221
438	6.774	6.754	7.191	7.013
439	6.929	6.917	7.311	7.164
440	6.86	6.842	7.261	7.101
441	6.713	6.701	7.123	6.959
442	6.867	6.852	7.326	7.143
443	6.772	6.754	7.232	7.035
444	6.748	6.728	7.222	7.024
445	6.712	6.696	7.17	6.981
446	6.64	6.63	7.108	6.916
447	6.474	6.462	6.947	6.74
448	6.761	6.747	7.228	7.034
449	6.463	6.447	6.944	6.726
450	6.638	6.627	7.097	6.897
451	6.616	6.605	7.105	6.886
452	6.433	6.43	6.929	6.701
453	6.437	6.43	6.948	6.709
454	6.592	6.581	7.095	6.862
455	6.644	6.636	7.119	6.904
456	6.851	6.844	7.333	7.115
457	6.791	6.777	7.224	7.029
458	6.793	6.781	7.265	7.07
459	6.769	6.756	7.246	7.039
460	7.129	7.106	7.591	7.41
461	7.171	7.155	7.633	7.439
462	6.843	6.831	7.336	7.124
463	7.073	7.054	7.562	7.354
464	7.312	7.299	7.822	7.604
465	6.926	6.913	7.439	7.231
466	6.813	6.798	7.317	7.101
467	6.974	6.961	7.463	7.259
468	6.914	6.903	7.427	7.198
469	6.911	6.897	7.409	7.189
470	7.151	7.141	7.608	7.423
471	7.339	7.326	7.815	7.62
472	7.116	7.098	7.566	7.382
473	7.376	7.361	7.815	7.644
474	7.535	7.522	7.987	7.814
475	7.4	7.381	7.85	7.667
476	7.276	7.261	7.661	7.519
477	7.705	7.684	8.093	7.959
478	7.637	7.621	8.067	7.912
479	7.631	7.61	8.1	7.925
480	7.461	7.441	7.9	7.732
481	7.559	7.536	8.008	7.827
482	7.346	7.324	7.761	7.598
483	7.743	7.719	8.155	8.002
484	7.492	7.466	7.908	7.757
485	7.453	7.429	7.865	7.724
486	7.68	7.657	8.098	7.946
487	7.561	7.536	7.966	7.82
488	7.536	7.517	7.956	7.794
489	7.337	7.314	7.789	7.611
490	7.477	7.451	7.902	7.726
491	7.591	7.563	8.019	7.846
492	7.58	7.551	8.026	7.843
493	7.471	7.447	7.936	7.751
494	7.464	7.436	7.91	7.729
495	7.749	7.719	8.202	8.02
496	7.571	7.549	8.012	7.842
497	7.529	7.506	7.989	7.81
498	7.405	7.389	7.84	7.674
499	7.551	7.528	7.958	7.803
500	7.463	7.439	7.875	7.712
501	7.417	7.396	7.819	7.667
502	7.717	7.693	8.127	7.968
503	7.635	7.612	8.041	7.893
504	7.791	7.763	8.173	8.023
505	7.73	7.701	8.12	7.97
506	7.664	7.638	8.067	7.906
507	7.78	7.757	8.164	8.021
508	7.74	7.714	8.159	7.994
509	7.64	7.62	8.007	7.866
510	7.643	7.62	8.081	7.912
511	7.601	7.574	8.045	7.873
512	7.606	7.591	8.015	7.851
513	7.683	7.658	8.12	7.959
514	7.764	7.733	8.194	8.029
515	7.999	7.973	8.372	8.234
516	7.843	7.818	8.239	8.102
517	7.945	7.923	8.331	8.198
518	7.909	7.89	8.329	8.177
519	7.903	7.875	8.301	8.163
520	7.98	7.956	8.349	8.23
521	7.981	7.951	8.373	8.237
522	7.924	7.892	8.35	8.191
523	7.816	7.791	8.252	8.091
524	7.942	7.914	8.372	8.209
525	8.015	7.991	8.473	8.309
526	7.981	7.953	8.41	8.25
527	8.023	7.996	8.447	8.299
528	8.064	8.039	8.505	8.349
529	7.901	7.881	8.336	8.188
530	7.885	7.855	8.287	8.142
531	7.793	7.767	8.222	8.071
532	7.741	7.708	8.192	8.025
533	7.782	7.754	8.22	8.057
534	7.885	7.859	8.277	8.139
535	8.114	8.087	8.483	8.359
536	7.85	7.821	8.251	8.107
537	7.992	7.964	8.388	8.252
538	7.699	7.665	8.096	7.952
539	7.921	7.892	8.314	8.18
540	7.607	7.582	8.054	7.898
541	7.842	7.82	8.245	8.11
542	7.842	7.817	8.26	8.119
543	7.912	7.886	8.324	8.187
544	7.665	7.638	8.076	7.941
545	7.815	7.791	8.187	8.067
546	7.962	7.936	8.335	8.215
547	7.915	7.895	8.264	8.161
548	7.706	7.689	8.091	7.963
549	7.655	7.626	8.04	7.902
550	8.006	7.98	8.408	8.279
551	7.958	7.929	8.379	8.235
552	7.885	7.853	8.294	8.155
553	7.939	7.911	8.394	8.234
554	7.732	7.705	8.146	7.996
555	7.631	7.601	8.054	7.904
556	7.56	7.539	8.011	7.846
557	7.778	7.753	8.187	8.045
558	7.886	7.865	8.325	8.17
559	7.82	7.795	8.22	8.078
560	7.947	7.923	8.333	8.209
561	7.921	7.9	8.332	8.186
562	8.083	8.055	8.489	8.339
563	7.745	7.722	8.173	8.019
564	7.918	7.896	8.323	8.182
565	7.765	7.74	8.201	8.044
566	7.984	7.954	8.386	8.251
567	7.848	7.819	8.235	8.109
568	7.903	7.881	8.321	8.187
569	7.736	7.716	8.128	7.992
570	7.919	7.893	8.335	8.196
571	7.983	7.954	8.399	8.259
572	7.849	7.825	8.264	8.134
573	7.935	7.907	8.35	8.214
574	7.976	7.954	8.35	8.237
575	7.857	7.834	8.245	8.128
576	7.739	7.713	8.148	8.011
577	7.683	7.66	8.08	7.943
578	7.763	7.74	8.102	7.997
579	7.771	7.747	8.157	8.029
580	7.78	7.755	8.18	8.046
581	7.745	7.719	8.126	8.008
582	7.75	7.728	8.117	7.998
583	7.767	7.747	8.142	8.021
584	7.752	7.729	8.126	8.005
585	7.837	7.811	8.231	8.102
586	7.757	7.739	8.147	8.02
587	7.753	7.726	8.139	8.013
588	7.739	7.71	8.144	8.01
589	7.859	7.834	8.254	8.131
590	7.9	7.881	8.3	8.168
591	7.831	7.808	8.232	8.1
592	7.937	7.914	8.345	8.211
593	7.877	7.85	8.266	8.144
594	7.889	7.866	8.287	8.159
595	7.911	7.889	8.32	8.184
596	7.794	7.768	8.19	8.06
597	7.933	7.906	8.325	8.194
598	7.786	7.761	8.202	8.067
599	7.91	7.878	8.316	8.176
600	7.987	7.958	8.364	8.241
601	7.845	7.814	8.239	8.094
602	7.83	7.8	8.24	8.104
603	7.951	7.932	8.346	8.216
604	8.02	7.993	8.368	8.257
605	8.024	8.002	8.398	8.278
606	7.862	7.844	8.22	8.101
607	7.913	7.889	8.264	8.147
608	7.751	7.73	8.14	8.003
609	7.778	7.76	8.181	8.036
610	7.77	7.752	8.165	8.038
611	7.701	7.676	8.108	7.964
612	7.495	7.475	7.889	7.753
613	7.852	7.822	8.215	8.105
614	7.894	7.878	8.23	8.138
615	7.744	7.728	8.104	7.992
616	7.724	7.704	8.077	7.97
617	7.91	7.896	8.259	8.157
618	7.893	7.872	8.273	8.155
619	7.601	7.583	7.986	7.867
620	7.974	7.956	8.369	8.252
621	8.088	8.063	8.436	8.341
622	7.759	7.742	8.122	8.021
623	7.924	7.898	8.287	8.175
624	7.78	7.753	8.115	8.015
625	7.736	7.71	8.115	7.989
626	7.843	7.822	8.202	8.093
627	7.691	7.668	8.1	7.961
628	7.736	7.71	8.146	7.998
629	7.828	7.804	8.242	8.1
630	7.945	7.915	8.333	8.215
631	8.037	8.017	8.423	8.318
632	7.999	7.974	8.42	8.296
633	7.712	7.689	8.132	7.994
634	7.873	7.846	8.31	8.172
635	7.796	7.767	8.204	8.074
636	8.021	7.998	8.41	8.295
637	7.965	7.939	8.354	8.243
638	7.846	7.823	8.255	8.134
639	8.01	7.985	8.429	8.305
640	7.978	7.961	8.401	8.265
641	8.142	8.118	8.535	8.419
642	8.269	8.247	8.666	8.552
643	8.201	8.174	8.613	8.49
644	7.892	7.868	8.291	8.167
645	8.034	8.007	8.46	8.327
646	8.31	8.284	8.725	8.594
647	8.18	8.157	8.61	8.483
648	8.203	8.182	8.621	8.494
649	8.12	8.091	8.533	8.401
650	7.969	7.946	8.394	8.26
651	8.034	8.008	8.463	8.318
652	7.946	7.927	8.361	8.223
653	7.941	7.915	8.316	8.206
654	8.124	8.101	8.479	8.379
655	8.11	8.088	8.528	8.403
656	8.026	7.999	8.411	8.292
657	8.089	8.066	8.488	8.358
658	8.08	8.054	8.451	8.327
659	7.982	7.956	8.394	8.255
660	8.129	8.102	8.509	8.391
661	7.884	7.856	8.275	8.148
662	7.76	7.73	8.215	8.044
663	8.033	8.009	8.456	8.315
664	7.969	7.946	8.42	8.264
665	8.112	8.088	8.527	8.387
666	8.032	8.003	8.452	8.319
667	7.984	7.963	8.388	8.257
668	7.797	7.776	8.2	8.07
669	7.902	7.88	8.291	8.165
670	8.013	7.998	8.408	8.276
671	8.168	8.146	8.543	8.423
672	8.059	8.043	8.456	8.328
673	8.105	8.09	8.504	8.379
674	8.293	8.273	8.691	8.563
675	8.041	8.016	8.445	8.321
676	7.995	7.978	8.453	8.305
677	8.146	8.125	8.577	8.439
678	8.04	8.022	8.457	8.33
679	8.109	8.091	8.533	8.408
680	8.171	8.152	8.608	8.474
681	8.161	8.141	8.586	8.462
682	8.292	8.272	8.711	8.59
683	8.095	8.073	8.497	8.374
684	8.113	8.095	8.539	8.419
685	8.127	8.107	8.544	8.42
686	7.811	7.79	8.219	8.086
687	8.13	8.107	8.537	8.417
688	8.205	8.185	8.641	8.511
689	8.07	8.046	8.53	8.387
690	8.063	8.046	8.539	8.391
691	8.084	8.062	8.555	8.407
692	7.976	7.95	8.415	8.282
693	7.998	7.974	8.44	8.302
694	7.854	7.829	8.302	8.164
695	8.224	8.196	8.654	8.527
696	7.812	7.786	8.243	8.107
697	8.061	8.034	8.502	8.359
698	8.002	7.989	8.443	8.306
699	7.944	7.926	8.384	8.255
700	7.921	7.906	8.354	8.221
701	7.944	7.929	8.372	8.237
702	7.782	7.767	8.226	8.085
703	7.693	7.676	8.121	7.99
704	7.627	7.607	8.092	7.951
705	7.713	7.698	8.16	8.018
706	8.045	8.02	8.487	8.351
707	8.008	7.987	8.424	8.307
708	8.045	8.022	8.43	8.326
709	8.211	8.19	8.645	8.517
710	7.969	7.949	8.409	8.275
711	8.107	8.086	8.568	8.432
712	7.956	7.932	8.434	8.283
713	7.859	7.837	8.34	8.189
714	8.053	8.025	8.472	8.357
715	7.946	7.922	8.371	8.24
716	8.1	8.085	8.526	8.406
717	8.069	8.048	8.511	8.379
718	8.007	7.982	8.436	8.303
719	8.099	8.076	8.513	8.399
720	8.152	8.13	8.56	8.445
721	8.19	8.169	8.625	8.512
722	8.21	8.186	8.658	8.529
723	8.051	8.035	8.458	8.339
724	8.34	8.317	8.783	8.651
725	8.104	8.083	8.503	8.381
726	8.098	8.075	8.52	8.39
727	7.841	7.815	8.259	8.128
728	7.787	7.762	8.268	8.103
729	7.971	7.95	8.451	8.295
730	7.931	7.909	8.407	8.257
731	7.962	7.946	8.446	8.289
732	7.929	7.903	8.405	8.244
733	7.9	7.874	8.38	8.227
734	8.176	8.159	8.623	8.487
735	8.02	8.002	8.465	8.339
736	8.006	7.984	8.469	8.326
737	7.803	7.776	8.25	8.109
738	7.784	7.76	8.232	8.085
739	8.131	8.111	8.578	8.437
740	8.268	8.246	8.701	8.578
741	8.137	8.107	8.564	8.43
742	8.045	8.022	8.489	8.347
743	8.012	7.99	8.51	8.335
744	7.928	7.908	8.438	8.263
745	8.004	7.977	8.487	8.321
746	7.736	7.718	8.214	8.057
747	7.886	7.865	8.356	8.202
748	8.112	8.091	8.616	8.454
749	7.77	7.749	8.247	8.09
750	7.999	7.977	8.447	8.299
751	7.99	7.961	8.405	8.273
752	7.994	7.98	8.431	8.293
753	8.026	8.002	8.456	8.318
754	8.135	8.109	8.619	8.453
755	8.093	8.067	8.567	8.412
756	7.929	7.911	8.394	8.234
757	8.282	8.26	8.718	8.579
758	8.072	8.048	8.552	8.39
759	8.122	8.102	8.573	8.429
760	8.003	7.975	8.45	8.305
761	7.996	7.974	8.435	8.292
762	8.119	8.093	8.576	8.419
763	8.274	8.247	8.764	8.608
764	8.264	8.242	8.735	8.579
765	8.183	8.16	8.637	8.495
766	7.91	7.885	8.353	8.214
767	8.048	8.021	8.505	8.354
768	8.169	8.148	8.63	8.48
769	8.248	8.228	8.706	8.566
770	8.185	8.153	8.677	8.516
771	7.891	7.87	8.389	8.216
772	8.028	8.006	8.519	8.352
773	8.171	8.148	8.624	8.473
774	8.218	8.19	8.664	8.523
775	8.379	8.356	8.849	8.704
776	8.188	8.162	8.637	8.49
777	7.988	7.957	8.458	8.3
778	8.152	8.125	8.614	8.471
779	8.169	8.138	8.644	8.497
780	8.178	8.15	8.66	8.51
781	8.244	8.212	8.704	8.558
782	8.003	7.975	8.467	8.316
783	8.029	7.997	8.533	8.36
784	8.111	8.083	8.575	8.428
785	8.089	8.057	8.585	8.424
786	8.202	8.172	8.674	8.524
787	8.318	8.287	8.802	8.647
788	8.178	8.151	8.64	8.492
789	7.837	7.809	8.29	8.139
790	7.799	7.775	8.267	8.123
791	7.897	7.87	8.372	8.216
792	7.984	7.953	8.416	8.276
793	7.996	7.97	8.444	8.29
794	8.052	8.024	8.558	8.384
795	7.904	7.881	8.406	8.24
796	7.793	7.765	8.302	8.12
797	7.94	7.914	8.439	8.267
798	7.878	7.857	8.349	8.198
799	7.864	7.844	8.328	8.178
800	8.001	7.981	8.466	8.32
801	7.974	7.95	8.436	8.284
802	8.089	8.063	8.546	8.398
803	7.917	7.891	8.378	8.232
804	8.147	8.125	8.598	8.451
805	8.057	8.031	8.53	8.37
806	7.97	7.947	8.44	8.286
807	8.078	8.054	8.552	8.397
808	7.948	7.928	8.39	8.245
809	8.172	8.145	8.623	8.48
810	8.029	8.008	8.502	8.34
811	8.007	7.987	8.456	8.311
812	7.955	7.932	8.431	8.283
813	7.968	7.947	8.462	8.31
814	7.813	7.792	8.301	8.146
815	7.933	7.912	8.371	8.233
816	7.991	7.965	8.419	8.283
817	7.945	7.915	8.408	8.256
818	7.796	7.775	8.256	8.108
819	7.814	7.785	8.294	8.124
820	7.969	7.945	8.456	8.302
821	7.979	7.957	8.465	8.311
822	7.746	7.725	8.243	8.076
823	7.87	7.848	8.396	8.221
824	7.684	7.665	8.2	8.022
825	7.619	7.604	8.154	7.969
826	7.878	7.857	8.388	8.215
827	7.95	7.925	8.42	8.266
828	7.647	7.624	8.171	7.99
829	7.78	7.753	8.284	8.112
830	7.792	7.773	8.282	8.122
831	7.747	7.724	8.242	8.075
832	7.589	7.57	8.065	7.91
833	7.854	7.833	8.326	8.179
834	7.646	7.623	8.128	7.972
835	7.756	7.731	8.238	8.077
836	7.859	7.831	8.37	8.19
837	7.792	7.771	8.304	8.134
838	7.904	7.885	8.408	8.237
839	7.674	7.648	8.197	8.011
840	7.71	7.691	8.199	8.03
841	7.646	7.622	8.152	7.983
842	7.659	7.637	8.137	7.99
843	7.702	7.679	8.207	8.039
844	7.715	7.693	8.18	8.032
845	7.924	7.901	8.396	8.248
846	7.736	7.715	8.244	8.075
847	7.672	7.651	8.163	8.002
848	7.788	7.766	8.248	8.102
849	7.824	7.8	8.311	8.156
850	7.857	7.825	8.36	8.195
851	7.908	7.881	8.386	8.235
852	7.731	7.712	8.224	8.067
853	7.767	7.74	8.292	8.11
854	8.017	7.994	8.497	8.347
855	7.959	7.939	8.425	8.271
856	7.938	7.915	8.416	8.267
857	7.717	7.697	8.226	8.058
858	7.923	7.895	8.427	8.256
859	7.675	7.646	8.188	8.005
860	7.848	7.823	8.354	8.192
861	7.899	7.876	8.395	8.233
862	7.962	7.942	8.427	8.285
863	7.838	7.817	8.333	8.178
864	7.784	7.761	8.298	8.132
865	7.816	7.791	8.311	8.14
866	7.948	7.921	8.425	8.27
867	7.986	7.961	8.474	8.323
868	7.699	7.675	8.175	8.022
869	7.822	7.803	8.283	8.141
870	7.845	7.827	8.308	8.167
871	7.709	7.691	8.207	8.042
872	7.701	7.681	8.205	8.028
873	7.968	7.95	8.469	8.301
874	7.816	7.793	8.32	8.16
875	8.05	8.03	8.521	8.369
876	8.039	8.015	8.547	8.369
877	7.93	7.906	8.423	8.257
878	7.845	7.823	8.312	8.173
879	8.072	8.052	8.524	8.388
880	7.999	7.976	8.45	8.314
881	7.883	7.855	8.358	8.203
882	7.824	7.802	8.296	8.136
883	7.813	7.789	8.302	8.141
884	7.729	7.705	8.199	8.054
885	7.943	7.923	8.415	8.266
886	8.143	8.111	8.587	8.452
887	7.962	7.941	8.401	8.256
888	7.907	7.882	8.387	8.231
889	8.119	8.092	8.579	8.434
890	8.107	8.086	8.556	8.423
891	8.253	8.228	8.718	8.57
892	8.14	8.12	8.592	8.452
893	8.072	8.049	8.558	8.405
894	7.945	7.926	8.441	8.289
895	7.765	7.739	8.247	8.08
896	7.882	7.856	8.396	8.228
897	7.97	7.941	8.508	8.319
898	7.983	7.963	8.466	8.312
899	8.091	8.062	8.565	8.405
900	8.093	8.071	8.538	8.396
901	7.9	7.871	8.384	8.22
902	8.297	8.272	8.781	8.619
903	8.062	8.037	8.547	8.383
904	7.95	7.922	8.444	8.27
905	7.942	7.911	8.469	8.274
906	8.016	7.991	8.497	8.335
907	8.178	8.152	8.688	8.527
908	8.073	8.055	8.588	8.416
909	7.901	7.881	8.431	8.253
910	7.869	7.847	8.373	8.205
911	7.736	7.712	8.255	8.067
912	7.948	7.925	8.447	8.271
913	8.213	8.19	8.742	8.555
914	8.055	8.031	8.593	8.391
915	8.043	8.018	8.586	8.388
916	8.02	7.996	8.551	8.358
917	8.056	8.037	8.596	8.4
918	8.189	8.161	8.694	8.517
919	8.043	8.016	8.597	8.401
920	7.958	7.933	8.494	8.299
921	7.844	7.815	8.367	8.174
922	7.852	7.821	8.355	8.182
923	7.999	7.972	8.503	8.323
924	7.861	7.836	8.356	8.178
925	7.881	7.859	8.384	8.211
926	7.926	7.901	8.421	8.253
927	7.897	7.878	8.393	8.224
928	8.059	8.039	8.562	8.387
929	8.022	8.004	8.518	8.353
930	7.749	7.731	8.281	8.089
931	7.826	7.811	8.304	8.153
932	7.941	7.927	8.426	8.265
933	7.97	7.949	8.43	8.277
934	8.015	7.994	8.515	8.337
935	8.282	8.265	8.764	8.613
936	8.105	8.083	8.593	8.428
937	8.106	8.084	8.615	8.448
938	8.079	8.056	8.579	8.415
939	7.969	7.948	8.462	8.295
940	8.127	8.111	8.603	8.449
941	8.055	8.037	8.567	8.391
942	8.189	8.164	8.717	8.54
943	8.135	8.11	8.649	8.466
944	8.11	8.09	8.651	8.472
945	8.139	8.112	8.691	8.494
946	8.171	8.148	8.692	8.518
947	8.203	8.178	8.724	8.552
948	8.059	8.032	8.618	8.417
949	8.273	8.25	8.782	8.611
950	8.237	8.213	8.74	8.559
951	8.14	8.107	8.67	8.474
952	8.146	8.118	8.66	8.479
953	8.236	8.207	8.733	8.563
954	8.04	8.017	8.558	8.377
955	7.974	7.952	8.498	8.312
956	8.021	7.998	8.546	8.362
957	8.134	8.114	8.647	8.463
958	8.08	8.053	8.6	8.424
959	7.837	7.813	8.394	8.191
960	7.722	7.703	8.264	8.064
961	7.598	7.581	8.136	7.935
962	7.997	7.973	8.544	8.355
963	7.966	7.944	8.474	8.302
964	8.119	8.096	8.597	8.44
965	8.042	8.021	8.547	8.38
966	8.068	8.048	8.559	8.407
967	8.029	8.001	8.55	8.361
968	7.838	7.816	8.35	8.177
969	8.139	8.119	8.634	8.467
970	8.005	7.981	8.489	8.325
971	7.924	7.899	8.453	8.26
972	7.917	7.9	8.431	8.262
973	7.848	7.823	8.399	8.201
974	8.089	8.063	8.587	8.418
975	8.071	8.046	8.584	8.407
976	8.051	8.032	8.557	8.375
977	7.98	7.956	8.475	8.305
978	8.257	8.227	8.771	8.594
979	8.04	8.012	8.541	8.372
980	8.1	8.078	8.588	8.434
981	8.059	8.032	8.571	8.395
982	7.892	7.864	8.403	8.216
983	7.952	7.925	8.464	8.278
984	7.9	7.87	8.411	8.227
985	8.08	8.049	8.577	8.415
986	8.302	8.273	8.764	8.629
987	8.079	8.045	8.553	8.4
988	7.93	7.908	8.403	8.247
989	8.107	8.08	8.611	8.44
990	8.072	8.045	8.559	8.403
991	8.085	8.061	8.561	8.404
992	8.056	8.026	8.548	8.393
993	8.076	8.047	8.572	8.416
994	7.897	7.869	8.411	8.232
995	8.052	8.028	8.537	8.383
996	7.983	7.959	8.449	8.303
997	8.02	7.989	8.517	8.355
998	7.967	7.947	8.44	8.296
999	8.011	7.984	8.486	8.332
1000	7.941	7.919	8.419	8.262
1001	8.042	8.017	8.5	8.363
1002	7.893	7.864	8.376	8.222
1003	7.927	7.902	8.427	8.269
1004	7.969	7.935	8.454	8.298
1005	8.245	8.221	8.706	8.57
1006	8.111	8.079	8.578	8.425
1007	8.244	8.218	8.715	8.574
1008	8.081	8.052	8.589	8.411
1009	7.992	7.966	8.463	8.302
1010	7.968	7.938	8.444	8.292
1011	8.131	8.104	8.612	8.464
1012	8.153	8.125	8.627	8.472
1013	8.015	7.983	8.525	8.347
1014	8.132	8.109	8.643	8.473
1015	8.156	8.128	8.657	8.494
1016	8.041	8.016	8.52	8.371
1017	7.987	7.958	8.484	8.32
1018	8.146	8.12	8.674	8.496
1019	8.214	8.182	8.708	8.537
1020	8.01	7.982	8.532	8.345
1021	7.986	7.957	8.497	8.323
1022	8.011	7.986	8.525	8.347
1023	7.801	7.777	8.312	8.129
1024	7.905	7.887	8.405	8.232
1025	7.852	7.825	8.359	8.184
1026	7.858	7.837	8.356	8.187
1027	7.929	7.902	8.42	8.26
1028	8.095	8.068	8.579	8.422
1029	8.031	8.009	8.56	8.386
1030	8.019	7.996	8.526	8.359
1031	7.819	7.793	8.33	8.158
1032	8.057	8.033	8.562	8.397
1033	8.209	8.178	8.668	8.523
1034	8.162	8.141	8.609	8.473
1035	7.966	7.945	8.466	8.301
1036	7.914	7.883	8.398	8.229
1037	7.84	7.808	8.356	8.169
1038	8.108	8.083	8.572	8.421
1039	8.19	8.164	8.682	8.525
1040	8.094	8.073	8.593	8.428
1041	7.974	7.949	8.461	8.3
1042	7.995	7.968	8.484	8.316
1043	8.057	8.038	8.527	8.371
1044	8.046	8.02	8.519	8.361
1045	8.136	8.112	8.621	8.459
1046	8.094	8.069	8.568	8.408
1047	8.179	8.152	8.665	8.505
1048	8.332	8.308	8.789	8.641
1049	8.126	8.099	8.617	8.451
1050	7.945	7.921	8.456	8.276
1051	8.135	8.113	8.603	8.454
1052	8.355	8.33	8.835	8.677
1053	8.216	8.196	8.689	8.535
1054	8.14	8.12	8.631	8.469
1055	8.226	8.207	8.734	8.56
1056	8.038	8.015	8.548	8.374
1057	8.118	8.095	8.612	8.436
1058	8.162	8.145	8.675	8.508
1059	8.094	8.067	8.618	8.44
1060	8.026	8	8.537	8.357
1061	8.04	8.017	8.5	8.348
1062	8.001	7.972	8.516	8.333
1063	7.843	7.814	8.347	8.16
1064	7.97	7.94	8.491	8.295
1065	7.799	7.775	8.319	8.12
1066	8.02	7.99	8.49	8.322
1067	8.012	7.993	8.47	8.306
1068	7.975	7.945	8.436	8.281
1069	7.895	7.871	8.377	8.203
1070	7.95	7.933	8.404	8.256
1071	8.083	8.057	8.55	8.397
1072	7.962	7.94	8.416	8.264
1073	8.214	8.19	8.663	8.524
1074	8.188	8.165	8.657	8.504
1075	8.143	8.12	8.582	8.446
1076	7.957	7.942	8.396	8.258
1077	7.852	7.829	8.297	8.159
1078	8.074	8.05	8.54	8.38
1079	8.047	8.021	8.53	8.368
1080	8	7.971	8.464	8.308
1081	7.979	7.95	8.455	8.292
1082	7.84	7.816	8.305	8.149
1083	7.736	7.711	8.21	8.051
1084	7.847	7.823	8.341	8.176
1085	7.969	7.944	8.462	8.29
1086	8.057	8.034	8.586	8.41
1087	8.133	8.112	8.635	8.47
1088	8.072	8.049	8.579	8.413
1089	8.135	8.111	8.625	8.46
1090	7.929	7.906	8.429	8.256
1091	7.917	7.892	8.387	8.23
1092	7.852	7.827	8.377	8.192
1093	7.886	7.862	8.368	8.216
1094	8.067	8.042	8.576	8.408
1095	8.128	8.1	8.644	8.463
1096	8.338	8.315	8.832	8.674
1097	8.324	8.303	8.798	8.648
1098	8.24	8.213	8.705	8.556
1099	8.285	8.257	8.725	8.598
1100	8.34	8.308	8.834	8.674
1101	8.266	8.237	8.77	8.605
1102	8.277	8.252	8.758	8.603
1103	8.314	8.286	8.811	8.648
1104	8.266	8.244	8.727	8.582
1105	8.313	8.293	8.8	8.637
1106	8.197	8.172	8.69	8.518
1107	7.987	7.955	8.528	8.328
1108	8.189	8.161	8.683	8.513
1109	8.086	8.061	8.591	8.416
1110	8.062	8.037	8.561	8.389
1111	7.843	7.819	8.35	8.165
1112	8.185	8.161	8.655	8.5
1113	7.801	7.781	8.303	8.126
1114	8.09	8.066	8.578	8.412
1115	8.205	8.185	8.676	8.524
1116	7.898	7.876	8.391	8.219
1117	8.295	8.267	8.735	8.6
1118	8.19	8.161	8.655	8.501
1119	8.086	8.063	8.558	8.401
1120	8.052	8.03	8.513	8.358
1121	8.085	8.063	8.533	8.386
1122	8.046	8.023	8.511	8.352
1123	7.915	7.887	8.384	8.22
1124	8.294	8.269	8.758	8.611
1125	8.234	8.208	8.668	8.532
1126	8.365	8.346	8.81	8.678
1127	8.382	8.358	8.813	8.682
1128	8.201	8.174	8.654	8.508
1129	8.355	8.331	8.814	8.66
1130	8.209	8.182	8.657	8.511
1131	8.311	8.291	8.808	8.649
1132	8.207	8.181	8.713	8.545
1133	8.195	8.179	8.693	8.529
1134	8.26	8.235	8.69	8.552
1135	8.1	8.076	8.574	8.42
1136	8.194	8.171	8.64	8.498
1137	8.199	8.176	8.642	8.503
1138	8.131	8.107	8.579	8.437
1139	7.987	7.964	8.486	8.318
1140	8.125	8.103	8.566	8.428
1141	8.194	8.17	8.643	8.499
1142	8.174	8.146	8.604	8.462
1143	8.175	8.15	8.639	8.48
1144	8.197	8.173	8.664	8.514
1145	8.097	8.073	8.563	8.411
1146	8.237	8.214	8.688	8.55
1147	8.098	8.067	8.561	8.411
1148	8.113	8.081	8.57	8.425
1149	8.046	8.018	8.546	8.376
1150	8.094	8.07	8.566	8.411
1151	8.188	8.161	8.66	8.513
1152	7.904	7.877	8.415	8.243
1153	8.033	8.006	8.486	8.34
1154	8.016	7.995	8.492	8.338
1155	8.222	8.198	8.673	8.529
1156	8.034	8.015	8.464	8.328
1157	8.097	8.073	8.557	8.404
1158	8.043	8.019	8.526	8.363
1159	8.059	8.03	8.545	8.384
1160	8.152	8.126	8.633	8.472
1161	8.126	8.104	8.633	8.459
1162	8.046	8.025	8.558	8.384
1163	8.371	8.346	8.839	8.686
1164	8.066	8.041	8.6	8.41
1165	8.187	8.161	8.678	8.514
1166	8.401	8.376	8.919	8.746
1167	8.404	8.375	8.914	8.748
1168	8.136	8.105	8.646	8.473
1169	8.37	8.339	8.864	8.697
1170	7.9	7.876	8.409	8.224
1171	8.222	8.197	8.727	8.553
1172	7.983	7.953	8.484	8.313
1173	8.286	8.267	8.808	8.634
1174	8.013	7.987	8.557	8.359
1175	7.951	7.932	8.484	8.292
1176	8.262	8.237	8.772	8.601
1177	8.218	8.194	8.74	8.555
1178	8.103	8.082	8.615	8.44
1179	8.161	8.138	8.663	8.493
1180	8.26	8.235	8.759	8.601
1181	8.26	8.234	8.746	8.583
1182	8.156	8.128	8.67	8.493
1183	7.996	7.972	8.49	8.325
1184	8.278	8.258	8.766	8.61
1185	8.34	8.314	8.822	8.665
1186	8.514	8.49	8.987	8.845
1187	8.277	8.244	8.758	8.6
1188	8.546	8.52	8.989	8.854
1189	8.596	8.568	9.032	8.901
1190	8.451	8.426	8.901	8.763
1191	8.552	8.524	8.99	8.857
1192	8.45	8.418	8.907	8.766
1193	8.418	8.387	8.861	8.725
1194	8.461	8.432	8.923	8.78
1195	8.428	8.395	8.864	8.732
1196	8.525	8.496	8.989	8.846
1197	8.609	8.585	9.033	8.92
1198	8.611	8.581	9.085	8.945
1199	8.796	8.77	9.262	9.128
1200	8.583	8.553	9.083	8.922
1201	8.483	8.454	8.973	8.818
1202	8.45	8.423	8.941	8.79
1203	8.285	8.262	8.755	8.609
1204	8.462	8.432	8.921	8.776
1205	8.415	8.39	8.905	8.751
1206	8.381	8.348	8.867	8.711
1207	8.328	8.299	8.828	8.667
1208	8.428	8.405	8.929	8.771
1209	8.441	8.414	8.927	8.775
1210	8.426	8.405	8.924	8.771
1211	8.507	8.483	8.995	8.842
1212	8.309	8.292	8.772	8.632
1213	8.265	8.235	8.747	8.594
1214	8.403	8.379	8.89	8.737
1215	8.266	8.239	8.775	8.609
1216	8.321	8.3	8.852	8.68
1217	8.589	8.559	9.099	8.932
1218	8.315	8.289	8.818	8.656
1219	8.331	8.309	8.798	8.65
1220	8.299	8.279	8.795	8.635
1221	8.491	8.466	8.97	8.824
1222	8.578	8.551	9.043	8.9
1223	8.414	8.385	8.898	8.737
1224	8.503	8.476	8.956	8.82
1225	8.434	8.412	8.877	8.741
1226	8.488	8.454	8.965	8.808
1227	8.366	8.346	8.868	8.703
1228	8.452	8.417	8.978	8.803
1229	8.313	8.282	8.827	8.654
1230	8.533	8.507	9.026	8.869
1231	8.357	8.331	8.832	8.685
1232	8.202	8.177	8.679	8.529
1233	8.27	8.241	8.735	8.588
1234	8.382	8.35	8.866	8.714
1235	8.169	8.133	8.661	8.485
1236	8.299	8.267	8.789	8.622
1237	8.397	8.37	8.876	8.727
1238	8.459	8.428	8.948	8.793
1239	8.328	8.306	8.796	8.654
1240	8.238	8.208	8.728	8.57
1241	8.272	8.251	8.75	8.601
1242	8.228	8.196	8.698	8.547
1243	8.406	8.381	8.873	8.721
1244	8.264	8.238	8.724	8.577
1245	8.35	8.327	8.799	8.666
1246	8.449	8.426	8.908	8.772
1247	8.352	8.321	8.82	8.668
1248	8.238	8.209	8.739	8.57
1249	8.355	8.329	8.809	8.669
1250	8.273	8.252	8.748	8.591
1251	8.461	8.433	8.947	8.787
1252	8.3	8.273	8.8	8.636
1253	8.396	8.367	8.849	8.713
1254	8.314	8.29	8.761	8.63
1255	8.274	8.244	8.741	8.589
1256	8.371	8.343	8.859	8.706
1257	8.339	8.305	8.8	8.656
1258	8.463	8.432	8.919	8.779
1259	8.322	8.293	8.79	8.644
1260	8.341	8.306	8.806	8.655
1261	8.289	8.258	8.771	8.621
1262	8.275	8.244	8.746	8.598
1263	8.296	8.268	8.726	8.602
1264	8.336	8.303	8.779	8.642
1265	8.482	8.454	8.916	8.79
1266	8.332	8.299	8.773	8.642
1267	8.429	8.395	8.908	8.757
1268	8.497	8.466	8.969	8.831
1269	8.489	8.459	8.965	8.818
1270	8.311	8.282	8.799	8.646
1271	8.401	8.379	8.893	8.737
1272	8.26	8.229	8.757	8.596
1273	8.355	8.328	8.827	8.675
1274	8.59	8.57	9.062	8.929
1275	8.411	8.386	8.881	8.742
1276	8.546	8.521	8.991	8.862
1277	8.284	8.258	8.727	8.596
1278	8.388	8.357	8.857	8.712
1279	8.406	8.382	8.878	8.731
1280	8.449	8.426	8.915	8.771
1281	8.285	8.26	8.715	8.58
1282	8.536	8.509	8.98	8.844
1283	8.611	8.586	9.062	8.919
1284	8.501	8.481	8.942	8.806
1285	8.258	8.23	8.71	8.564
1286	8.498	8.468	8.957	8.809
1287	8.543	8.517	8.995	8.858
1288	8.291	8.263	8.723	8.593
1289	8.499	8.471	8.957	8.812
1290	8.458	8.436	8.9	8.773
1291	8.601	8.583	9.021	8.903
1292	8.597	8.577	9.046	8.918
1293	8.499	8.478	8.968	8.821
1294	8.583	8.549	9.013	8.888
1295	8.478	8.45	8.941	8.793
1296	8.377	8.352	8.834	8.693
1297	8.248	8.224	8.704	8.562
1298	8.417	8.393	8.901	8.749
1299	8.399	8.37	8.906	8.739
1300	8.339	8.301	8.834	8.663
1301	8.177	8.149	8.667	8.505
1302	8.27	8.243	8.733	8.589
1303	8.217	8.19	8.707	8.539
1304	8.099	8.073	8.617	8.433
1305	8.161	8.142	8.644	8.492
1306	8.295	8.269	8.761	8.613
1307	8.188	8.162	8.676	8.518
1308	8.233	8.202	8.721	8.567
1309	8.342	8.317	8.811	8.667
1310	8.348	8.323	8.846	8.691
1311	8.427	8.401	8.912	8.765
1312	8.429	8.396	8.923	8.764
1313	8.374	8.348	8.89	8.725
1314	8.391	8.362	8.887	8.725
1315	8.273	8.247	8.822	8.633
1316	8.192	8.168	8.705	8.527
1317	8.202	8.18	8.724	8.559
1318	8.241	8.213	8.791	8.6
1319	8.179	8.152	8.682	8.512
1320	8.304	8.278	8.814	8.643
1321	8.245	8.219	8.743	8.587
1322	8.356	8.328	8.831	8.68
1323	8.413	8.385	8.884	8.741
1324	8.344	8.309	8.888	8.703
1325	8.441	8.414	8.923	8.773
1326	8.383	8.354	8.853	8.699
1327	8.347	8.315	8.849	8.694
1328	8.245	8.216	8.722	8.573
1329	8.334	8.302	8.812	8.661
1330	8.274	8.246	8.764	8.607
1331	8.436	8.406	8.904	8.762
1332	8.359	8.329	8.866	8.703
1333	8.2	8.169	8.681	8.524
1334	8.223	8.195	8.738	8.563
1335	8.094	8.069	8.62	8.445
1336	8.008	7.981	8.507	8.34
1337	8.278	8.248	8.737	8.6
1338	8.25	8.216	8.739	8.573
1339	8.124	8.09	8.613	8.462
1340	8.192	8.168	8.659	8.524
1341	8.301	8.277	8.745	8.619
1342	8.177	8.15	8.651	8.502
1343	8.217	8.193	8.7	8.55
1344	8.237	8.21	8.701	8.558
1345	8.476	8.451	8.953	8.81
1346	8.176	8.146	8.662	8.494
1347	8.073	8.043	8.588	8.409
1348	8.181	8.151	8.682	8.514
1349	8.155	8.129	8.663	8.495
1350	8.131	8.1	8.654	8.481
1351	8.286	8.259	8.819	8.646
1352	8.201	8.17	8.699	8.54
1353	8.183	8.158	8.707	8.534
1354	8.2	8.17	8.746	8.562
1355	8.187	8.159	8.695	8.535
1356	8.102	8.076	8.62	8.453
1357	8.145	8.117	8.67	8.495
1358	8.036	8.011	8.548	8.376
1359	8.103	8.075	8.587	8.434
1360	8.237	8.21	8.731	8.579
1361	8.134	8.105	8.631	8.477
1362	8.157	8.128	8.649	8.495
1363	8.101	8.072	8.596	8.44
1364	7.921	7.894	8.396	8.237
1365	8.017	7.991	8.487	8.339
1366	8.158	8.132	8.619	8.478
1367	8.07	8.04	8.59	8.415
1368	7.9	7.877	8.433	8.253
1369	7.941	7.908	8.468	8.287
1370	7.923	7.895	8.434	8.262
1371	8.175	8.143	8.686	8.517
1372	8.112	8.083	8.635	8.457
1373	7.973	7.945	8.513	8.324
1374	8.241	8.208	8.756	8.584
1375	8.077	8.051	8.583	8.412
1376	8.096	8.067	8.606	8.439
1377	8.168	8.139	8.681	8.514
1378	8.105	8.077	8.641	8.458
1379	8.128	8.099	8.64	8.47
1380	8.193	8.163	8.731	8.546
1381	7.968	7.939	8.469	8.303
1382	8.089	8.056	8.592	8.418
1383	8.066	8.031	8.578	8.4
1384	8.179	8.155	8.71	8.542
1385	8.153	8.126	8.647	8.494
1386	7.907	7.88	8.392	8.23
1387	8.161	8.133	8.637	8.485
1388	8.404	8.371	8.884	8.727
1389	8.088	8.058	8.587	8.424
1390	8.107	8.083	8.611	8.442
1391	8.071	8.046	8.578	8.411
1392	7.924	7.895	8.431	8.253
1393	8.066	8.039	8.553	8.394
1394	8.275	8.243	8.731	8.594
1395	8.226	8.197	8.709	8.558
1396	8.146	8.115	8.638	8.483
1397	8.283	8.248	8.76	8.608
1398	8.108	8.081	8.602	8.441
1399	8.205	8.17	8.7	8.53
1400	8.244	8.217	8.722	8.566
1401	8.147	8.12	8.642	8.478
1402	8.151	8.121	8.638	8.474
1403	8.093	8.063	8.565	8.411
1404	8.08	8.049	8.583	8.41
1405	8.074	8.042	8.584	8.407
1406	8.219	8.185	8.712	8.551
1407	8.149	8.121	8.644	8.475
1408	8.18	8.145	8.69	8.516
1409	8.033	8	8.538	8.363
1410	8.037	8.002	8.536	8.356
1411	8.277	8.243	8.738	8.587
1412	7.985	7.959	8.491	8.317
1413	8.047	8.016	8.527	8.369
1414	8.08	8.053	8.556	8.4
1415	8.068	8.039	8.586	8.405
1416	8.102	8.069	8.601	8.432
1417	7.967	7.942	8.473	8.301
1418	8.126	8.1	8.625	8.456
1419	8.175	8.143	8.655	8.5
1420	8.125	8.102	8.636	8.462
1421	8.087	8.06	8.585	8.414
1422	8.121	8.085	8.616	8.45
1423	8.108	8.07	8.586	8.423
1424	8.159	8.133	8.672	8.497
1425	8.16	8.133	8.637	8.48
1426	7.993	7.964	8.475	8.305
1427	7.929	7.893	8.417	8.246
1428	8.104	8.07	8.587	8.42
1429	8.048	8.016	8.567	8.391
1430	7.965	7.93	8.465	8.296
1431	7.953	7.918	8.458	8.281
1432	8.246	8.218	8.736	8.578
1433	8.219	8.193	8.687	8.542
1434	8.077	8.041	8.559	8.394
1435	8.155	8.12	8.612	8.472
1436	8.212	8.18	8.683	8.538
1437	8.126	8.094	8.584	8.447
1438	8.091	8.07	8.557	8.423
1439	8.447	8.416	8.922	8.779
1440	8.502	8.472	8.979	8.841
1441	8.217	8.182	8.71	8.549
1442	8.41	8.379	8.881	8.741
1443	8.33	8.303	8.788	8.644
1444	8.337	8.307	8.812	8.66
1445	8.267	8.233	8.724	8.592
1446	8.473	8.441	8.935	8.803
1447	8.327	8.299	8.81	8.657
1448	8.316	8.281	8.774	8.636
1449	8.471	8.44	8.941	8.801
1450	8.271	8.239	8.758	8.605
1451	8.169	8.139	8.631	8.478
1452	8.145	8.118	8.639	8.477
1453	8.32	8.288	8.8	8.648
1454	8.045	8.009	8.547	8.375
1455	7.977	7.951	8.466	8.31
1456	8.152	8.12	8.643	8.479
1457	8.188	8.156	8.675	8.519
1458	8.216	8.182	8.737	8.566
1459	8.292	8.257	8.796	8.639
1460	8.312	8.286	8.811	8.659
1461	8.229	8.205	8.752	8.589
1462	8.214	8.188	8.744	8.571
1463	8.476	8.443	9	8.836
1464	8.413	8.38	8.919	8.764
1465	8.571	8.535	9.076	8.917
1466	8.422	8.385	8.914	8.76
1467	8.348	8.318	8.829	8.683
1468	8.108	8.075	8.614	8.451
1469	8.137	8.104	8.609	8.464
1470	8.418	8.389	8.894	8.758
1471	8.295	8.265	8.794	8.639
1472	8.399	8.371	8.899	8.741
1473	8.267	8.232	8.749	8.589
1474	8.121	8.084	8.665	8.479
1475	8.067	8.038	8.563	8.402
1476	8.264	8.228	8.732	8.588
1477	8.342	8.314	8.806	8.682
1478	8.1	8.074	8.574	8.421
1479	8.109	8.079	8.601	8.44
1480	8.08	8.053	8.56	8.41
1481	8.169	8.146	8.642	8.497
1482	8.222	8.198	8.666	8.537
1483	8.279	8.253	8.748	8.617
1484	8.236	8.21	8.691	8.561
1485	8.147	8.124	8.635	8.478
1486	8.326	8.296	8.803	8.658
1487	8.319	8.293	8.8	8.65
1488	8.464	8.438	8.944	8.801
1489	8.408	8.377	8.887	8.739
1490	8.254	8.227	8.774	8.604
1491	8.322	8.285	8.821	8.667
1492	8.341	8.309	8.815	8.676
1493	8.35	8.314	8.839	8.688
1494	8.128	8.097	8.631	8.473
1495	8.169	8.138	8.675	8.514
1496	8.329	8.309	8.822	8.68
1497	8.468	8.431	8.968	8.808
1498	8.448	8.418	8.949	8.787
1499	8.204	8.173	8.689	8.536
1500	8.426	8.395	8.921	8.77
1501	8.207	8.169	8.703	8.535
1502	8.206	8.172	8.723	8.553
1503	8.233	8.199	8.714	8.56
1504	8.161	8.127	8.698	8.521
1505	8.037	8.001	8.554	8.384
1506	8.273	8.239	8.808	8.638
1507	8.326	8.294	8.846	8.679
1508	8.638	8.605	9.115	8.977
1509	8.33	8.294	8.797	8.66
1510	8.204	8.169	8.689	8.536
1511	8.312	8.276	8.777	8.626
1512	8.374	8.341	8.838	8.698
1513	8.156	8.125	8.594	8.459
1514	8.471	8.441	8.911	8.777
1515	8.16	8.126	8.636	8.481
1516	8.394	8.365	8.852	8.711
1517	8.288	8.248	8.715	8.589
1518	8.32	8.289	8.786	8.643
1519	8.357	8.332	8.824	8.682
1520	8.245	8.222	8.712	8.568
1521	8.455	8.431	8.901	8.771
1522	8.533	8.509	8.971	8.841
1523	8.393	8.371	8.867	8.73
1524	8.359	8.333	8.834	8.69
1525	8.393	8.369	8.861	8.722
1526	8.334	8.311	8.803	8.664
1527	8.435	8.41	8.937	8.788
1528	8.394	8.364	8.905	8.74
1529	8.356	8.321	8.875	8.706
1530	8.36	8.331	8.871	8.704
1531	8.357	8.326	8.836	8.689
1532	8.403	8.376	8.89	8.742
1533	8.372	8.348	8.866	8.716
1534	8.394	8.37	8.901	8.746
1535	8.375	8.349	8.891	8.731
1536	8.601	8.571	9.094	8.944
1537	8.195	8.17	8.698	8.544
1538	8.532	8.508	9.01	8.868
1539	8.494	8.469	8.953	8.813
1540	8.445	8.414	8.941	8.785
1541	8.27	8.246	8.774	8.625
1542	8.322	8.3	8.804	8.669
1543	8.349	8.322	8.831	8.687
1544	8.301	8.27	8.774	8.631
1545	8.359	8.334	8.83	8.688
1546	8.442	8.413	8.945	8.795
1547	8.35	8.323	8.861	8.705
1548	8.391	8.363	8.876	8.727
1549	8.42	8.398	8.932	8.785
1550	8.58	8.552	9.082	8.937
1551	8.445	8.416	8.963	8.811
1552	8.348	8.32	8.863	8.708
1553	8.253	8.227	8.788	8.623
1554	8.229	8.205	8.757	8.591
1555	8.445	8.416	8.983	8.818
1556	8.552	8.529	9.075	8.917
1557	8.374	8.347	8.905	8.746
1558	8.282	8.264	8.765	8.627
1559	8.316	8.296	8.793	8.657
1560	8.2	8.18	8.705	8.548
1561	8.38	8.361	8.86	8.715
1562	8.299	8.276	8.787	8.636
1563	8.448	8.421	8.931	8.781
1564	8.479	8.454	8.981	8.825
1565	8.52	8.493	9.016	8.869
1566	8.481	8.456	8.973	8.822
1567	8.571	8.544	9.061	8.916
1568	8.573	8.543	9.048	8.905
1569	8.48	8.45	8.96	8.813
1570	8.325	8.302	8.815	8.668
1571	8.432	8.407	8.925	8.776
1572	8.475	8.445	8.991	8.83
1573	8.331	8.297	8.853	8.691
1574	8.472	8.44	8.951	8.81
1575	8.378	8.346	8.862	8.713
1576	8.307	8.281	8.797	8.647
1577	8.506	8.475	8.997	8.844
1578	8.478	8.45	8.982	8.825
1579	8.379	8.349	8.862	8.713
1580	8.248	8.219	8.733	8.575
1581	8.329	8.302	8.812	8.667
1582	8.391	8.358	8.858	8.724
1583	8.252	8.218	8.761	8.598
1584	8.46	8.432	8.962	8.807
1585	8.362	8.327	8.833	8.688
1586	8.394	8.364	8.915	8.758
1587	8.284	8.253	8.806	8.633
1588	8.338	8.312	8.815	8.674
1589	8.21	8.181	8.665	8.532
1590	8.328	8.29	8.82	8.661
1591	8.268	8.239	8.713	8.582
1592	8.232	8.211	8.722	8.573
1593	8.37	8.341	8.878	8.713
1594	8.39	8.365	8.872	8.727
1595	8.163	8.138	8.683	8.517
1596	8.426	8.397	8.929	8.767
1597	8.265	8.234	8.719	8.577
1598	8.209	8.178	8.681	8.538
1599	8.439	8.41	8.86	8.746
1600	8.332	8.3	8.782	8.648
1601	8.437	8.408	8.9	8.764
1602	8.256	8.23	8.721	8.579
1603	8.351	8.325	8.8	8.674
1604	8.344	8.321	8.781	8.661
1605	8.435	8.408	8.902	8.765
1606	8.364	8.335	8.828	8.687
1607	8.322	8.292	8.81	8.655
1608	8.37	8.339	8.858	8.709
1609	8.458	8.431	8.956	8.799
1610	8.528	8.503	9.04	8.883
1611	8.431	8.408	8.909	8.762
1612	8.507	8.471	9.021	8.861
1613	8.603	8.576	9.1	8.949
1614	8.519	8.489	9.059	8.887
1615	8.615	8.586	9.12	8.969
1616	8.493	8.472	8.991	8.845
1617	8.611	8.587	9.125	8.968
1618	8.583	8.554	9.073	8.926
1619	8.468	8.448	8.977	8.824
1620	8.516	8.486	9.007	8.864
1621	8.569	8.544	9.062	8.921
1622	8.422	8.399	8.934	8.776
1623	8.478	8.448	8.981	8.819
1624	8.48	8.449	8.989	8.83
1625	8.652	8.616	9.157	8.997
1626	8.483	8.453	8.953	8.811
1627	8.309	8.286	8.773	8.635
1628	8.414	8.386	8.9	8.746
1629	8.459	8.433	8.95	8.8
1630	8.655	8.621	9.151	9.001
1631	8.578	8.547	9.097	8.93
1632	8.474	8.446	8.974	8.813
1633	8.342	8.31	8.81	8.666
1634	8.308	8.274	8.804	8.64
1635	8.281	8.249	8.759	8.608
1636	8.351	8.322	8.801	8.662
1637	8.302	8.268	8.779	8.627
1638	8.332	8.305	8.801	8.651
1639	8.466	8.434	8.921	8.782
1640	8.346	8.313	8.82	8.671
1641	8.446	8.42	8.931	8.777
1642	8.389	8.357	8.845	8.705
1643	8.424	8.39	8.905	8.76
1644	8.457	8.425	8.967	8.808
1645	8.51	8.477	9.026	8.863
1646	8.274	8.247	8.787	8.629
1647	8.56	8.534	9.108	8.933
1648	8.533	8.505	9.035	8.871
1649	8.32	8.293	8.826	8.652
1650	8.601	8.57	9.083	8.942
1651	8.374	8.35	8.874	8.719
1652	8.425	8.392	8.931	8.771
1653	8.32	8.289	8.839	8.679
1654	8.603	8.571	9.129	8.967
1655	8.286	8.252	8.818	8.643
1656	8.319	8.291	8.82	8.664
1657	8.385	8.358	8.9	8.735
1658	8.592	8.569	9.112	8.947
1659	8.586	8.561	9.079	8.935
1660	8.654	8.627	9.149	9.003
1661	8.192	8.162	8.73	8.544
1662	8.315	8.287	8.822	8.664
1663	8.427	8.401	8.934	8.772
1664	8.42	8.39	8.933	8.769
1665	8.363	8.337	8.876	8.715
1666	8.347	8.318	8.84	8.683
1667	8.465	8.438	8.998	8.826
1668	8.438	8.407	8.965	8.794
1669	8.284	8.244	8.834	8.65
1670	8.308	8.281	8.822	8.664
1671	8.284	8.248	8.828	8.653
1672	8.414	8.382	8.932	8.767
1673	8.307	8.278	8.849	8.673
1674	8.463	8.43	8.959	8.805
1675	8.553	8.512	9.078	8.914
1676	8.503	8.472	9.056	8.884
1677	8.482	8.448	9.016	8.842
1678	8.285	8.248	8.845	8.657
1679	8.52	8.483	9.046	8.881
1680	8.634	8.596	9.184	9.012
1681	8.674	8.64	9.226	9.055
1682	8.618	8.585	9.129	8.982
1683	8.449	8.414	8.959	8.81
1684	8.404	8.372	8.931	8.776
1685	8.323	8.289	8.881	8.698
1686	8.461	8.425	9.001	8.825
1687	8.496	8.458	9.028	8.863
1688	8.361	8.328	8.91	8.733
1689	8.487	8.454	9.03	8.855
1690	8.529	8.492	9.068	8.896
1691	8.531	8.497	9.079	8.902
1692	8.555	8.523	9.106	8.929
1693	8.561	8.523	9.127	8.935
1694	8.653	8.621	9.149	9.002
1695	8.608	8.574	9.118	8.958
1696	8.712	8.683	9.174	9.044
1697	8.722	8.692	9.18	9.056
1698	8.542	8.507	9.049	8.89
1699	8.499	8.467	8.985	8.837
1700	8.451	8.418	8.942	8.788
1701	8.472	8.441	8.94	8.793
1702	8.479	8.448	8.962	8.808
1703	8.342	8.308	8.831	8.673
1704	8.511	8.482	9.024	8.861
1705	8.478	8.443	9.007	8.834
1706	8.355	8.322	8.874	8.702
1707	8.407	8.373	8.931	8.763
1708	8.426	8.389	8.953	8.777
1709	8.48	8.452	8.985	8.82
1710	8.417	8.382	8.955	8.767
1711	8.4	8.363	8.925	8.74
1712	8.574	8.544	9.091	8.917
1713	8.359	8.327	8.886	8.705
1714	8.446	8.407	8.957	8.799
1715	8.367	8.338	8.867	8.708
1716	8.336	8.31	8.846	8.684
1717	8.283	8.251	8.801	8.625
1718	8.515	8.484	9.006	8.854
1719	8.236	8.207	8.755	8.577
1720	8.19	8.162	8.705	8.537
1721	8.39	8.361	8.914	8.744
1722	8.305	8.276	8.851	8.674
1723	8.404	8.38	8.904	8.749
1724	8.374	8.346	8.895	8.734
1725	8.273	8.243	8.853	8.653
1726	8.33	8.301	8.875	8.698
1727	8.263	8.228	8.811	8.625
1728	8.403	8.373	8.939	8.762
1729	8.281	8.244	8.857	8.657
1730	8.371	8.339	8.93	8.748
1731	8.455	8.424	8.99	8.811
1732	8.408	8.374	8.936	8.756
1733	8.513	8.481	9.046	8.873
1734	8.464	8.436	8.987	8.823
1735	8.448	8.415	8.966	8.805
1736	8.512	8.484	9.005	8.848
1737	8.578	8.549	9.111	8.946
1738	8.336	8.304	8.877	8.692
1739	8.295	8.266	8.836	8.648
1740	8.108	8.08	8.685	8.48
1741	8.332	8.305	8.886	8.699
1742	8.219	8.192	8.761	8.576
1743	8.025	7.992	8.615	8.404
1744	8.113	8.086	8.685	8.486
1745	8.303	8.277	8.821	8.651
1746	8.399	8.377	8.963	8.772
1747	8.41	8.382	8.929	8.757
1748	8.407	8.38	8.901	8.741
1749	8.367	8.342	8.877	8.714
1750	8.289	8.265	8.807	8.625
1751	8.152	8.13	8.657	8.494
1752	8.244	8.218	8.762	8.588
1753	8.371	8.349	8.863	8.703
1754	8.435	8.413	8.928	8.77
1755	8.226	8.2	8.738	8.577
1756	8.324	8.297	8.825	8.661
1757	8.257	8.237	8.744	8.6
1758	8.26	8.232	8.767	8.606
1759	8.122	8.1	8.647	8.482
1760	8.446	8.421	8.949	8.792
1761	8.511	8.487	9	8.848
1762	8.407	8.381	8.928	8.764
1763	8.293	8.267	8.816	8.648
1764	8.53	8.503	9.044	8.879
1765	8.376	8.348	8.895	8.728
1766	8.399	8.365	8.917	8.749
1767	8.317	8.295	8.844	8.669
1768	8.411	8.382	8.876	8.738
1769	8.418	8.393	8.898	8.753
1770	8.296	8.267	8.768	8.624
1771	8.277	8.256	8.789	8.63
1772	8.347	8.319	8.855	8.699
1773	8.201	8.167	8.725	8.55
1774	8.211	8.186	8.698	8.543
1775	8.222	8.196	8.727	8.571
1776	8.311	8.277	8.815	8.654
1777	8.084	8.056	8.602	8.441
1778	8.059	8.026	8.563	8.405
1779	8.13	8.095	8.666	8.488
1780	8.114	8.093	8.654	8.483
1781	8.068	8.033	8.582	8.404
1782	8.186	8.159	8.699	8.53
1783	8.312	8.289	8.853	8.677
1784	8.278	8.252	8.795	8.623
1785	8.465	8.436	8.945	8.808
1786	8.276	8.245	8.774	8.615
1787	8.334	8.305	8.856	8.678
1788	8.209	8.178	8.721	8.548
1789	8.232	8.202	8.799	8.589
1790	8.313	8.285	8.902	8.691
1791	8.235	8.207	8.805	8.601
1792	8.226	8.199	8.782	8.582
1793	8.177	8.152	8.714	8.528
1794	8.079	8.055	8.669	8.459
1795	8.276	8.253	8.869	8.656
1796	8.238	8.21	8.803	8.607
1797	8.249	8.223	8.838	8.629
1798	8.211	8.185	8.782	8.586
1799	8.312	8.287	8.887	8.687
1800	8.223	8.196	8.794	8.604
1801	8.356	8.328	8.893	8.709
1802	8.14	8.115	8.681	8.499
1803	8.298	8.274	8.87	8.678
1804	8.407	8.379	8.911	8.745
1805	8.411	8.385	8.882	8.735
1806	8.176	8.148	8.74	8.544
1807	8.426	8.405	8.94	8.773
1808	8.264	8.237	8.821	8.63
1809	8.234	8.204	8.746	8.576
1810	8.55	8.523	9.05	8.89
1811	8.405	8.381	8.93	8.757
1812	8.299	8.267	8.819	8.64
1813	8.441	8.409	8.945	8.776
1814	8.225	8.194	8.774	8.581
1815	8.307	8.282	8.858	8.669
1816	8.204	8.175	8.742	8.549
1817	8.37	8.344	8.869	8.716
1818	8.298	8.272	8.813	8.643
1819	8.416	8.385	8.931	8.764
1820	8.211	8.187	8.746	8.569
1821	8.132	8.108	8.665	8.484
1822	8.202	8.173	8.726	8.55
1823	8.275	8.251	8.808	8.628
1824	8.309	8.286	8.809	8.646
1825	8.296	8.263	8.809	8.637
1826	8.171	8.147	8.693	8.518
1827	8.267	8.242	8.765	8.606
1828	8.388	8.362	8.899	8.734
1829	8.304	8.278	8.808	8.634
1830	8.238	8.218	8.753	8.583
1831	8.295	8.274	8.773	8.614
1832	8.554	8.528	9.017	8.865
1833	8.487	8.461	8.967	8.81
1834	8.379	8.353	8.842	8.692
1835	8.382	8.358	8.864	8.703
1836	8.369	8.351	8.884	8.719
1837	8.327	8.299	8.823	8.654
1838	8.463	8.439	9.008	8.818
1839	8.413	8.392	8.926	8.76
1840	8.273	8.249	8.756	8.598
1841	8.375	8.346	8.897	8.72
1842	8.512	8.486	8.971	8.833
1843	8.243	8.21	8.769	8.593
1844	8.287	8.266	8.775	8.623
1845	8.361	8.334	8.878	8.717
1846	8.391	8.369	8.92	8.745
1847	8.356	8.327	8.898	8.706
1848	8.475	8.446	8.991	8.808
1849	8.312	8.29	8.84	8.658
1850	8.378	8.352	8.871	8.708
1851	8.326	8.303	8.83	8.672
1852	8.349	8.323	8.831	8.677
1853	8.45	8.421	8.925	8.775
1854	8.371	8.347	8.877	8.715
1855	8.374	8.35	8.891	8.717
1856	8.709	8.685	9.202	9.04
1857	8.559	8.537	9.055	8.886
1858	8.524	8.504	9.029	8.859
1859	8.237	8.21	8.724	8.556
1860	8.327	8.308	8.8	8.644
1861	8.467	8.446	8.945	8.788
1862	8.818	8.795	9.275	9.135
1863	8.643	8.614	9.121	8.962
1864	8.543	8.525	9.025	8.873
1865	8.568	8.546	9.056	8.896
1866	8.474	8.456	8.973	8.801
1867	8.4	8.382	8.872	8.705
1868	8.455	8.434	8.937	8.776
1869	8.484	8.458	9.022	8.839
1870	8.361	8.337	8.876	8.698
1871	8.332	8.316	8.832	8.666
1872	8.536	8.518	9.053	8.874
1873	8.454	8.44	8.948	8.79
1874	8.251	8.231	8.774	8.597
1875	8.255	8.232	8.793	8.612
1876	8.253	8.228	8.759	8.592
1877	8.271	8.248	8.82	8.631
1878	8.194	8.173	8.742	8.551
1879	8.224	8.197	8.743	8.565
1880	8.125	8.105	8.644	8.47
1881	8.264	8.25	8.822	8.624
1882	8.193	8.174	8.735	8.542
1883	8.162	8.147	8.705	8.51
1884	8.337	8.317	8.861	8.68
1885	8.302	8.284	8.826	8.649
1886	8.189	8.165	8.709	8.526
1887	8.19	8.168	8.75	8.552
1888	8.37	8.353	8.88	8.715
1889	8.361	8.342	8.872	8.705
1890	8.367	8.346	8.894	8.713
1891	8.259	8.237	8.785	8.608
1892	8.366	8.339	8.888	8.709
1893	8.43	8.407	8.913	8.757
1894	8.348	8.322	8.871	8.69
1895	8.391	8.368	8.912	8.737
1896	8.216	8.194	8.781	8.575
1897	8.341	8.32	8.888	8.703
1898	8.136	8.111	8.669	8.482
1899	7.872	7.851	8.44	8.226
1900	8.099	8.082	8.637	8.446
1901	8.254	8.234	8.765	8.585
1902	8.25	8.232	8.795	8.596
1903	8.12	8.102	8.653	8.468
1904	8.124	8.1	8.676	8.479
1905	8.045	8.019	8.597	8.395
1906	8.243	8.217	8.774	8.581
1907	8.274	8.253	8.825	8.632
1908	8.118	8.1	8.667	8.475
1909	8.078	8.061	8.628	8.435
1910	8.2	8.182	8.738	8.554
1911	8.264	8.244	8.798	8.617
1912	8.369	8.354	8.91	8.727
1913	8.344	8.33	8.88	8.699
1914	8.366	8.345	8.881	8.712
1915	8.338	8.321	8.839	8.67
1916	8.303	8.28	8.821	8.648
1917	8.366	8.348	8.858	8.694
1918	8.308	8.287	8.844	8.656
1919	8.27	8.25	8.789	8.611
1920	8.398	8.378	8.899	8.736
1921	8.443	8.42	8.931	8.763
1922	8.48	8.46	8.962	8.808
1923	8.534	8.509	9.041	8.874
1924	8.351	8.33	8.858	8.691
1925	8.332	8.306	8.855	8.682
1926	8.521	8.5	9.035	8.859
1927	8.36	8.341	8.878	8.712
1928	8.322	8.307	8.848	8.677
1929	8.621	8.599	9.115	8.956
1930	8.343	8.324	8.891	8.705
1931	8.407	8.39	8.936	8.755
1932	8.387	8.366	8.942	8.752
1933	8.461	8.443	8.968	8.811
1934	8.402	8.377	8.928	8.759
1935	8.346	8.326	8.867	8.692
1936	8.234	8.214	8.784	8.595
1937	8.5	8.478	9.03	8.852
1938	8.424	8.397	8.954	8.777
1939	8.468	8.446	8.98	8.813
1940	8.245	8.221	8.79	8.6
1941	8.475	8.449	8.925	8.793
1942	8.518	8.491	8.995	8.842
1943	8.594	8.575	9.075	8.92
1944	8.477	8.454	8.989	8.822
1945	8.49	8.467	8.991	8.834
1946	8.565	8.542	9.056	8.886
1947	8.468	8.451	8.964	8.801
1948	8.417	8.398	8.914	8.757
1949	8.448	8.425	8.969	8.788
1950	8.445	8.428	8.961	8.79
1951	8.373	8.357	8.887	8.706
1952	8.418	8.392	8.936	8.758
1953	8.432	8.407	8.98	8.807
1954	8.297	8.277	8.851	8.664
1955	8.433	8.41	8.959	8.781
1956	8.497	8.474	8.998	8.841
1957	8.463	8.442	8.982	8.806
1958	8.5	8.475	9.017	8.843
1959	8.745	8.727	9.249	9.087
1960	8.304	8.282	8.842	8.654
1961	8.511	8.495	9.052	8.869
1962	8.358	8.334	8.887	8.707
1963	8.421	8.404	8.946	8.762
1964	8.471	8.451	8.975	8.805
1965	8.452	8.437	8.968	8.79
1966	8.422	8.406	8.926	8.761
1967	8.286	8.263	8.84	8.647
1968	8.292	8.275	8.818	8.641
1969	8.321	8.302	8.85	8.672
1970	8.252	8.231	8.772	8.581
1971	8.258	8.231	8.782	8.602
1972	8.274	8.255	8.799	8.616
1973	8.257	8.235	8.776	8.597
1974	8.378	8.36	8.898	8.719
1975	8.51	8.492	9.013	8.844
1976	8.572	8.549	9.094	8.913
1977	8.55	8.534	9.071	8.89
1978	8.404	8.381	8.929	8.752
1979	8.525	8.508	9.038	8.873
1980	8.475	8.456	8.989	8.814
1981	8.221	8.208	8.713	8.556
1982	8.341	8.323	8.847	8.675
1983	8.351	8.335	8.86	8.696
1984	8.576	8.558	9.071	8.904
1985	8.492	8.468	9.002	8.834
1986	8.496	8.475	8.993	8.836
1987	8.528	8.505	9.022	8.86
1988	8.279	8.254	8.823	8.635
1989	8.584	8.557	9.107	8.933
1990	8.583	8.552	9.092	8.913
1991	8.418	8.398	8.914	8.757
1992	8.57	8.549	9.054	8.905
1993	8.404	8.379	8.882	8.724
1994	8.679	8.66	9.172	9.025
1995	8.726	8.703	9.196	9.047
1996	8.674	8.656	9.136	9
1997	8.519	8.493	9.009	8.857
1998	8.476	8.454	8.941	8.798
1999	8.459	8.436	8.959	8.797
2000	8.458	8.436	8.904	8.766
2001	8.459	8.437	8.905	8.767
