Time,Height_auto,Height_man
0.0,49.96515551613517,41.10224338445448
250.002,51.43324358657272,41.854690002458156
500.004,51.23093571935422,41.12602219899351
750.006,51.38149209406842,41.88637112025617
1000.008,52.025752044042264,42.513155012088085
1250.01,51.91278204714703,42.75731344649624
1500.012,50.707193502298644,42.63925587868389
1750.0140000000001,50.931711809178566,42.651276866403734
2000.016,49.44486438668674,40.32110862808417
2250.018,49.46279377593394,40.50726356007674
2500.02,50.29346119828398,42.45523131162782
2750.022,50.003882758765805,40.58707896398067
3000.024,50.92025345796247,42.954073648357834
3250.0260000000003,51.097901117362106,41.14064717551951
3500.0280000000002,51.35304362292322,40.877792308544336
3750.03,51.202615795644896,39.389597750452154
4000.032,51.76925389489923,39.64533716080441
4250.034,51.27332106543764,39.83844599926713
4500.036,51.393510986609165,39.30396839114611
4750.0380000000005,52.89958710039436,39.7491785317834
5000.04,52.679912897527096,39.12450814285567
5250.042,52.461667450419625,41.19639032808167
5500.044,53.04183695192762,41.41774613020603
5750.046,53.04524117190902,40.81589114442714
6000.048,52.67150349093699,41.18264832773957
6250.05,53.28441801961809,42.57422471305643
6500.052000000001,52.81542988250897,40.832574769094236
6750.054,51.70480354545755,39.96132668449467
7000.0560000000005,52.036329494241365,40.2052810577114
7250.058,51.59245078088747,39.09253673291843
7500.06,51.537276585205845,38.59477905845161
7750.062,51.486145791792985,39.24058534920908
8000.064,51.493799808413414,38.63578813361614
8250.066,53.18490585473043,40.08059238344599
8500.068,53.8973278034201,41.45225038766861
8750.07,53.46509384094768,40.983260313160656
9000.072,54.06990207756826,40.2154071415276
9250.074,54.98340520789964,42.46692996736632
9500.076000000001,54.97531953553415,43.03825951966586
9750.078,55.05742753387225,42.709057421170904
10000.08,55.54244824649661,45.38551957484257
10250.082,55.58535057382084,44.029094122349335
10500.084,54.89470245126832,42.235274947697135
10750.086,54.16658077074176,42.06455319916891
11000.088,54.060321008323704,41.18160122821488
11250.09,54.12551906655624,42.403898382053825
11500.092,53.132318205539775,41.470272990492504
11750.094000000001,53.846996481196356,42.47953157030486
12000.096,52.483899641224745,40.80350188068785
12250.098,52.976548210706504,41.405768599406834
12500.1,52.31886005824692,39.534792337060786
12750.102,52.49293180470666,38.40315266720396
13000.104000000001,52.35526461561906,38.90772216712256
13250.106,51.4661506728573,39.7346628714148
13500.108,51.05633343574132,36.571659544678795
13750.11,51.354763956443215,37.8405795701936
14000.112000000001,52.73941904271851,39.26162704805443
14250.114,52.03551855651859,39.25599719646635
14500.116,51.220731361327296,39.745575006083925
14750.118,52.02727476314836,40.02639581282629
15000.12,52.06366503916874,41.270708553934256
15250.122000000001,50.9651105079944,39.32003514343295
15500.124,51.62752266767064,39.886634897216624
15750.126,50.90011515058841,39.68579693659524
16000.128,50.827593367583134,40.28110114639386
16250.130000000001,50.663228985767674,41.322782855303586
16500.132,49.46106006263526,38.66363933455088
16750.134000000002,50.84174861850194,40.75690903695907
17000.136,50.51102476490306,39.38145039289795
17250.138,50.48473895462189,39.16802143009374
17500.14,50.35725796901659,39.673321673703306
17750.142,50.155815278559295,40.24142358456789
18000.144,49.86082938396071,39.21655434899106
18250.146,49.96926123223712,38.39869686478879
18500.148,50.485017957658016,39.12864642857933
18750.15,50.82431961758951,40.19243695409604
19000.152000000002,51.165467950483745,40.31236145840643
19250.154,50.99943057467087,39.91086808073823
19500.156,50.689527815612784,39.92511393101024
19750.158,50.65448397259982,41.47220137935471
20000.16,52.779603905088365,41.227197044194924
20250.162,52.25043099721025,39.90986732971774
20500.164,51.44916212996455,39.963001441763026
20750.166,50.65836212846069,38.04946258981394
21000.168,51.44651152782372,39.914397713705775
21250.170000000002,52.70125182816382,41.567811885493505
21500.172,51.78543038420067,40.48434644948869
21750.174,51.77616020432598,39.777495858340494
22000.176,51.42620259443088,40.51318994924288
22250.178,51.45342131967783,39.78027309817808
22500.18,51.197560635038364,38.76884917116537
22750.182,51.20791694151298,39.47745335532298
23000.184,52.27452073008736,39.353205136049695
23250.186,50.925631766094675,37.625868142889345
23500.188000000002,51.65490033696273,39.001317218405106
23750.19,52.217911708572565,40.89270315963542
24000.192,53.31939864354436,40.67897180147903
24250.194,52.60273335292606,41.36002482698977
24500.196,51.53151036890229,40.46984092117809
24750.198,50.18242335210412,39.88705318620361
25000.2,50.47721488711836,41.69283974760365
25250.202,50.87311611648467,41.11539509965979
25500.204,51.02008102467765,39.79456239438055
25750.206000000002,50.19802974131207,40.03687271291148
26000.208000000002,51.51833133563389,41.636326461387
26250.21,51.51886880681287,41.17921496028722
26500.212,51.685137672112695,41.210400397307495
26750.214,51.62908119936494,41.842632688646965
27000.216,51.49462807454941,40.54258100683707
27250.218,51.50259702514871,40.937405504246975
27500.22,51.7345873654435,40.6193151316052
27750.222,51.39138232958524,41.23025942847926
28000.224000000002,50.99576643932608,40.78120836542869
28250.226000000002,52.62680448385836,42.241571638008445
28500.228,52.60591680451064,42.70273495678722
28750.23,52.63540413873416,41.41769878693714
29000.232,52.04041929695373,41.66554619776932
29250.234,51.309066430021886,41.674109471832715
29500.236,52.07321791797694,42.269742997412784
29750.238,53.422580928163086,42.5464112399947
30000.24,53.000430003596165,42.68668932148044
30250.242000000002,53.4656898887325,42.40300119404288
30500.244000000002,53.04949571200454,43.4512498671453
30750.246,51.70764376730551,41.18732342054529
31000.248,51.709047871668226,42.268048223818745
31250.25,51.70936315540475,41.863864582691015
31500.252,51.41657196494102,41.30032061140992
31750.254,52.23155988316202,42.46342965101211
32000.256,50.78798006232298,41.563970416753435
32250.258,50.29845034576285,41.9473699339052
32500.260000000002,50.46515531906689,40.17557498146784
32750.262000000002,50.58911867424086,41.22787830091976
33000.264,50.17583756227793,41.31969387688883
33250.266,51.611298472907194,40.77006548326913
33500.268000000004,51.33904223289037,41.60491337364434
33750.270000000004,51.03093167642367,40.87659132034901
34000.272,51.0267926133859,40.86922831465792
34250.274,51.68117140409513,42.04213264104402
34500.276,52.32108316138962,42.28794111458847
34750.278,50.20826051911815,41.8318378822853
35000.28,51.62259478761122,42.29220152976677
35250.282,51.2156411250904,42.17895868310355
35500.284,50.78223608746093,40.67295140026397
35750.286,51.71989579821987,40.753671845818175
36000.288,52.88567074376248,40.742840209509566
36250.29,51.8730768016272,40.998043802586466
36500.292,51.453326271595415,41.668599911049455
36750.294,50.70511280121832,39.9316450299455
37000.296,50.67373724452118,41.38527836029859
37250.298,50.959644472544795,42.133900414374835
37500.3,49.56826148206071,40.69705637925082
37750.302,50.10259736462565,40.886942783960606
38000.304000000004,50.48857536966016,41.54683102890024
38250.306000000004,51.79728756784612,41.178811349993595
38500.308,51.76502077960685,41.2302320809585
38750.31,51.54174098334975,41.264205692274615
39000.312,51.277213699507946,39.65510242951855
39250.314,51.335316428557654,39.63417761975393
39500.316,51.69868864778849,40.69912984221202
39750.318,51.29584156103359,41.09390771542302
40000.32,49.56340071456213,39.58440690935846
40250.322,49.40756043308512,38.5626313869653
40500.324,50.05022402031285,38.94807642146089
40750.326,49.463955131564454,39.07527486560998
41000.328,50.08524359937589,39.552737977182524
41250.33,49.72390643545365,39.480638852747916
41500.332,49.3204203372384,40.17251058170477
41750.334,49.85399864468913,40.65452110366571
42000.336,48.58311780745675,39.055736603931116
42250.338,48.852661963374445,38.978135938077564
42500.340000000004,50.393936875155234,39.97960544577914
42750.342000000004,50.24982147350715,38.856499538494944
43000.344,50.258638663715665,39.39411345020349
43250.346,51.03853264968113,41.367705616650866
43500.348,51.55036333770992,41.08441264524475
43750.35,52.17156837977321,42.412818837917605
44000.352,52.23688364924925,42.331729948294225
44250.354,53.07760653211088,44.33903208315651
44500.356,52.921740239506185,44.46794487749132
44750.358,52.69326098216989,44.67649021971522
45000.36,53.4035899013625,44.7731249444445
45250.362,52.51353777298654,44.19280409251485
45500.364,52.11521764103026,45.02086065057486
45750.366,53.32754759585234,45.46441854592198
46000.368,52.40758435441616,44.587722063517944
46250.37,53.12050661602779,45.0126761696363
46500.372,51.66416169906728,43.627506977848725
46750.374,50.7669994494229,43.513969635709486
47000.376000000004,50.85608319627541,43.69740195227908
47250.378000000004,51.70989528502466,43.014971767524486
47500.38,52.229151665933024,43.30000356454248
47750.382,52.55291055401554,44.21000846832317
48000.384,51.71638061204137,44.35427009645627
48250.386,51.358047854948914,44.615302503849996
48500.388,51.83963111657039,45.2923637673437
48750.39,52.22913667831259,45.15435146222958
49000.392,51.887942320520835,45.500869705929915
49250.394,50.4976809761583,44.572532863666325
49500.396,50.21433660549131,43.753937345821
49750.398,50.89156945072155,45.12485008156606
50000.4,50.46943564761881,44.71110977967538
50250.402,49.72459708015118,43.53369033719359
50500.404,50.8994936866087,45.31251194872813
50750.406,51.091522481021634,44.98974835681353
51000.408,51.49741563437778,45.563652535818804
51250.41,51.72689648192608,43.25758874216654
51500.412000000004,51.93406133221322,45.48237714397586
51750.414000000004,51.86365420113891,44.67588618220844
52000.416000000005,51.67656060406664,45.309713380922005
52250.418,51.14148241983817,44.15605997296556
52500.42,51.022644621995184,44.55174476726084
52750.422,49.5771804875741,43.471352750324556
53000.424,49.106892063221444,43.45778007323518
53250.426,49.70851003127179,43.59423078011411
53500.428,50.005075783246774,44.606262319012
53750.43,49.110204626023084,43.88406759510468
54000.432,50.041595812584504,45.48687938471016
54250.434,48.76439561673933,43.70608569157619
54500.436,49.09485651485972,44.06390846639027
54750.438,49.476794965385345,44.3300757156228
55000.44,49.659619941027145,44.42893117562205
55250.442,50.36262999538267,44.410111246615784
55500.444,50.326992262858404,45.08992661232239
55750.446,50.2264778726304,45.5524602031476
56000.448000000004,50.057399768716124,45.417173990581105
56250.450000000004,50.54556361156983,44.66739929065059
56500.452000000005,50.740587404001154,44.81069974474189
56750.454,50.05302962118285,45.3173088999382
57000.456,49.40835756825143,44.06972492425399
57250.458,50.44212139131041,43.104075316019276
57500.46,50.74739630421305,44.234041455042444
57750.462,50.63667375141917,43.72466611501182
58000.464,50.371236610806726,44.091179266883145
58250.466,50.79550086281573,45.075453270349385
58500.468,50.22825413976902,44.38675789308826
58750.47,50.26274535496261,44.676577772310594
59000.472,49.778711548461295,43.584482815242765
59250.474,49.97379440941227,44.176060807700786
59500.476,48.837637718313275,42.98318553304607
59750.478,48.0587124832688,41.62297798620481
60000.48,47.5237935613118,40.81893393912044
60250.482,47.682370964602306,41.243684596714914
60500.484000000004,48.38054265782901,41.56814217015998
60750.486000000004,48.056173803102396,40.944066452549905
61000.488000000005,48.457793280061985,41.92984937955578
61250.49,49.047368657883816,42.269136278404154
61500.492,49.64696875876081,42.334580961439045
61750.494,48.84986882068447,41.28656320140158
62000.496,49.22848456650828,42.70882869180489
62250.498,48.350088979413975,41.52570466532497
62500.5,48.38026143214984,40.65779293764456
62750.502,49.47952106632735,40.88575186242899
63000.504,49.87123676327749,41.423728333035484
63250.506,50.09679226406472,41.68570569783053
63500.508,50.85519758322871,42.09675465428267
63750.51,48.62362756490844,41.56679248916501
64000.512,49.19678869996179,42.377398328408866
64250.514,49.413061044897404,42.07097848091625
64500.516,49.242967339810924,41.29380851772112
64750.518000000004,49.100971903364645,39.80780237106354
65000.520000000004,49.170791447505984,40.70642941919807
65250.522000000004,49.332221359711895,40.59787035685719
65500.524000000005,48.6555323912638,41.35375639533925
65750.526,49.857768787172795,38.50058126078352
66000.528,49.31643609797981,39.952179911618856
66250.53,50.442719211971024,39.07845239639114
66500.532,49.61269749571481,38.09269866260036
66750.534,48.97057204036132,37.6707112747158
67000.53600000001,49.02739930604022,38.47326681628054
67250.538,49.59650507243238,38.53311048545648
67500.54000000001,48.5717929826461,37.81934436339532
67750.542,48.622511517452494,39.77175818597378
68000.544,48.61989855329976,38.184023775891795
68250.546,49.66001273983922,38.83459735726246
68500.548,50.008331897778085,39.595387075292834
68750.55,49.58407170671793,40.694080335556926
69000.552,48.91723752703384,37.361682964020176
69250.554,48.533271045957335,37.59568824504679
69500.556,49.35450073767275,37.37072322606558
69750.558,49.868979944445364,40.61692487245445
70000.56,49.98131890157428,38.8241227348939
70250.562,49.477402212988835,37.92904762086469
70500.564,48.60742755554707,37.39597774394478
70750.566,49.30604501667806,39.38024509374954
71000.568,48.67239707256777,39.48108342075018
71250.57,48.58326728070856,39.91474838562261
71500.572,49.731548610078164,39.83516071832936
71750.57400000001,50.679204908982655,40.83640530489461
72000.576,50.92687442823396,41.32412884063755
72250.57800000001,50.05640323013273,42.21375528559112
72500.58,50.503081895474004,42.65522073296823
72750.582,50.43243368273448,42.87611239790911
73000.584,49.13937137114803,43.62238098903817
73250.586,49.43333179183385,43.13085484250568
73500.588,48.77739251732712,43.59232675680177
73750.59,48.114851348622054,42.627441962335375
74000.592,48.78143480891769,42.51165850571131
74250.594,48.79314434907713,42.027894697158594
74500.596,49.37305955181837,42.75764684130572
74750.598,49.4235769590223,41.89302140520871
75000.6,49.24684180697519,42.979073288260146
75250.602,49.23079795845551,43.32314753704931
75500.604,49.95741390746944,44.12707072438401
75750.606,48.33292897490857,41.21910795952545
76000.60800000001,48.17465698905597,39.450828061229316
76250.61,49.05588266133161,39.45411906206612
76500.61200000001,49.85773483400664,39.673724120629785
76750.614,50.87828409796235,42.25992528067099
77000.616,50.676189859638036,41.49892870143373
77250.618,50.07093305273439,40.71825911929659
77500.62,50.279757479147726,41.89118166928945
77750.622,49.71516288169487,41.17172422151805
78000.624,48.3592536181298,40.75584196495035
78250.626,48.85370571668404,40.40569885669547
78500.628,50.934152700024576,41.69409324705427
78750.63,49.621670663415316,40.22042822434147
79000.632,48.963200706094966,40.805273318739935
79250.634,49.19679288876951,41.36445199098042
79500.636,48.927153990225165,41.80833394833303
79750.638,48.53748320551155,41.376641444944475
80000.64,49.424596664889805,42.07235539259085
80250.642,49.65639042224428,40.70127669181788
80500.644,49.21705741474709,39.312517512775706
80750.64600000001,48.99906310735405,39.163772633754874
81000.648,48.752202628276336,39.53492174326495
81250.65000000001,49.17138160707551,41.40877649806244
81500.652,49.44717446849562,41.66999636554244
81750.654,47.97469816989614,39.851053966262924
82000.656,48.17128841622513,39.88692014320578
82250.658,48.45661846759823,39.19851322928195
82500.66,49.76278359832587,39.618004870197076
82750.662,48.23176027533456,39.72399776353755
83000.664,49.82466982766164,40.81323051826924
83250.666,48.14852582158495,39.2145869938013
83500.668,48.589995157147634,40.034253796529626
83750.67,48.8328438598852,39.24279543295768
84000.672,49.00421926225607,39.63905915222648
84250.674,49.69785288609836,40.49495755918345
84500.676,48.77648019830364,40.36048724433292
84750.678,48.74386415614919,39.614826001203454
85000.68000000001,49.15125970057277,40.466178290944406
85250.682,50.82896316350164,39.758942656944356
85500.68400000001,49.95615991076743,41.07678986386154
85750.686,50.360307068415054,40.51114161897021
86000.688,50.792462050814244,40.374235547902224
86250.69,50.30092680807449,40.39479861413478
86500.692,49.78187467558498,38.742428181806375
86750.694,49.24934877968015,39.42583809113202
87000.696,50.15447620188182,41.21423108017089
87250.698,50.44456967933427,39.694603827384164
87500.7,50.247558504006605,40.38538844879675
87750.702,49.45156358243348,40.926860546622876
88000.704,49.364298774292735,40.91937366751308
88250.706,47.97929735803233,39.38808009956575
88500.708,47.13232010951686,39.41698654370774
88750.71,46.60519270942378,37.80105297331648
89000.712,47.27088840182763,38.49011838482817
89250.714,47.50475025125899,40.046512203608
89500.716,47.73719449180579,40.92431330630854
89750.71800000001,47.50031066637345,39.957063947663336
90000.72,48.19874048278307,41.28731258202599
90250.72200000001,48.50850117641839,41.28946173940509
90500.724,47.64482725626436,39.862907896538594
90750.726,48.25991278285721,41.3884058834808
91000.728,47.84822010249498,40.90199963231477
91250.73,48.39797257942055,41.782055885170976
91500.732,47.94603144788015,41.02072810207312
91750.734,48.418035710426494,41.00919323344907
92000.736,48.06740295696379,40.21969690671316
92250.738,47.15884800013084,39.47661616336026
92500.74,48.24000933818347,40.94295269699572
92750.742,48.57263398630219,40.333771973484126
93000.744,48.42699592171573,40.088094961496324
93250.746,47.37099842053502,39.16582126028299
93500.748,47.81457292938466,39.88703701129981
93750.75,47.43373783516,39.49494445453798
94000.75200000001,47.21146250520544,37.76999283542429
94250.754,46.92514074127632,39.334322114559534
94500.75600000001,46.96363355063596,38.563288388002206
94750.758,46.75728395881071,39.007797895849514
95000.76,45.7962446932689,38.19016227842437
95250.762,46.36465807633807,38.67415904453077
95500.764,46.89133710358838,38.702535841189494
95750.766,46.72158176525393,38.20715932336004
96000.768,46.286241617648265,38.14024328266816
96250.77,46.27740473561191,38.23375928772544
96500.772,46.46651875716555,37.57039119583341
96750.774,46.78694929195316,38.793505315556
97000.776,46.5508233706072,40.29564540248384
97250.778,45.73934781331227,38.98514146809544
97500.78,46.223301543862135,39.22398306517388
97750.782,47.140793488446164,40.17540778427107
98000.784,46.55906453589439,38.71216407697412
98250.78600000001,46.6426449203297,39.37014496002173
98500.788,45.95933364560552,38.83222589579808
98750.79000000001,45.39995215619645,38.332619172039166
99000.792,44.95694235271786,38.99561778822566
99250.79400000001,45.602173839260814,38.496822008922805
99500.796,46.008251204842956,39.182845947560246
99750.798,46.359074059931174,38.52380944798342
100000.8,45.738812590293506,38.84108198599277
100250.802,45.227414943642955,38.69751261020173
100500.804,46.041953898999466,38.57444740596057
100750.806,45.75755955515406,38.928121782163224
101000.808,45.260413758423915,39.20636472058118
101250.81,45.82962091454989,39.49852157173311
101500.812,46.04034242875326,39.37134268342202
101750.814,45.3885680117786,39.448980624342994
102000.816,45.02729408711325,38.93190943782991
102250.818,44.90101029674081,38.62643466423076
102500.82,44.864931513059126,38.774040663618685
102750.822,45.38148269622729,39.50769376594734
103000.82400000001,44.9130853055144,38.6080415774466
103250.826,45.518447881729315,38.304753561082784
103500.82800000001,45.25464490316874,38.554923058966644
103750.83,45.41322637969545,39.175359778096286
104000.83200000001,45.99807929823717,39.300955359938186
104250.834,45.299968735339846,39.282683203862724
104500.836,45.481300001920374,40.05312593208315
104750.838,45.781366185476,40.938973243793626
105000.84,45.86163483209196,39.614335281068676
105250.842,45.68644847381097,39.971574990787886
105500.844,45.21422017225545,39.33805901955345
105750.846,45.24417325771674,39.877697208169245
106000.848,45.64063723537042,40.22420651528795
106250.85,46.09602673056477,40.584085772360346
106500.852,44.70037675584253,38.69253468284936
106750.854,45.818625145593444,38.800609360654335
107000.856,46.13794082525722,40.13614765128999
107250.85800000001,46.14503796651956,39.71701467477253
107500.86,45.512913394628136,38.98203985215071
107750.86200000001,46.51842202766277,39.03155446971745
108000.864,46.62232986812418,39.62596731240237
108250.86600000001,45.739292907368664,39.44314805856624
108500.868,46.09903913111062,39.92829662771478
108750.87,45.77095865540014,39.63613194551478
109000.872,45.4909021893009,39.48367339136918
109250.874,45.79293595733518,40.13787726518783
109500.876,45.94879334279434,39.696144483262934
109750.878,46.7355563614673,40.16208136362701
110000.88,46.93072887168231,40.29952427157804
110250.882,47.203533475921525,40.63095291653155
110500.884,46.71023761186614,41.47740788377477
110750.886,46.683848741375684,40.62987042900952
111000.888,46.8473951048426,40.320289408343534
111250.89,47.42833793260543,41.23845224576081
111500.892,47.045686552005435,41.187077033061584
111750.894,47.18685132995613,41.94175061313342
112000.89600000001,47.7482281166066,43.52499268554514
112250.898,47.12000464453706,42.9386118304681
112500.90000000001,47.9078284492993,42.531664612253635
112750.902,48.37803828586286,43.41072474618878
113000.90400000001,48.16268501512969,43.634883114021775
113250.906,47.61532583488796,43.396095158637685
113500.908,48.439683360160686,42.48737947168488
113750.91,48.07526350877742,43.967884307407594
114000.912,47.478485407737956,42.78842378408701
114250.914,48.35361624868742,43.02259200818547
114500.916,47.54179809419675,42.035457468753535
114750.918,48.08573849847227,41.796678685783995
115000.92,48.269133258390546,41.893475667347225
115250.922,47.151923883458295,40.789671828622055
115500.924,46.642017173413116,41.08721652326026
115750.926,46.634468201902266,41.54163528009717
116000.928,46.058352740093966,40.6525533332794
116250.93000000001,46.98652016167099,41.542320888824385
116500.932,46.45508616450444,41.78192723531668
116750.93400000001,47.697187932308026,42.01580538974249
117000.936,46.799339579625034,39.98313141243351
117250.93800000001,47.857082565160844,41.35695161371912
117500.94,47.265211697623684,41.73546673661346
117750.942,47.21186257865878,42.50287744970985
118000.944,47.03363196903595,42.22036124695304
118250.946,46.6161254623144,41.222476371394215
118500.948,47.491597374202776,42.52202695798704
118750.95,46.42433455836907,40.71449754095858
119000.952,45.981467140719474,40.678693670559745
119250.954,45.58174492281501,40.22820770533245
119500.956,45.69324027052139,38.4239061275645
119750.958,45.24900386310663,39.028674934397664
120000.96,45.051513228241134,38.02685878142802
120250.962,45.459152060178944,39.32730691945313
120500.964,45.73588026328708,38.754189407955415
120750.966,46.420384316567834,39.12335305006073
121000.96800000001,46.78187412644488,39.04975620482191
121250.97,45.959285232458186,38.47426622256691
121500.97200000001,46.134447558719316,37.72897869832186
121750.974,46.534595976377595,39.36588110690887
122000.97600000001,46.083873689348906,37.91436472425605
122250.978,47.434510149346956,39.535589287485884
122500.98,48.09655277667442,40.003365021637734
122750.982,47.9033064806539,39.134066462293255
123000.984,46.817432879996915,38.632247851498775
123250.986,47.57052935179403,39.18629108558842
123500.988,46.69765740946977,38.49082746258022
123750.99,46.11559444749451,37.838079524689874
124000.992,46.2641807186669,39.89179323025709
124250.994,47.13719562658347,39.7674827970778
124500.996,47.60142021597939,39.17232561423819
124750.998,47.706284074413404,38.759263960386924
125001.0,47.491776888937814,38.83851889525545
125251.00200000001,47.05161480307938,38.56071013618135
125501.004,47.04656571371279,38.6558591583171
125751.00600000001,46.33723620136277,37.73690273946764
126001.008,47.38282303159125,38.95535521759243
126251.01000000001,47.78200171740514,41.24702731775887
126501.012,47.25723197526628,40.805093995298925
126751.014,47.52202919016215,40.94799046698559
127001.016,48.372676689284724,42.255880496936065
127251.018,48.105658303604415,40.41227260876337
127501.02,49.02738238978405,41.67828015088558
127751.022,47.88585086411707,41.55350351075328
128001.024,47.900683421315954,41.91967245137439
128251.026,47.50229548639643,42.46211288493906
128501.028,47.07995284478433,41.782858604776195
128751.03,47.91028017791794,42.06105551293672
129001.032,48.226316356559586,43.73415308581686
129251.034,47.57858983833248,43.15630018035633
129501.03600000001,48.14336197486918,44.169579703145445
129751.038,48.6038966618257,43.64247204031385
130001.04000000001,49.483271867567474,43.61062398647392
130251.042,48.765318396646784,43.319218598168355
130501.04400000001,49.64588489520296,42.81765894721357
130751.046,49.13796915106295,41.72162781559517
131001.04800000001,48.60971978551699,41.03686653501097
131251.05,49.08327014906603,41.517054205462514
131501.052,49.446929866687974,42.94121013308062
131751.054,48.16265216845694,40.79986725987975
132001.056,48.80486453952528,41.569417740560624
132251.058,49.56302240794581,41.6958750896569
132501.06,50.42751972180905,41.95120844334496
132751.062,50.341637495331284,42.56865416664227
133001.064,48.98146607746578,40.83662033049369
133251.066,49.08009993007932,41.68187244480532
133501.068,48.5582203409864,41.63057282717514
133751.07,48.20205262888588,40.5719219622939
134001.07200000001,48.07309305728709,39.51433655239205
134251.074,48.42734925416767,40.74790603822264
134501.076,47.910580419379976,41.49591904825665
134751.078,47.59825478467791,40.44185658517231
135001.08000000002,48.47236515669191,42.16080775484935
135251.082,49.29853933580456,42.91045891962494
135501.084,48.20246376978211,42.314571235106555
135751.086,48.60976322273728,41.807464094302766
136001.088,48.36405595804214,42.6450451896199
136251.09,48.40632189537549,41.595902287832246
136501.092,49.70158417334994,41.68785341821465
136751.094,50.31994864161566,44.263443476243815
137001.096,49.04684192005349,43.93269661130699
137251.098,48.88471255883936,44.23535992949703
137501.1,49.76505327156073,45.45274372186175
137751.102,49.905147368691765,44.62033700984338
138001.104,50.037048410801845,44.83986427353148
138251.106,51.10339663215266,45.748799994644756
138501.108,50.82389918719759,44.882288115965096
138751.11000000002,50.22795244204403,44.084131233575626
139001.112,49.922783077654366,42.981079046303485
139251.114,49.562576251899166,43.926706046739156
139501.116,49.80721802675436,43.02008422394082
139751.11800000002,48.27803062607986,42.348975176507935
140001.12,47.787061283256634,40.78820394165985
140251.122,47.62948942638775,40.55889835646419
140501.124,48.211750607699386,41.05674139284742
140751.126,48.293414128418,40.530500401023595
141001.128,47.3214218781293,40.087648139317864
141251.13,47.19949820646599,39.15419348515465
141501.132,47.61793967187184,40.44875545446691
141751.134,48.32446943705777,41.534582148577485
142001.136,47.02871366540847,40.658402619829886
142251.138,46.167314204551026,39.94192740319534
142501.14,46.8684215054432,39.663085564646494
142751.142,47.04851640769558,40.609640607430485
143001.144,47.67619607129182,41.25917451603848
143251.146,47.048963063357114,41.026197588059894
143501.14800000002,48.33208404956559,42.35092657870548
143751.15,47.86367918268044,41.11932533144204
144001.152,47.632954470354974,41.6847234826866
144251.154,47.53344112533647,41.66668860449959
144501.15600000002,46.84236250882996,40.54826460663941
144751.158,47.55002089447963,41.233480592511135
145001.16,47.03213677408083,39.977342378932235
145251.162,47.50936903948369,41.54380861485759
145501.164,47.84793532755604,41.43681713237537
145751.166,48.83104592902608,42.00355614652387
146001.168,48.91677872197029,40.45755565687142
146251.17,49.54987796190491,41.5280212468744
146501.172,48.02404246531277,39.83986958301582
146751.174,48.74963498583104,40.04668148277011
147001.176,49.171671111688724,40.13036159968559
147251.178,48.79890942616199,39.65798567186731
147501.18,49.36188449354402,39.30780136120358
147751.182,49.4181330204756,39.7017502026143
148001.184,48.80914230817351,39.41779461785845
148251.18600000002,49.31225106619682,38.467088376146734
148501.188,48.34901667683162,38.619114449657026
148751.19,49.5140528393022,41.02295899043981
149001.192,48.729949741896306,40.95435380084826
149251.194,48.443765710407796,40.779477662724034
149501.196,49.27816519934808,41.357026510683696
149751.198,47.88814991199588,40.30203042525172
150001.2,47.40162606423915,40.325972106922364
150251.202,46.88632742891168,39.12815843870131
150501.204,47.51523696492963,40.04898532453844
150751.206,47.555904515035174,41.20979823956603
151001.208,48.07691476751491,41.401424550197596
151251.21,47.61812579367075,39.63042855126072
151501.212,48.11021156154427,40.143652356162285
151751.214,47.69451854017347,39.10366555644801
152001.21600000001,47.31509542136302,39.10748812146095
152251.218,46.43282949260638,39.472002954331224
152501.22,46.999527632996745,40.048138413309026
152751.222,47.86281285892203,40.15356824828661
153001.22400000002,47.70220516741411,38.42521084111329
153251.226,48.08133892386543,39.57319136617265
153501.228,47.93067916194865,38.911202785012286
153751.23,47.81540384918234,39.092711850198995
154001.232,48.550037178227576,37.91888609486118
154251.234,48.54239023161053,37.88850713643539
154501.236,48.04661818960253,38.96760813299127
154751.238,47.53765516651742,39.74421003941513
155001.24,48.530933465957645,40.40806111906822
155251.242,47.48267105738245,39.172502301936724
155501.244,46.48458953894325,39.09481602470857
155751.246,47.56978511582188,38.50904075251775
156001.248,47.50832972693179,37.65590374869245
156251.25,47.87179278773632,38.529396097619404
156501.252,47.489162994604115,38.40932245846754
156751.25400000002,48.13954966413985,38.60016397638497
157001.256,48.133194053393915,38.654912679632176
157251.258,48.51037551953747,38.598819652116525
157501.26,48.141412919184894,38.628955932621984
157751.26200000002,48.66374880227609,40.31245033193214
158001.264,48.867553058349046,40.09451751243832
158251.266,48.80117618015232,39.606504199108485
158501.268,48.2261807473146,40.3354178798963
158751.27,48.47787681454281,41.63845838804122
159001.272,48.21239139637173,41.107687747971596
159251.274,48.582430141436596,40.46306748153637
159501.276,49.6105109885819,42.0025050845842
159751.278,49.724951850347495,41.98197932278342
160001.28,48.176800242026076,41.29662972856143
160251.282,47.97685645990206,41.31436949144343
160501.284,49.03151055542716,41.60848451301012
160751.286,48.73089275280086,42.13704989108716
161001.288,48.26553692511313,41.51607264985329
161251.29,47.54305027523571,41.63632711458374
161501.29200000002,48.289525683276516,41.94495818254877
161751.294,48.31447788750056,41.77452099278467
162001.296,47.57395990991495,40.37227479619928
162251.298,47.59286178006608,39.53542155740622
162501.30000000002,49.20980169236304,41.757235325701984
162751.302,48.79849619346067,41.247490717838566
163001.304,48.72424579404968,40.85899828985792
163251.306,49.701610331400374,40.829938512452735
163501.308,49.53214437587962,40.871049466852384
163751.31,49.33170908862063,40.91836080871901
164001.312,49.95618659979093,42.85383556620455
164251.314,50.30614542868207,44.0203353716725
164501.316,50.20220536662635,43.774709843296705
164751.318,49.876585790853404,43.955592450291604
165001.32,50.45909873276834,43.8598210675077
165251.32200000001,50.0211633748306,43.52974146697099
165501.324,52.609386471423086,45.21371383725302
165751.326,51.65367748337559,43.90612885988898
166001.328,50.895943917007635,43.34598844741827
166251.33000000002,51.4265452706758,42.37217458002192
166501.332,50.07656551210088,43.21429804695053
166751.334,49.96496796248189,42.737161883652874
167001.336,49.8740020283896,42.80584872685124
167251.33800000002,49.78825616708105,42.39394552164591
167501.34,49.34275069743955,42.545380755331905
167751.342,50.150498633820824,43.891372944197016
168001.344,50.628786569889705,44.839504577863956
168251.346,50.816097788674604,44.62827008136087
168501.348,51.61534538091436,43.12048853511323
168751.35,51.09953848267905,43.64337759097964
169001.352,50.43959539914206,43.35884845093466
169251.354,50.50274872719073,43.84907442692024
169501.356,50.66521774369969,43.17958313415107
169751.358,50.6334433120405,42.695464203401855
170001.36000000002,51.5788194870141,43.75162823857118
170251.362,51.348986737123354,42.68006039604125
170501.364,49.63642647369951,41.20416867243129
170751.366,50.63521462767277,41.81786665618296
171001.36800000002,50.99178473496662,43.347516953688995
171251.37,50.65988983349996,43.739651490322835
171501.372,50.73280551352532,42.30127808886067
171751.374,50.735557716315896,42.63503705611044
172001.376,51.274848097040476,42.74197964346939
172251.378,51.36227156040466,42.63866045146237
172501.38,51.74282724053251,43.100490616546395
172751.382,52.15477549289858,42.75090139794974
173001.384,51.734069390565985,43.4668369131729
173251.386,52.3967195152311,45.03791907063248
173501.388,51.46619055650244,44.40757079218411
173751.39,50.58521360757989,44.14906515060257
174001.392,49.76927737305349,43.5539739380882
174251.394,49.80387726744825,43.66809046481687
174501.396,49.13559080755685,44.2754509514471
174751.39800000002,49.28135933822334,44.99921887321849
175001.4,49.99819062492059,45.74951399925671
175251.402,49.50679895136043,45.38672987799007
175501.404,49.989747306843384,45.23854803453898
175751.40600000002,49.479338739225604,44.79384299347023
176001.408,50.113065874920906,44.75479344610775
176251.41,50.36241285408079,45.53913889450524
176501.412,51.54939650956545,46.363114485352966
176751.414,51.91836785102578,46.78147179344442
177001.416,52.784071196503014,46.831664068677306
177251.418,52.35361642986064,45.68054961703663
177501.42,52.32136887944595,44.58848608964785
177751.422,51.210452572250965,43.294025262445324
178001.424,51.69073105378928,42.7263463480343
178251.426,52.45931404328142,43.21170739738545
178501.428,52.53093322073961,42.57569018037082
178751.43,51.62413283575777,42.74717947504964
179001.432,51.771575768522986,43.078788441817345
179251.434,53.021752415806496,43.69392187163187
179501.43600000002,50.825818357493816,41.852687364684975
179751.438,51.424891334547716,42.18271642303821
180001.44,51.710059133665645,40.971151873175984
180251.442,50.9434999388468,41.5272861506554
180501.44400000002,50.75464302537044,41.9751298214584
180751.446,50.469544755073834,42.49394492254682
181001.448,50.17096769967916,41.876354267733866
181251.45,49.8969742241845,43.19130154922662
181501.452,50.1579213453703,44.30565016153777
181751.454,51.10191775623582,44.15208220017939
182001.456,50.763608386802446,45.377398555213595
182251.458,50.43041208687217,44.63983776653732
182501.46,50.56341757169221,45.45626977239202
182751.462,49.88277140251208,45.15242415463542
183001.464,49.72428045276827,45.25628186680677
183251.46600000001,50.662942218300415,45.371702815048465
183501.468,50.36075123823503,42.72004331079358
183751.47,50.06403094022821,42.85786215012689
184001.472,50.270400139331315,42.69841970292994
184251.47400000002,49.61027466196882,43.539472658159646
184501.476,50.49425867895121,44.258077633238564
184751.478,51.92350281051795,45.64702628711219
185001.48,51.81608809531274,46.76020965017591
185251.48200000002,51.40726098737969,45.15810033687452
185501.484,50.990506768510855,44.60365657422627
185751.486,50.267689713396415,43.136995911779806
186001.488,51.37344167566467,43.68532008454589
186251.49,50.448761264413,43.47548559519534
186501.492,49.43765893457233,43.01219072588743
186751.494,50.01843647723452,44.28288005540878
187001.496,50.478034976763745,42.8002469785191
187251.498,50.04136685367839,43.3738371439521
187501.5,49.39568794732094,42.68247809783491
187751.502,48.54595561256416,42.55922059296577
188001.50400000002,49.45382897525811,44.51158012105837
188251.506,50.32221057363249,44.06961131239673
188501.508,50.72408372796064,45.01567216421827
188751.51,50.30406704272898,43.67361435432826
189001.51200000002,48.86934224895079,42.97859957219013
189251.514,48.81680010923467,42.375938960979795
189501.516,49.394255364936896,42.614734083300824
189751.518,49.25807085349265,42.79859003681659
190001.52,48.928197804802586,41.76594905129245
190251.522,49.25214003144157,42.346512235147685
190501.524,50.518692389956875,43.13105368936268
190751.526,50.432462152520415,43.63430652011113
191001.528,50.88280349613628,44.49150842621573
191251.53,50.560260389662645,44.425191329352046
191501.532,50.580235538091294,44.18064715336204
191751.534,49.750934646660916,43.63253455314932
192001.536,49.44759321426655,42.57770126921273
192251.538,48.744810125989716,42.800931817806955
192501.54,49.63842077462024,42.14260652560729
192751.54200000002,49.15667657434004,41.41152906205703
193001.544,49.076627979209974,40.60245440222419
193251.546,48.933334048441345,41.02846035579453
193501.548,48.942609239929446,39.82619207011729
193751.55000000002,49.198993145260395,40.330354590856416
194001.552,48.706382385629105,38.51840183699182
194251.554,49.92480917474141,41.759817305901905
194501.556,50.228312996195726,41.48432196772514
194751.558,50.404465922761126,42.57292244834029
195001.56,50.625516118970495,43.578094782825815
195251.562,49.91803623252362,42.05786938529709
195501.564,50.938011148789755,42.81648926208279
195751.566,50.4342630678041,40.82668263152715
196001.568,50.525542671696186,42.14978850029273
196251.57,51.37139234225231,43.23250982430773
196501.57200000001,52.18562194849338,41.81805003160059
196751.574,52.11269544456707,41.21668136354114
197001.576,50.88978549040422,40.655938437395235
197251.578,50.891295440216766,42.76588474486464
197501.58000000002,52.25808701507093,43.9437200647249
197751.582,53.573446362286504,43.827927953167126
198001.584,52.63842273264351,43.50941086160757
198251.586,51.66607135911868,44.55492451728987
198501.58800000002,52.546345060339306,44.08102917768623
198751.59,51.81115825170482,41.60919400721998
199001.592,53.05364383292269,43.510119352021995
199251.594,52.37048082737744,42.44287381426642
199501.596,53.487252821306015,44.59252008204968
199751.598,52.67067488087573,45.345597992353596
200001.6,52.71215469794304,44.97726573200501
200251.602,52.23141150399189,45.69097098481677
200501.604,53.42823235226555,46.785955501956586
200751.606,53.49240209904509,46.15376060447908
201001.608,53.36311898873122,47.5824239947993
201251.61000000002,53.70711286586505,46.67884102166286
201501.612,55.98907081847032,48.68087617107198
201751.614,54.79158755076475,46.453449212020175
202001.616,54.91295619069028,46.34359127708292
202251.61800000002,54.32998034140356,46.280660133917046
202501.62,54.24478819041774,44.97030966115441
202751.622,54.484222497068444,47.001153650321186
203001.624,54.70997818012558,45.75709988775584
203251.62600000002,55.37220357553768,45.96938389147804
203501.628,53.96893122867848,45.11437465771557
203751.63,53.582698191979766,46.05358078298973
204001.632,53.428971961354705,46.423111669888335
204251.634,53.50188453691789,45.296536841843114
204501.636,53.86608921246689,45.225059315946915
204751.638,53.78759483330882,44.11887436944739
205001.64,53.396124727807404,43.56079984777901
205251.642,53.99210732446657,43.64860814335326
205501.644,52.68094712080979,44.48180093052778
205751.646,52.51013521628327,44.81615981689324
206001.64800000002,52.2459342728134,43.40695367415148
206251.65,52.227328241215005,44.15155599570165
206501.652,53.79412372036487,44.72734350858194
206751.654,54.46385441824365,46.787060542951416
207001.65600000002,53.303403695632895,44.415810137803355
207251.658,52.623588220622096,45.246325427791966
207501.66,51.7313740583121,44.5113256074842
207751.662,51.64010424578653,43.765377948320726
208001.66400000002,51.86862757887964,43.82191963864297
208251.666,52.26205111763282,44.7704249710198
208501.668,53.371070711881146,44.03586283064724
208751.67,53.884129390015154,44.42939901039204
209001.672,54.05529814162441,45.53274379460194
209251.674,54.1814987003437,45.35705422537887
209501.676,53.78670460971952,45.5108470062872
209751.678,53.806198798521734,47.609038444072866
210001.68,54.07504061526466,47.07272878737655
210251.682,53.02697720540852,45.11928066495464
210501.684,53.21352589474781,45.91620317411455
210751.68600000002,54.66173901302897,46.33063543174002
211001.688,54.69859925607768,47.15658908868029
211251.69,54.806760838840994,45.941421461092844
211501.692,54.676709896730934,46.94117304456194
211751.69400000002,54.57068536415243,46.88847788667152
212001.696,54.405132184995985,48.2943502598071
212251.698,54.51112657911482,46.8148907679914
212501.7,53.79423904130148,45.163638074461645
212751.702,53.50855937766839,45.37050299608461
213001.704,53.44118604776208,46.197935352478055
213251.706,53.11616372056838,46.357508362172965
213501.708,53.56890064464057,45.93312820549883
213751.71,54.315606515162386,46.922701286013975
214001.712,53.91580992066888,46.52434270166275
214251.714,53.78474121067809,45.750514078393195
214501.71600000001,54.40836927195124,48.38181632805532
214751.718,53.667219439264606,48.49064942947649
215001.72,53.89532517695622,48.40167865897373
215251.722,54.27029756662377,49.267885848376984
215501.72400000002,54.73017954141257,49.29900555036823
215751.726,55.14542940358381,49.993433652512344
216001.728,55.08218376805387,48.02353857468091
216251.73,54.13245071531322,47.896015396577155
216501.73200000002,54.47287793673035,48.49603946259673
216751.734,55.13212416106968,50.563809403570694
217001.736,55.480161283182106,50.61087309746224
217251.738,55.80399775650352,50.44190804183348
217501.74,53.7841561272375,47.55734647201048
217751.742,54.021066362309625,46.603583396885256
218001.744,54.50132718096796,48.7735384854851
218251.746,54.59184004387472,47.150201142337636
218501.748,53.70919050251332,44.87580059399911
218751.75,53.95779439131533,45.636864972647665
219001.752,53.307360499100895,46.249285558482285
219251.75400000002,52.05616795178865,44.79642061146088
219501.756,52.87960941293396,45.95335045755624
219751.758,53.17203551052639,46.88544721181619
220001.76,52.868932280396905,47.04400419369587
220251.76200000002,53.484304375277276,45.90323735985676
220501.764,54.3896106706825,45.76470899234847
220751.766,54.44110051042593,46.46681101113536
221001.768,54.4614857777699,44.59429477104375
221251.77000000002,53.96055032491653,46.07590463580728
221501.772,54.08017344345043,48.136937032346694
221751.774,55.100183755411415,47.9210492033822
222001.776,54.50999682771628,49.99132140150001
222251.778,54.24777375738721,49.78377414172923
222501.78,55.03268550781107,49.19117197074119
222751.782,54.23829830061967,47.84528514886815
223001.784,54.45033844912374,47.606193287413795
223251.786,53.60347363958808,49.06832872208588
223501.788,55.00313043557856,50.035920974278014
223751.79,55.00940827518286,50.3184258208673
224001.79200000002,54.702102025861784,49.801773995210404
224251.794,53.72737590440443,49.01277652803725
224501.796,54.481378624779,48.31458170420484
224751.798,53.66517075839464,46.61640030448082
225001.80000000002,52.92272017051142,46.011618686821286
225251.802,53.22952442652095,46.854261627865604
225501.804,53.855747556824014,47.001455413842336
225751.806,52.91651762799133,45.62032984878404
226001.80800000002,52.0157164534551,45.06496216347038
226251.81,52.038627936735004,45.21015112191623
226501.812,51.16348110318796,44.376365793449786
226751.814,50.711460626561895,44.6427020024046
227001.816,51.674943597560485,44.45113700134404
227251.818,51.35034331686416,43.90789094349587
227501.82,52.52237797836804,45.04637387247824
227751.82200000001,51.50844986500298,44.708945344706585
228001.824,50.02304438651587,42.92755209519614
228251.826,50.72236345595632,44.47381643136026
228501.828,51.00198344518399,45.960892369118504
228751.83000000002,50.059580546419184,44.313651517440924
229001.832,50.61874827451177,43.16946991602072
229251.834,50.73013203967518,43.16417489179163
229501.836,50.91301894344849,43.41096279063388
229751.83800000002,51.16276702187057,44.71620838365919
230001.84,50.87270132220447,45.02583424485039
230251.842,49.981673882093865,44.09636082198247
230501.844,50.27452280182071,43.510877098480606
230751.846,49.954046976894965,43.01601302383466
231001.848,51.212630846210864,43.04515524760055
231251.85,50.85767514862184,42.7102574702695
231501.852,50.58808997063765,41.50707724682304
231751.854,50.99570149535059,42.98753010154417
232001.856,51.244379905077786,43.23397997004452
232251.858,50.40973380761898,42.57466446201945
232501.86000000002,50.37035325947942,41.89008652370211
232751.862,51.29282091553761,41.614417907700286
233001.864,51.621409048381665,42.96781021322042
233251.866,52.31828908928615,43.71750281557204
233501.86800000002,51.99128714976086,45.1568926431915
233751.87,50.77487384501218,45.53742991630644
234001.872,51.020342778662496,45.9600894396244
234251.874,49.94611884948056,43.8958526123058
234501.87600000002,51.14669769507915,44.99602862846303
234751.878,51.50314967986706,43.881296235936134
235001.88,51.78163564667649,45.90900630158907
235251.882,51.942976472464,45.53656927833563
235501.884,50.94771844605748,44.439920499673185
235751.886,51.930707760495636,45.25239033145147
236001.888,51.25118154762232,43.340066242730494
236251.89,51.616049005386266,45.45058932933548
236501.892,51.90101024423166,45.38372524229637
236751.894,51.38718794378296,45.022133965645246
237001.896,51.20635247015483,46.26115911578276
237251.89800000002,51.09842037106268,46.4524011111527
237501.9,51.8325599461213,47.19624277685679
237751.902,51.933155821028976,47.366084617781965
238001.904,52.27064866124033,46.76062561486957
238251.90600000002,52.16159572531555,47.44537900406098
238501.908,52.51271501806289,47.82083979150665
238751.91,52.06991581672677,48.17769013782647
239001.912,52.63800833487031,48.66475751242909
239251.91400000002,52.80528584605967,48.44661506059324
239501.916,52.47661470132592,48.30612419297184
239751.918,53.01988589118548,46.66752795306128
240001.92,52.646131355959234,47.81976212011776
240251.922,52.35315928358344,46.382257853288635
240501.924,52.289797071526216,46.96670740797321
240751.926,52.775742448231455,47.62427941862065
241001.928,53.028971466877415,47.68135794881867
241251.93,52.96752469546646,48.94860243179273
241501.932,53.132039544021836,49.24639328427892
241751.934,53.68734713624226,49.83413555992595
242001.93600000002,53.817062149719035,49.419635532099875
242251.938,52.25513707918594,49.11890370829596
242501.94,51.71307850489061,48.42990298547176
242751.942,52.46184107943509,48.11295829783326
243001.94400000002,52.136277545114126,47.443939652262586
243251.946,51.72312307438652,46.564703704219504
243501.948,53.08318775030326,47.227843749355735
243751.95,53.476229143250116,47.38506262982183
244001.95200000002,53.05973812186946,48.36568210029827
244251.954,53.45865692673921,48.43370641900499
244501.956,53.822813169548155,48.84927322471719
244751.958,53.97299048447241,48.64025984460603
245001.96,52.879836445227774,48.28106010822252
245251.962,53.312471290546014,48.92727271435675
245501.964,54.20885027081709,49.361919946459004
245751.96600000001,54.97458809355426,50.95766600310552
246001.968,55.40239130069516,50.27370247257967
246251.97,56.09927188025112,50.70489047405563
246501.972,56.39271479374431,51.0979701296
246751.97400000002,56.55299101495163,49.311819171186
247001.976,55.061421577989236,47.41816999504573
247251.978,55.901035899856005,48.67119027655212
247501.98,54.89884969382658,46.98778316345302
247751.98200000002,54.69999658152396,48.374011381785536
248001.984,53.54214392408754,46.290642167464696
248251.986,54.54237102263127,46.65231232119334
248501.988,54.80597264497649,46.622444671327116
248751.99,54.066092680915894,47.68138348681801
249001.992,54.658625885379244,49.50255519043198
249251.994,55.33625972000366,50.0007629286014
249501.996,55.79858478630406,49.27268601045051
249751.998,55.076423587274824,49.257553744132004
250002.0,55.195032153714806,48.601571238961604
250252.002,55.48702639146105,49.00049041755595
250502.00400000002,54.33684985940655,47.02201076851385
250752.006,54.144858336533176,48.484485545370404
251002.008,53.646110071563946,47.437858416559685
251252.01,55.60441899496993,48.582574682115585
251502.01200000002,56.31730095560369,49.82370986038232
251752.014,55.58774645335652,48.83212885940625
252002.016,55.20003270798365,48.354781956660204
252252.018,55.640541573257686,47.91031417442096
252502.02000000002,55.3597961334534,48.09477680391896
252752.022,55.57079125944381,47.528566126341914
253002.024,54.83153477720774,49.04312315555708
253252.026,55.49862759421734,47.97522060541201
253502.028,55.98462505114651,49.99813694565338
253752.03,56.065969872960515,49.68120055409189
254002.032,55.25955253858115,47.957355680863785
254252.034,55.02879466923155,47.86133625505828
254502.036,55.43089307817531,48.905612835794585
254752.038,54.94831057188716,47.952722236652676
255002.04,55.61481083209797,49.287482090660156
255252.04200000002,56.49832248271303,48.98355376090653
255502.044,55.801389150101606,48.68115984424817
255752.046,55.832176434462454,48.54722325032547
256002.048,56.018675152075936,50.20218082904391
256252.05000000002,54.41118949448204,48.903152587614066
256502.052,54.257869188149016,48.33019931256577
256752.054,54.451196413234406,50.03518468183339
257002.056,54.719953384526576,49.04395976520631
257252.05800000002,55.240228555275735,50.182370784390486
257502.06,53.58042791554676,48.353695274908084
257752.062,53.27744683580476,47.944264528069695
258002.064,53.98422985522946,47.9786422727258
258252.066,53.32777309740879,47.884368220622875
258502.068,53.50448885580228,47.264808989825035
258752.07,53.77735015171258,47.31524865608736
259002.07200000001,53.03728365847715,46.63586237008012
259252.074,54.454068743560605,47.571185531233304
259502.076,54.461341155199456,46.00235669189523
259752.078,54.84872174868725,46.635687311852664
260002.08000000002,55.12540077905509,48.74478678161623
260252.082,53.693483588843854,48.36909103389512
260502.084,54.32827994432306,49.16978335210489
260752.086,55.30290804711535,48.93409622803754
261002.08800000002,54.92209566813463,49.501368615902656
261252.09,54.27133750257959,49.65857555159212
261502.092,55.179934844608546,49.398438953434194
261752.094,54.51210164806026,49.69231569437727
262002.09600000002,54.57022412862749,49.04052545403616
262252.098,54.909723868304205,48.39839679026201
262502.1,55.65685960903087,48.59750689061605
262752.102,56.5129875835425,49.46415014763953
263002.104,55.55456675497896,48.49759163057694
263252.106,55.91104309923752,46.49684795096123
263502.108,55.777289282981656,49.2905654539063
263752.11,56.7194831221187,47.89372391753969
264002.112,55.820187145263624,46.2455218842059
264252.114,55.29986494384049,44.702735420086306
264502.116,55.12333667081232,43.37070934950597
264752.118,55.02666512589026,43.44349882848972
265002.12,55.201304595749114,43.16347894870068
265252.12200000003,54.62488118541635,42.859950058520305
265502.124,54.03072088106255,38.82673267960776
265752.126,54.699455537804745,40.44527211022287
266002.128,55.123115446545356,38.852648822250494
266252.13,54.27008149517006,40.5486087167346
266502.132,53.83066039689428,40.270722350188606
266752.134,53.391800990548745,40.14175015321019
267002.136,53.52510638524026,41.758602319740945
267252.138,53.07119662192047,38.4960857309859
267502.14,52.32767677257694,35.99170469717164
267752.142,52.07297149023873,36.93708579061789
268002.14400000003,51.557317428802655,35.14437223382028
268252.146,51.94888881476386,36.547801533509706
268502.148,50.983631205862395,34.54120678765742
268752.15,50.75144386572082,36.32384329688076
269002.152,50.981814592480596,36.02678879448893
269252.154,51.345696462623174,38.66733389337006
269502.156,51.220707974388105,35.60180262234493
269752.158,50.41995407493095,36.487379146329644
270002.16000000003,50.49344792754485,39.09612216018205
270252.162,50.69438966416154,38.896973100699306
270502.164,50.466213482624475,40.54836353410356
270752.166,51.23450900630848,40.46389945612018
271002.168,51.292186167073396,43.06201417107162
271252.17,50.87456174269658,43.47138967467611
271502.172,51.05351213818059,43.705864022616865
271752.174,51.39349580490609,44.6811570570015
272002.176,51.89000386715911,43.373366745478165
272252.178,51.84798899082132,42.850435309824775
272502.18,51.82022213634894,42.4181047925806
272752.18200000003,51.6088827276761,41.97975912076775
273002.184,52.26082455021491,42.67130319175236
273252.186,51.23549848826685,42.365933941352715
273502.188,53.04603759870281,44.92602945559021
273752.19,53.171150243466116,44.69858311796891
274002.192,53.19463038086657,44.96379907138218
274252.194,53.48205294403717,45.60028463821654
274502.196,54.12181022771947,45.59370761369751
274752.19800000003,53.895243799149014,46.6104201951378
275002.2,53.30137092871401,45.084461997099986
275252.202,51.956573655649336,44.92399275666354
275502.204,53.19230104864607,45.684913219646724
275752.206,52.99668859610993,46.64045193828928
276002.208,53.53485417238402,46.72799885105988
276252.21,52.00936300358918,43.45151367947673
276502.212,52.60454418245624,42.590099139537585
276752.214,52.40549071608759,45.14298452133879
277002.216,52.43872253056422,44.17136766129518
277252.218,53.52950986460094,45.97120928617126
277502.22000000003,54.27722764250316,45.9493575828925
277752.222,55.221547591407194,45.398277258980904
278002.224,54.74774516763419,46.823754033339334
278252.226,53.82658648651493,44.53659616075689
278502.228,53.02195721467047,44.47982010200586
278752.23,52.26972090506373,43.526314117471955
279002.232,52.45231048797691,42.92046235243211
279252.234,52.42624998639268,43.44458531040761
279502.23600000003,52.68388447294827,42.838712575931105
279752.238,52.63224002146898,43.39922161637622
280002.24,52.34117297539103,42.558129197502595
280252.242,52.25250465240217,42.357034131355135
280502.244,52.18754520585126,41.4644269771348
280752.246,53.14669992884023,42.007598184280205
281002.248,53.16390421771956,43.007762362382365
281252.25,54.10406524244974,43.54471128173692
281502.252,54.1304033817942,44.767468896276206
281752.254,53.2235922496128,44.07883703536213
282002.256,53.010605971842665,44.48139400000965
282252.25800000003,53.83886349167961,45.025851621567725
282502.26,52.7523835876985,43.18242927430469
282752.262,53.64286256469934,43.63517835994734
283002.264,52.66892861166992,44.48018969900801
283252.266,53.63654579307681,42.617178439335554
283502.268,53.58571379848507,43.92207730199001
283752.27,54.29136872606604,45.30980261402349
284002.272,53.79773356789028,46.56743045359355
284252.27400000003,53.82016284858044,43.8994653592199
284502.276,53.65472963131217,44.58756515139248
284752.278,53.84964323541297,44.60194900226021
285002.28,53.69578737160778,45.022726362087425
285252.282,53.84311455690603,45.57286300716777
285502.284,53.53075182010823,45.183918199267985
285752.286,53.617052818637454,45.11526915889909
286002.288,53.30716587373382,44.514107139813866
286252.29,53.281621762064745,42.8108473713154
286502.292,52.910587182754455,43.27790316655894
286752.294,54.41646071614307,45.24349400834204
287002.29600000003,54.271709355204514,46.910443619776736
287252.298,54.99058960053008,45.75792812356776
287502.3,54.780617252387465,45.3771630771884
287752.302,56.15618859301556,46.076849055695796
288002.304,56.042815780694035,47.02570178449757
288252.306,57.09673688672322,47.883464781883
288502.308,56.27259124456122,48.52688174394557
288752.31,55.139331363216584,45.894538887841776
289002.31200000003,55.88288285514162,45.65653560723199
289252.314,56.03859407335127,44.76002930722655
289502.316,56.64748687398495,46.427151050890885
289752.318,56.495312943220455,47.11010459139873
290002.32,56.82348101778636,49.90557951793036
290252.322,57.372764078993406,49.495294781752364
290502.324,56.98588062423907,49.45528607494754
290752.326,57.36237770217361,48.65085033047017
291002.328,57.525648834440325,47.22416256744657
291252.33,56.89737067842755,46.7495885611885
291502.332,58.65533835018382,47.30996072244757
291752.33400000003,57.48424774682677,48.78134334006727
292002.336,55.7727259140312,47.7509710399834
292252.338,55.38781143551956,48.19388043147992
292502.34,54.977525773707356,47.27141973723393
292752.342,56.457213965040914,48.057142456363906
293002.344,57.074822145073135,47.99134639760453
293252.346,57.70601968496316,49.37518835034073
293502.348,56.808583587024785,47.0030879328945
293752.35000000003,56.73812119517095,47.017010719983574
294002.352,56.55762395552969,46.219250954407116
294252.354,56.90311041079975,46.45179792664296
294502.356,57.815398293195386,48.05516972358289
294752.358,57.71317724373335,48.16867560612781
295002.36,57.88816501311655,47.83729655160594
295252.362,57.539838843386974,48.940358499195895
295502.364,57.48476052743135,46.45528884259159
295752.366,58.13659308546486,46.53400301483191
296002.368,58.65179374009419,48.77405721344344
296252.37,58.26185820137918,49.30737019681991
296502.37200000003,58.054358000459075,49.924509960200275
296752.374,56.96031583662845,49.51215333900638
297002.376,57.105549360027155,49.51375321041828
297252.378,58.59860242226861,50.05584334126406
297502.38,58.677919360710874,48.54055473670928
297752.382,57.675583063834765,49.23526718884854
298002.384,57.04743996524317,47.55910738931414
298252.386,57.9307215881768,47.414875154495945
298502.388,57.79986991361314,48.14182145757195
298752.39,58.1385177606816,48.48436356032425
299002.392,58.44258727686894,50.54951068075333
299252.39400000003,58.203931640607145,48.95711140722985
299502.396,58.164097058477,49.78903006118083
299752.398,58.927171047572095,50.14062130302496
300002.4,58.863160460737355,49.609554350301146
300252.402,58.5806928563672,48.63036557691274
300502.404,57.66964192667886,50.32384860536861
300752.406,58.22872485642517,50.148479061615454
301002.408,58.217326438924175,48.637904324934546
301252.41000000003,57.65477198725933,46.839401088550154
301502.412,58.131323120594345,46.14800147283285
301752.414,57.524380175954136,45.782537628735454
302002.416,58.000559577504276,45.838183130949666
302252.418,58.116214950058264,45.40778303615373
302502.42,56.1293198881041,43.95784510502949
302752.422,57.880544194727555,47.05700651302417
303002.424,55.89942435193468,44.89829027298896
303252.426,54.95661194453148,45.60734407810494
303502.428,55.728977485462984,45.869053970336346
303752.43,55.90655788913894,47.15355608291715
304002.43200000003,55.53866683826422,44.56909029111815
304252.434,57.34724586305284,44.74583533498727
304502.436,57.317444372875414,45.920638957446705
304752.438,56.669734423266426,47.168763364373376
305002.44,56.719968447504485,46.71879482395953
305252.442,56.249565143306405,44.91249593787532
305502.444,56.03044964871525,43.37670169520583
305752.446,55.87017105556641,41.38921587244392
306002.44800000003,54.45017482331028,43.26776169465423
306252.45,54.68907377088179,44.49402999744988
306502.452,55.069239760553465,44.55105388167951
306752.454,55.47742437291572,44.71310894721559
307002.456,54.75117266052039,42.63081978587595
307252.458,54.95697923313688,42.30927735489807
307502.46,55.388208579194114,42.82865848641616
307752.462,55.953240825811456,43.742558345116485
308002.464,55.789803020085174,43.681442510617025
308252.466,54.532035723790976,42.145013641356286
308502.468,55.12454373843428,43.01253184131877
308752.47000000003,56.171409265259626,44.23476439307483
309002.472,55.92282132186065,44.83115641089155
309252.474,55.131452955206996,42.7728326336002
309502.476,55.71068378206316,42.68525303432218
309752.478,55.357808546958054,43.10212633693291
310002.48,55.79447672090802,47.08621419462497
310252.482,56.35680061109725,47.511257492809115
310502.484,55.575274370084244,47.79339925265684
310752.48600000003,54.65531297175112,47.88757295176078
311002.488,55.13073143399334,46.81129830656533
311252.49,54.84235578959701,45.02977534980265
311502.492,54.526550429689415,44.18406287140278
311752.494,53.990663520487715,42.943297937440036
312002.496,53.41021681901052,42.73884915571395
312252.498,52.47085584719842,43.31350084170362
312502.5,53.217547354496915,43.7657506546314
312752.502,52.863618341356094,41.8815423891557
313002.504,53.33210356613769,42.585089327787145
313252.506,52.25274095599013,42.35269237577663
313502.50800000003,52.36950622328932,41.9520091911906
313752.51,52.25235320237711,41.75578612886204
314002.512,51.36366420866198,41.89236599744831
314252.514,51.4931913530768,42.6881142106328
314502.516,51.72245688896834,41.36825482321807
314752.518,51.35861936523376,41.11670346364428
315002.52,52.99067913855903,41.52054555944848
315252.522,52.90741799966351,42.09552878124186
315502.52400000003,53.855305180368525,43.90241693360784
315752.526,53.00809179751974,44.19500425759862
316002.528,52.69944656787171,43.15770384815171
316252.53,51.99608625073992,41.76692909850543
316502.532,53.33745554634816,42.39697273303593
316752.534,54.10285810781431,43.309588044009786
317002.536,52.726677322448566,43.62471518678244
317252.538,52.887589491056836,40.83875159302413
317502.54,52.55677157658923,42.96993571780084
317752.542,52.13725704930282,41.58879803098336
318002.544,53.32972026240216,42.26321436474518
318252.54600000003,52.84140086934689,43.20263218471149
318502.548,53.0362046834131,43.28765009309385
318752.55,53.913393527996185,43.41478555007972
319002.552,54.09365112527166,42.16200201096333
319252.554,54.1867551117451,42.89651250552129
319502.556,54.607452324374435,44.34339633269924
319752.558,54.93608718647149,43.92461775023519
320002.56,54.87129812924749,45.5960937556315
320252.56200000003,53.71219311432441,44.62497505415896
320502.564,53.91909643225187,45.67008888358535
320752.566,54.14973556674642,42.79354045491763
321002.568,53.50868135899275,42.88521428450076
321252.57,54.131623681755606,41.77487699334804
321502.572,53.71035006999207,43.25389003444793
321752.574,53.02172997566957,43.50623245662539
322002.576,53.123374323048274,43.743704212186834
322252.578,53.01355482854603,44.13978518551187
322502.58,52.741622876075134,43.58461464613059
322752.582,54.00543663602132,45.33912259183759
323002.58400000003,54.6008338634481,45.26748825175563
323252.586,56.3134938818612,44.753317721736906
323502.588,56.49911894697645,45.66362241222907
323752.59,56.46168321235024,48.01250684086489
324002.592,55.919003992471964,48.3966107121277
324252.594,56.57707371947416,47.78719360397407
324502.596,56.041947119871374,48.76750660124305
324752.598,56.61292166249452,49.63230298269079
325002.60000000003,56.3705128254619,48.23921977010461
325252.602,55.86692313751488,47.12441553983138
325502.604,55.832796096532526,48.38259762230375
325752.606,55.15172705657512,46.685378467454704
326002.608,56.23499659342164,46.90484313430436
326252.61,56.70697540856546,47.319067562927536
326502.612,56.59774961754885,48.63234198819966
326752.614,57.05766985054267,47.34381062959926
327002.616,56.45744519193104,47.35911722273453
327252.618,55.433100720118084,45.95243437930842
327502.62,54.63891095964491,45.3037023527212
327752.62200000003,55.69951306530212,45.4346354468129
328002.624,54.82897666317411,42.491227116182095
328252.626,54.6294925460979,41.42061654381867
328502.628,53.3137969106699,41.44119011495979
328752.63,53.883632823611094,42.85714023044926
329002.632,53.28333878846082,42.09722092799181
329252.634,54.55594107865136,44.060839922409464
329502.636,54.81811616449813,44.235491155478734
329752.63800000004,54.39475785390767,45.29489119859696
330002.64,53.846283093565916,45.27523277925626
330252.642,53.07735763428336,44.21134062183572
330502.64400000003,54.77089304353193,45.09756875032101
330752.646,53.76773414822524,44.36599704747692
331002.648,54.056473788197486,43.41517746453753
331252.65,53.16098874223116,45.25880849903735
331502.652,54.929328590808296,45.899297103492785
331752.654,55.626410712829475,46.61220133803832
332002.656,55.37757488262941,46.996989930719636
332252.658,55.50518362107354,48.19991669071105
332502.66000000003,55.740675825659764,49.708146168345635
332752.662,55.629014620686384,48.71095865031933
333002.664,55.2959115213728,47.202353695188606
333252.666,54.380776250498364,44.67462262720052
333502.668,53.92153363043115,44.5534099537296
333752.67,54.21774066572827,46.195456669541386
334002.672,54.513138959309245,46.51072042272667
334252.674,54.702235011917686,46.502601171736146
334502.67600000004,54.34897676586158,44.21784891271197
334752.678,54.20623930609245,46.27593215933925
335002.68,53.8846614824677,45.79783145525547
335252.68200000003,55.26279319812292,46.23171343930841
335502.684,55.53395220926117,47.149323392376516
335752.686,54.97536972010152,45.36978412992277
336002.688,54.307288264268685,45.350766225448204
336252.69,54.547978652836626,44.02749166784373
336502.692,54.10978086325829,44.87418310750421
336752.694,54.52031134620396,43.67669857004948
337002.696,53.74159924917055,44.891783822363095
337252.69800000003,53.74823081710543,45.126490093159816
337502.7,53.6840886823463,46.20533308964789
337752.702,54.251537357160984,47.40303988117844
338002.704,53.8985513005945,46.64288901186257
338252.706,52.51980483953281,44.94628690723235
338502.708,53.61160806169503,45.220635397822036
338752.71,52.96532334364812,46.19141017761508
339002.712,54.5747553386918,46.25323833879311
339252.714,54.79081591977131,46.350452178666835
339502.716,53.70584837017912,48.180594025170834
339752.718,53.73148167285969,46.92527365268655
340002.72000000003,51.826176609948696,43.767625343277786
340252.722,52.8999745217736,44.57658128549007
340502.724,53.797043019001485,44.9363028625919
340752.726,53.67011063553842,44.609858444549914
341002.728,52.818865551722965,43.91271909291361
341252.73,54.11336177632359,45.66668859754074
341502.732,54.15027295469348,46.22773397173492
341752.734,53.4927560535477,45.89976005054404
342002.73600000003,52.286428265410024,45.81757417580947
342252.738,54.547936699381374,47.26735561538285
342502.74,55.30946535635997,47.187317501873125
342752.742,54.27743436750108,45.84537337272886
343002.744,52.57833812784378,45.182019606048286
343252.746,53.089773594254076,46.96810116567724
343502.748,52.91597136397685,45.47740641707016
343752.75,53.905268269874355,46.12657958222721
344002.752,53.96154832406064,45.9404738779832
344252.754,53.85691972320891,46.73875685417256
344502.756,52.13604850363032,46.74445690756726
344752.75800000003,52.54084157183264,46.01263780057103
345002.76,53.070624709488925,45.95376315981228
345252.762,52.84409357834718,46.421993052903865
345502.764,52.31392311700318,46.213207818202726
345752.766,53.23578164448774,46.51508747803821
346002.768,52.50351703124346,45.82657064818947
346252.77,52.91363498697027,46.68600866588004
346502.772,52.23049602845986,48.41806703707811
346752.77400000003,52.2682087226385,48.5102658970405
347002.776,51.55363248460212,47.208882462941254
347252.778,51.0145008250089,47.6828019255471
347502.78,51.621690291633,47.9203372703564
347752.782,51.35144669050448,48.85575841758462
348002.784,50.6527331545027,47.36312814898532
348252.786,51.48225262270845,48.73091341288211
348502.788,52.73384741329883,48.999514060351366
348752.79,53.33958506709959,49.934527820979646
349002.792,52.55501704129576,49.25781037191441
349252.794,50.871126785411604,47.94540631566147
349502.79600000003,52.78832825856681,49.14381180165431
349752.798,52.13623074494124,48.1674669522481
350002.8,52.35704235638176,47.967028359959144
350252.802,51.372711019915265,47.519493434024824
350502.804,51.194591952514706,47.632059897621104
350752.806,51.04160232196467,46.847241389723635
351002.808,50.063649082307506,46.38275128165363
351252.81,50.1341341397945,46.87713664922023
351502.81200000003,51.53423757256928,47.548952252718884
351752.814,52.338903423456955,48.62267704575497
352002.816,52.60024239808713,48.7209010007506
352252.818,52.92665189771599,48.8043213105308
352502.82,52.764715214917224,48.040024458567245
352752.822,53.44182227599993,49.624113360436056
353002.824,52.768892447642344,48.577165646073816
353252.826,51.72410245601511,46.58470112808278
353502.828,52.21054454648523,46.66767543705257
353752.83,52.41523425128961,47.504604405662775
354002.832,51.72745191109025,48.051747118049825
354252.83400000003,51.020316225776654,47.8223684374512
354502.836,49.65315027391924,46.71881103218464
354752.838,50.612567182111405,48.35516913604655
355002.84,51.20440124569933,48.431921614343
355252.842,52.339785579046215,48.166770012672096
355502.844,53.45309640069597,51.06955984339495
355752.846,52.03084888000107,49.175919128626354
356002.848,51.83894614518442,48.4210830265597
356252.85000000003,53.0495389723845,49.43328807914141
356502.852,54.05653360203762,49.290695870390955
356752.854,54.53109425570375,48.81783731792433
357002.856,54.032218976348915,48.96454357342412
357252.858,53.68484348882799,48.32850354081911
357502.86,51.531972130843776,48.022060392783196
357752.862,52.10320692741305,47.72801473628331
358002.864,52.58841924729387,48.82646560528192
358252.866,52.392500252687796,47.677304066576504
358502.868,51.81190707212995,46.886384429768206
358752.87,51.26456450389599,47.45568748843626
359002.87200000003,51.447982049934566,46.72300309457767
359252.874,51.158577240656115,46.183155139968285
359502.876,51.774298455365674,47.49066814638932
359752.878,51.913975416484334,47.28866940963786
360002.88,52.35165495775248,47.17333843139241
360252.882,51.498079128622535,46.47904534216092
360502.884,52.006395721523525,46.11836188306229
360752.886,51.799687564180424,44.87042445155733
361002.88800000004,51.641586545943746,45.61233854842765
361252.89,51.47190831733492,43.69851257053294
361502.892,51.14184791479807,44.43755063750343
361752.89400000003,51.43454730771043,46.38477575960543
362002.896,53.102312321087346,47.038835750738116
362252.898,53.168151090701805,47.2038709171661
362502.9,52.7291074738584,47.552430193363115
362752.902,52.71779243220285,48.17016728278428
363002.904,52.72165660766251,47.27995013539283
363252.906,53.345154697414664,47.363205514662965
363502.908,53.088163802009284,47.15333416619361
363752.91000000003,52.60956655049341,47.2223440069105
364002.912,53.04796851516031,46.536926722155734
364252.914,52.941401888380234,46.07606272462479
364502.916,52.72336002287066,44.979054706571375
364752.918,53.047220719543795,45.84317325702274
365002.92,52.54453069400083,45.552699598744475
365252.922,51.34511312658696,44.44808348143865
365502.924,53.22890189742987,45.38298716667559
365752.92600000004,52.70325058797659,44.8500097690708
366002.928,52.1176764523093,44.87866953899413
366252.93,51.64451999948859,43.46395996850996
366502.93200000003,51.22383083450487,43.643431703396544
366752.934,50.96753077617674,45.41941927187717
367002.936,50.563527713870954,44.72400198899685
367252.938,50.31503544314573,43.68433005975163
367502.94,51.023748690191496,44.885239938719494
367752.942,51.37111433253375,44.61185796847615
368002.944,51.84139971297771,46.7904213375315
368252.946,50.67254822061594,46.06751903794996
368502.94800000003,51.04627733466765,46.13711731171931
368752.95,50.76172918962324,45.64646891754761
369002.952,51.52336402956653,45.91063727232204
369252.954,50.66964833536018,44.32870349912144
369502.956,52.48310458928531,44.94585527286134
369752.958,51.6796819846869,46.01313754478913
370002.96,52.26333524784545,44.552175103991885
370252.962,52.13930316983107,46.53028521680782
370502.96400000004,51.425843584522696,45.835171810338466
370752.966,51.35067825881516,44.95548003200588
371002.968,51.90168553533544,45.57522489455986
371252.97000000003,52.11605245358595,45.913822897291325
371502.972,53.038793029614794,47.61541241664127
371752.974,53.048375223003454,46.942126253120364
372002.976,53.553941662987704,47.20692920662032
372252.978,52.76505513601293,45.83768062592452
372502.98,54.128540480222114,49.024092021839
372752.982,52.842764653050025,47.75373343753756
373002.984,53.32998873999909,47.56605005279691
373252.98600000003,54.29003952056053,47.67454056887317
373502.988,54.38785247861927,49.228552614702345
373752.99,55.97974757117711,50.79062625336794
374002.992,56.87361769639642,51.89295104419513
374252.994,57.02241224879063,51.12345816652869
374502.996,58.299285317524166,53.760899931557645
374752.998,56.92243325897476,52.35501036957654
375003.0,56.9490992837185,51.799770426194144
375253.00200000004,58.8903572808171,53.928499289853754
375503.004,58.61540760277133,54.15766694464693
375753.006,58.41922713509884,53.96906274888953
376003.00800000003,59.22140900591955,54.73762305244025
376253.01,57.95251249189697,53.534078738753486
376503.012,56.55127730669344,53.322343432697345
376753.014,57.6104761353307,56.12282408196499
377003.016,57.46849415583784,54.17486788219696
377253.018,57.34581751751102,53.00052540280499
377503.02,57.54155357411448,53.30356131842741
377753.022,57.50451748766804,53.7482256880815
378003.02400000003,57.51074252330072,53.33437176814198
378253.026,57.07957386949698,53.851609479775775
378503.028,59.11565403106672,55.112897717190144
378753.03,60.25665955824379,56.72355340467344
379003.032,60.7913557618309,57.333709834625395
379253.034,60.694105364584495,57.511533447166826
379503.036,61.208796631483196,57.66000220364529
379753.038,60.733399281605024,56.66564562326085
380003.04,59.7462532848008,55.59281093659228
380253.042,60.23602576192703,56.621582261881024
380503.044,59.43941531756605,56.22729323730176
380753.04600000003,60.26336769276606,55.6419483291411
381003.048,58.297144964942525,55.57882962028596
381253.05,57.817690627878946,55.34192165439366
381503.052,58.317533187567356,55.12008044174903
381753.054,58.52955867947142,54.76070102044381
382003.056,58.722719841382364,55.38311922129519
382253.058,59.23755909158355,55.85698810053376
382503.06,59.30440683521047,56.37374006441048
382753.06200000003,58.80948818615205,55.913215444019535
383003.064,60.344937683063016,56.738823825152515
383253.066,59.45512429950693,56.35599807786854
383503.068,58.88554071045034,56.043520870074545
383753.07,58.68475484590692,55.48167138369497
384003.072,59.406019528594975,55.77364269170723
384253.074,59.190571247623595,55.844162353108715
384503.076,59.331572122774524,54.95685718828776
384753.078,59.746757071466014,55.32020226637326
385003.08,61.918884789062446,56.68252993812713
385253.082,61.405847944210315,55.55318573967658
385503.08400000003,61.03205487521246,55.80965325611024
385753.086,61.82631947271148,57.334238188749595
386003.088,61.229414916974285,55.806405542927784
386253.09,61.60354295802651,54.2773378681875
386503.092,61.643309665304635,56.01647070288324
386753.094,62.17958981385043,55.046763516321114
387003.096,62.663131076632155,55.28600441162736
387253.098,61.84210696061206,54.2947937853656
387503.10000000003,62.246207779569325,56.2148623171463
387753.102,62.46659770404466,56.73227340770753
388003.104,63.08304960112809,56.83741352187358
388253.106,62.063557936932476,56.68628849343835
388503.108,62.212018612738156,55.549532696687265
388753.11,62.23574069736753,55.560173794024195
389003.112,61.208597532814295,55.70527368600047
389253.114,60.375426490067454,56.332203867028085
389503.116,60.83002438502105,55.5856348235872
389753.118,59.65347683423664,54.08264315194598
390003.12,60.525744220077215,52.3327513616736
390253.12200000003,60.01168527127759,52.644214163784476
390503.124,59.36322142419692,53.9008643255432
390753.126,58.57598925903988,51.062973776355655
391003.128,59.35672308171381,52.05103806509141
391253.13,60.00449319528467,52.707434496234775
391503.132,60.56867619498563,51.90052368629368
391753.134,60.85419382684701,51.115774920678774
392003.136,61.89002029561336,49.47915814282549
392253.13800000004,62.11176449882644,51.08351847826392
392503.14,62.25001657397849,52.838254322804964
392753.142,62.763907355303324,53.22318006167489
393003.14400000003,62.18038371849314,53.96270104802107
393253.146,62.240760249500326,55.33294527806892
393503.148,61.04145603433823,54.438815842104255
393753.15,61.00480519495655,54.685218760550974
394003.152,61.99025240188597,54.13412768050726
394253.154,60.741036913374806,52.772310447487314
394503.156,61.0482356533067,52.81598857721113
394753.158,60.57443876086315,52.89184715717506
395003.16000000003,59.91068786661143,52.14679822024786
395253.162,61.608613218018895,54.409884817038744
395503.164,61.4860326500073,54.84360273433042
395753.166,61.28813530976827,54.93519137084771
396003.168,62.48514010101113,55.19449097367133
396253.17,62.66326841334332,56.06521458344947
396503.172,62.46120026754004,55.11481515006713
396753.174,63.44922828146657,55.616685018872296
397003.17600000004,63.24481489101312,55.78922274667888
397253.178,63.19385649073593,57.33380888774228
397503.18,62.911782687338366,56.49414079428615
397753.18200000003,62.11860120698873,55.07374932726381
398003.184,61.259959158623595,54.22770347928125
398253.186,62.547581131078935,56.0871776021849
398503.188,61.057481218610235,55.70776497411956
398753.19,60.35673421621894,56.27273026922541
399003.192,60.42917496340881,55.52852351256044
399253.194,60.25915406058803,55.967553193659185
399503.196,61.136175605124045,54.211777066541224
399753.19800000003,61.0554666358844,53.08145128958795
400003.2,62.06157749817647,55.19630704197391
400253.202,63.457448729997445,56.61159181219403
400503.204,63.1814186012594,53.685907719330764
400753.206,61.73120552237442,52.38821044797582
401003.208,62.944969796808316,53.482457312514974
401253.21,63.26442824304468,54.84660155929219
401503.212,64.31158563245305,55.1591463267617
401753.21400000004,65.09441374401167,56.40323429739298
402003.216,63.5270188142923,57.5391133111429
402253.218,62.55056717255194,54.14202440176302
402503.22000000003,60.723471744198896,53.915019838280806
402753.222,59.69569857347386,53.495431654136894
403003.224,60.47478249030649,54.30756470286369
403253.226,60.95581737327802,53.42683087229073
403503.228,60.91618183262453,53.900529787088544
403753.23,60.44128307589102,53.93728091221164
404003.232,60.062250041591305,53.59757163822486
404253.234,59.51657459695467,53.38455124931836
404503.23600000003,60.06173674675505,53.62635974736945
404753.238,58.66825636985448,53.64978237388199
405003.24,58.57055974892814,53.48788156560556
405253.242,60.12327605560667,53.91325897449217
405503.244,60.01552257727847,52.386304286247736
405753.246,58.93121647917729,53.34951038933971
406003.248,57.74717827932879,53.37481246308024
406253.25,57.50184202364618,52.79703896183086
406503.25200000004,57.750388907959895,52.90369788775089
406753.254,56.957091616391736,51.83427420996475
407003.256,57.748607395498325,52.07050876026509
407253.25800000003,58.035537188096626,52.26552582548055
407503.26,59.04991579699151,53.94540025048002
407753.262,58.502596044398864,54.325444862130794
408003.264,60.51395480042554,54.77651083099642
408253.266,59.14988871093552,52.85097818887147
408503.268,58.899183447693495,52.81494678736377
408753.27,59.917952662450446,52.93880964223066
409003.272,58.22657196631792,53.4817429270858
409253.27400000003,57.04727543493474,52.1776303430146
409503.276,59.18553738907817,53.237348549502926
409753.278,58.542354577018166,53.40991944418614
410003.28,58.411705566911095,52.90384345249278
410253.282,60.082787802178935,54.40203835907524
410503.284,60.29360187866956,54.60284394562265
410753.286,60.26554713921802,53.415230396765864
411003.288,59.45404927242215,53.84344095307116
411253.29000000004,59.07897258005275,54.4612729687411
411503.292,60.0011388411638,56.40879714922172
411753.294,59.5020009407437,55.2465771875951
412003.29600000003,58.87149311061391,54.690855918747395
412253.298,58.223812672325344,53.97702028581365
412503.3,59.35238133215413,54.58018424397036
412753.302,59.635610929518634,53.3401272194584
413003.304,58.98252870465767,52.58076547678548
413253.306,57.830848460448635,52.765548419089775
413503.308,57.74239682293174,53.3227348298252
413753.31,57.73933400562378,52.57043406164076
414003.31200000003,58.38672933761181,54.34169427812126
414253.314,57.691206623982666,52.79467966994587
414503.316,59.04614355736652,53.69466993186819
414753.318,58.22226451440465,53.87195519634943
415003.32,58.4559086564901,54.003936908810964
415253.322,60.1116049032873,55.51461110600597
415503.324,60.522082244815884,55.70288861607363
415753.326,61.29030553732108,56.094861626006626
416003.32800000004,61.82556541465036,55.409933950636024
416253.33,60.60860950809019,54.369008699513195
416503.332,60.13054320600641,53.09155878586701
416753.33400000003,60.39341540665212,55.82437625304602
417003.336,61.354617161108955,56.732407599859805
417253.338,61.124160322529484,55.52636772394284
417503.34,59.8958596402626,52.66358340736335
417753.342,60.58890886068874,55.228102028010206
418003.344,60.219041301370105,55.78375076374753
418253.346,58.7677185668532,55.36546772432071
418503.348,59.50831923708797,56.017899746150626
418753.35000000003,59.77336057645639,56.64740790812506
419003.352,60.16870657695955,56.98296246847852
419253.354,60.17401718170342,57.30075090063775
419503.356,60.9106771694267,57.65619159438508
419753.358,59.43336473753736,56.7836977309919
420003.36,59.75849432279081,56.19333990453393
420253.362,60.64035621269473,56.7597534817521
420503.364,61.120213827985424,56.58948394516632
420753.366,60.116173063877284,55.94469966387387
421003.368,59.920083649381475,55.90028137821028
421253.37,60.53694037748096,56.896454457052165
421503.37200000003,59.68679026429318,55.02248335876834
421753.374,58.82993305086107,54.26678865915629
422003.376,58.50539055699173,54.61837238298832
422253.378,58.932260714193724,54.38236656435734
422503.38,58.24265201021929,53.2186797067572
422753.382,59.047880968030654,53.46198575131005
423003.384,57.856691091589965,52.68815855593264
423253.386,58.935991878263955,53.07511743738459
423503.38800000004,58.87119351376777,53.900784623238216
423753.39,59.47333954246038,53.932009509662116
424003.392,59.99663055423316,53.39017907169007
424253.39400000003,59.994542936264715,52.24513401593495
424503.396,60.29959502250914,51.76775709745766
424753.398,60.9414973618049,52.62019638078295
425003.4,60.850422040255125,52.424941848119474
425253.402,59.821463449374086,51.5112046782765
425503.404,58.56770176233321,51.270875624228175
425753.406,58.57273390990896,52.83404903438269
426003.408,57.759478118142326,50.56925558555913
426253.41000000003,59.19861365396668,51.17081743168443
426503.412,58.262987452930005,50.322107039437924
426753.414,59.070395007491825,49.41513465647925
427003.416,58.7027417811267,49.70862003408237
427253.418,58.16272785040998,49.582289459499194
427503.42,58.64619435620569,48.76829524123297
427753.422,58.247956950495116,47.929803418803616
428003.424,59.43269037667017,47.7542641886775
428253.42600000004,59.572668846367954,46.7786611037698
428503.428,59.43593400980405,47.34405937818552
428753.43,59.51100108480013,47.128365039639895
429003.43200000003,57.85337900358303,46.41653577788446
429253.434,57.2218033288321,49.023226997151276
429503.436,58.25099010475065,47.49996776566228
429753.438,58.063037827293094,50.606363752742794
430003.44,58.29598791786775,51.14708082767149
430253.442,57.247506779101265,50.58467379009979
430503.444,57.92668819128562,51.966810710219605
430753.446,56.76344140651969,49.40896316676632
431003.44800000003,57.75919667105723,50.47218168296595
431253.45,58.052684123117075,51.81286605941009
431503.452,58.44796531506593,49.65190472233544
431753.454,56.82409068983212,49.45020960412235
432003.456,56.44201286537397,48.841540356943256
432253.458,57.09760345819076,50.08192717162369
432503.46,57.78112521193283,48.762554047259975
432753.462,57.33620416422802,48.55563909355048
433003.46400000004,56.77032333429864,48.82781328619596
433253.466,56.84084005200471,49.57261311946089
433503.468,58.186649302417365,49.11623630900401
433753.47000000003,58.85705442960109,50.56935709638156
434003.472,57.39774278622754,49.870725399346696
434253.474,57.2281867285148,49.713591871205324
434503.476,55.696641718180935,49.22495343791465
434753.478,56.77007209350621,50.55397397060941
435003.48,56.06941517418802,49.23694570506761
435253.482,55.60695680915897,51.137163420048466
435503.484,56.579750026488256,50.72535875935243
435753.48600000003,58.33114684476692,52.02505270571198
436003.488,58.21862768768101,49.76766273628336
436253.49,57.79207502830975,49.728758140549054
436503.492,57.413706538706926,49.45338530799173
436753.494,56.9660363852433,49.268368752503804
437003.496,57.52854258801441,48.810849566858515
437253.498,55.30892279728952,46.51463625010877
437503.5,55.799062347044604,48.736836965913106
437753.50200000004,57.101669953195206,48.15956819017589
438003.504,56.53402216265578,48.90846659214359
438253.506,57.20214376849624,48.276312338150376
438503.50800000003,56.928658760228714,46.5387329656699
438753.51,55.700322731275804,47.21606023821567
439003.512,55.4607466030148,47.102332530218376
439253.514,54.886110030484396,47.39411059641452
439503.516,55.259352367236986,49.141627922581016
439753.518,54.567899214393904,48.67338316583217
440003.52,55.281001544995725,47.98298169939468
440253.522,55.93963016719946,47.65709811672967
440503.52400000003,55.78112621674946,48.748717763907585
440753.526,55.516034205186656,49.12006257537811
441003.528,55.553880787239486,48.3960923355845
441253.53,54.927023421875155,48.673541741138735
441503.532,55.18659290280232,49.454531534510636
441753.534,55.332729563413956,48.73233577018429
442003.536,55.486455525986344,48.43962010184589
442253.538,57.264457938697056,48.070772987716424
442503.54000000004,56.514868872844325,48.48302097681851
442753.542,56.66086707858814,48.48598668220888
443003.544,56.877788393873274,48.18514007328934
443253.54600000003,56.69259375075171,48.34845772512529
443503.548,55.40336084011809,48.278787992544075
443753.55,56.02033650706255,47.75434897998924
444003.552,54.990554320282754,46.784925343259864
444253.554,54.822937637436226,46.38992805318842
444503.556,54.92189572621687,45.62861933774872
444753.558,55.420511710930576,45.865701509234036
445003.56,56.351256982484394,44.57097083872531
445253.56200000003,56.43811088405544,46.295608836489194
445503.564,55.6825000895356,47.637043149763436
445753.566,55.5620222079068,47.960433893608865
446003.568,55.045996824462215,47.44276442877818
446253.57,54.83334435513326,49.01400957226753
446503.572,56.218183510029164,49.749746562602915
446753.574,54.9787444586349,48.87557565972183
447003.576,55.322763829060044,49.48165758318243
447253.57800000004,53.93700737147418,48.18932944071173
447503.58,55.52090302926713,48.945212536111775
447753.582,55.72718908689172,48.479227737286216
448003.58400000003,56.250765922492214,49.46032770989754
448253.586,56.570068035326145,49.765759173169194
448503.588,56.0381467074447,49.83259832918766
448753.59,56.57891757071674,49.53095437380307
449003.592,56.04782715033903,49.178321934861586
449253.594,56.05466527656568,49.24682877495643
449503.596,55.485209965199836,49.44193593390216
449753.598,54.953030122425815,49.9594034216141
450003.60000000003,56.02421790486234,51.29328620510826
450253.602,54.805277846623284,50.45248081307776
450503.604,55.03008500964663,50.83061238714419
450753.606,56.31244953638397,52.11271831281101
451003.608,54.711149993408675,51.275190183192706
451253.61,55.34529411940935,51.42186462243684
451503.612,56.287983724273346,51.39079037688511
451753.614,56.55221025659787,52.807471421361456
452003.61600000004,57.51471520307458,52.7059826107234
452253.618,57.87600106402699,52.96394366798232
452503.62,57.657880557917295,52.2390491970944
452753.62200000003,59.52489183786486,52.29180259447302
453003.624,58.841165693004115,54.882971736065926
453253.626,58.56582262637913,52.738960298084606
453503.628,57.87260211346183,53.56171624917596
453753.63,58.11111512832797,53.88219997401694
454003.632,57.826562897788484,53.44058413737368
454253.634,58.434952365255064,53.655747161849646
454503.636,59.403195024810955,53.61254807673856
454753.63800000004,58.873156030102514,52.81679053696172
455003.64,57.42374639382418,52.37754997482069
455253.642,56.51373633606643,50.994814794217845
455503.64400000003,55.765902891608555,51.471480515703206
455753.646,55.94160888934373,51.764511358438284
456003.648,55.87775896074652,52.49967514061544
456253.65,54.95300303319917,51.924595228976976
456503.652,54.96562369676661,52.492576163073764
456753.654,54.60231868115397,52.05294044897387
457003.656,54.57763941484305,51.6836760489901
457253.658,54.185816954476046,50.243598624870216
457503.66000000003,54.61351348895762,50.826777861235996
457753.662,54.9395392693759,51.03138690921582
458003.664,54.98998425861856,51.44564780415956
458253.666,54.36823280181797,50.17795261222375
458503.668,55.091502213055804,50.27175715037834
458753.67,54.13593826398509,48.57083917421592
459003.672,53.86072912156013,49.71092050388651
459253.674,53.78779391813457,49.212939929163596
459503.67600000004,53.417768499564076,48.87142183471069
459753.678,53.0152069275893,49.362877147390954
460003.68,54.23870059035235,51.5050702987995
460253.68200000003,54.279986562829755,50.46407558349288
460503.684,54.86851841468129,50.06002210712094
460753.686,54.06122714514625,50.13895569269749
461003.688,53.31115361444184,50.05948996250439
461253.69,53.36704744034917,49.578811929842395
461503.692,53.338966894886,50.06137563029476
461753.694,52.89980375572389,49.66556739462079
462003.696,51.60861664767455,49.17195099905638
462253.69800000003,51.326240087901226,48.75619892292128
462503.7,51.878347960828904,49.38841731319978
462753.702,52.35610360183424,49.28287560364324
463003.704,52.195794239384334,49.10300753935785
463253.706,52.60801518265166,48.780988162940474
463503.708,53.07159141288207,48.017794762290336
463753.71,53.220497251283355,46.413966336118975
464003.712,53.42981922677492,47.147501641437394
464253.71400000004,54.90411191587238,48.45545997753067
464503.716,54.11076596955237,48.74412107929742
464753.718,53.26862430975904,48.39545681633283
465003.72000000003,52.976635809132205,46.793334033430824
465253.722,52.37306381610135,47.26038403520836
465503.724,52.584422508989256,47.41824108166495
465753.726,53.01675548865653,47.5600876459777
466003.728,52.590128052797056,47.73564332798692
466253.73,52.983087574619965,46.71538018468135
466503.732,53.10906549801116,46.78080782921558
466753.734,53.33687093534974,47.75789365550716
467003.73600000003,52.79259439701546,46.65384508704113
467253.738,52.41488118136597,46.57809768755632
467503.74,53.38662388456044,47.27632054777301
467753.742,53.45290021967441,47.81188059120109
468003.744,53.54503138032672,48.296559563566746
468253.746,52.56946553749471,45.8957765659781
468503.748,52.588999269472396,46.989484503846235
468753.75,52.258294758254955,47.05609647775158
469003.75200000004,53.26663135609895,47.91250967474029
469253.754,52.27136555715955,46.8641623101253
469503.756,52.2670132649044,45.130777670129454
469753.75800000003,52.914931968417314,46.772085454629355
470003.76,53.435238398188865,47.25070853434592
470253.762,53.190940582387114,47.05378487875564
470503.764,52.25935172846927,46.525697067856086
470753.766,51.509214502581465,45.32971473184393
471003.768,51.98058081694799,45.26448006337712
471253.77,51.669053038164684,45.910711329135864
471503.772,50.82678161789333,45.500863191875226
471753.77400000003,51.40026296112379,45.891948587563284
472003.776,51.625520248594434,46.50457352181099
472253.778,52.8987473255473,47.61588844448251
472503.78,52.14125565801321,47.27152643631679
472753.782,50.87863020632732,46.13865666842094
473003.784,51.24187981360358,46.602488336069
473253.786,51.7059434131779,45.676417455283485
473503.788,53.1426850144412,46.77452477019336
473753.79000000004,52.80131253445341,45.54297498401661
474003.792,52.78293407871312,45.304193544627985
474253.794,51.85209426533618,46.549151497336105
474503.79600000003,52.69501655336975,47.340768911932585
474753.798,52.69289739492952,47.400315041681914
475003.8,53.40551828393693,46.93048452150938
475253.802,52.72636365236822,47.36120389642818
475503.804,53.999826924193826,46.767853909684824
475753.806,54.314262054328736,47.527395535576105
476003.808,53.27246043611565,48.32940537201354
476253.81,52.14182783761526,46.91440085315509
476503.81200000003,53.71574296324926,47.86879419092865
476753.814,52.816493164992124,47.69410207730372
477003.816,54.58898194008441,48.30720383687671
477253.818,54.527869166063816,47.44997682459588
477503.82,54.968222363687715,48.40564315502325
477753.822,54.40564060525309,48.63939022113289
478003.824,55.1988946566961,47.49714547457749
478253.826,54.906117784638,47.96420771661739
478503.82800000004,53.44885779978314,46.95853420370124
478753.83,54.894633053767016,49.042590876209616
479003.832,55.30945788910168,48.283609966238956
479253.83400000003,55.703802505279526,50.499569631298606
479503.836,54.86193096101106,49.17938634238832
479753.838,56.08302669993358,50.11232410191768
480003.84,55.299125583018075,49.704615571886144
480253.842,53.6625854276816,49.123207959091246
480503.844,53.91237494729778,48.071068051988405
480753.846,53.902380041283735,47.34367427937602
481003.848,53.194968443103846,47.117005258425316
481253.85000000003,54.16188572293243,47.18229912409587
481503.852,53.88992488778108,47.37896390804133
481753.854,53.20280732494289,46.60519099131861
482003.856,54.47475128624781,47.649592689832126
482253.858,54.72411250564759,47.838472117445036
482503.86,55.38715828715668,47.47866284204285
482753.862,55.46587931829687,47.891043858207965
483003.864,56.36920632660839,49.21843078462224
483253.86600000004,55.073993314184264,48.95148694793855
483503.868,53.03778394841538,47.940538280611975
483753.87,53.615008457336465,48.28044660795268
484003.87200000003,54.31645294182714,48.55686498093606
484253.874,54.63630676103225,48.27065699245942
484503.876,53.72387428585311,47.94814183517535
484753.878,53.023870408212005,46.390359248223014
485003.88,53.86045769091436,47.034042777977035
485253.882,54.56870939055855,48.60788723385657
485503.884,54.38897074442557,48.51306285316272
485753.886,53.76640625015926,47.66064620950908
486003.88800000004,53.459535148281816,46.41841879703372
486253.89,53.23587268912236,45.848143205263476
486503.892,53.072299774408116,45.64606962297754
486753.89400000003,53.52078550637702,48.00965246666949
487003.896,54.10086483414754,48.029292440558805
487253.898,54.39065918960949,48.446205090953015
487503.9,53.95490824885038,46.93389730764053
487753.902,53.168687579620475,46.06377989507674
488003.90400000004,52.9225479404231,45.61410986352393
488253.906,53.83629453040574,46.85027492198038
488503.908,53.072710505855,47.252346140514234
488753.91000000003,52.84454214793306,46.56285109767609
489003.912,52.82039917624056,44.62104401949959
489253.914,52.8546502702572,45.434416170523555
489503.916,52.218207298212384,45.44351344633677
489753.918,51.78372307541859,46.23137235792479
490003.92,52.62512876569582,46.70065985013866
490253.922,52.02087811928959,47.27509027163422
490503.924,52.22278261356856,47.057572827872406
490753.92600000004,52.68358196158325,47.66285809394453
491003.928,53.24031953150901,49.13348133865032
491253.93,53.4193257784312,48.58236080578796
491503.93200000003,52.72501957098084,48.65869932800245
491753.934,51.30710673307121,47.107382095719046
492003.936,51.44694250736967,47.77459012311362
492253.938,51.654365335263876,48.28961790194005
492503.94,52.28259325215932,48.055725671366666
492753.94200000004,51.64242041029161,48.04856737231763
493003.944,51.683876494283005,48.397596873368954
493253.946,50.58231223355925,47.979504964053625
493503.94800000003,50.06430536833318,47.75730969973635
493753.95,50.99960453082382,47.49538337540731
494003.952,51.625266179876284,48.60676848181777
494253.954,50.784415946344424,47.6353686733932
494503.956,50.26590255889133,47.59656208757604
494753.958,51.56295501234856,48.73116405472183
495003.96,52.23920959776006,49.23446421322479
495253.962,52.043925900149475,48.894957226627746
495503.96400000004,51.786160996100435,49.34214110108177
495753.966,51.66223733427985,49.25728822111348
496003.968,51.1726639325386,49.13307713820292
496253.97000000003,51.016187531317755,49.137586886588494
496503.972,51.36984270454032,48.847753720031626
496753.974,50.64089456390053,47.28915626608153
497003.976,51.81502902472995,48.95056518690377
497253.978,52.006551480156375,48.666210628760695
497503.98,51.92816287159062,49.27356989113576
497753.982,52.464217809769195,49.488269203505595
498003.984,53.18176106821855,50.09024894300506
498253.98600000003,52.18991413363041,49.7219133403486
498503.988,53.539578742080835,50.53642537879264
498753.99,53.69355607984267,51.14490132374239
499003.992,54.881960591927964,51.48678802877308
499253.994,54.4657064696575,51.407526472329515
499503.996,54.774867345771334,51.367460790671664
499753.998,54.9417169673377,51.92743551109698
500000.004,55.61204637157686,52.54341565310982
