Residue#	Chain	ResName	LigandContact	CA	Backbone	Sidechain	All_Heavy	B-factor
0	B	SER_67	No	4.017	3.971	4.647	4.164	10
1	B	SER_68	No	3.089	3.166	3.592	3.285	10
2	B	PHE_69	No	2.728	2.745	2.77	2.656	10
3	B	VAL_70	No	2.667	2.778	3.07	2.801	10
4	B	GLU_71	No	3.187	3.231	3.795	3.585	10
5	B	LYS_72	No	3.406	3.391	4.477	3.889	10
6	B	MET_73	No	3.033	3.183	2.914	2.979	10
7	B	LYS_74	No	3.465	3.608	3.804	3.628	10
8	B	LYS_75	No	4.065	4.146	4.629	4.346	10
9	B	THR_76	No	4.219	4.213	4.2	4.153	10
10	B	GLY_77	No	4.124	4.072	4.085	4.072	10
11	B	ARG_78	No	3.561	3.486	4.169	3.86	10
12	B	ASN_79	No	3.2	3.068	3.818	3.478	10
13	B	ILE_80	No	2.689	2.747	3.071	2.848	10
14	B	ILE_81	No	2.26	2.165	2.396	2.213	10
15	B	VAL_82	No	2.153	2.23	2.633	2.332	10
16	B	PHE_83	No	2.154	2.137	2.604	2.32	10
17	B	TYR_84	No	2.588	2.674	3.207	3.036	10
18	B	GLY_85	No	3.142	3.139	3.265	3.139	10
19	B	SER_86	No	3.853	3.935	4.016	3.953	10
20	B	GLN_87	No	4.683	4.774	5.271	5.034	10
21	B	THR_88	No	5.155	5.087	5.565	5.251	10
22	B	GLY_89	No	4.653	4.591	4.525	4.591	10
23	B	THR_90	No	4.28	4.134	4.39	4.247	10
24	B	ALA_91	No	3.424	3.482	3.374	3.442	10
25	B	GLU_92	No	3.841	3.858	4.538	4.253	10
26	B	GLU_93	No	4.202	4.057	4.922	4.606	10
27	B	PHE_94	No	3.412	3.393	3.657	3.497	10
28	B	ALA_95	No	3.121	3.253	3.22	3.222	10
29	B	ASN_96	No	3.94	3.912	4.705	4.281	10
30	B	ARG_97	No	3.938	3.905	4.017	3.951	10
31	B	LEU_98	No	3.148	3.291	3.122	3.118	10
32	B	SER_99	No	3.529	3.676	3.779	3.7	10
33	B	LYS_100	No	4.417	4.441	5.525	4.955	10
34	B	ASP_101	No	4.43	4.455	4.345	4.448	10
35	B	ALA_102	No	4.185	4.381	3.965	4.288	10
36	B	HIS_103	No	5.067	5.213	5.886	5.595	10
37	B	ARG_104	No	5.656	5.684	5.737	5.673	10
38	B	TYR_105	No	5.437	5.433	5.489	5.469	10
39	B	GLY_106	No	5.481	5.308	5.608	5.308	10
40	B	MET_107	No	4.488	4.516	4.561	4.437	10
41	B	ARG_108	No	4.533	4.253	6.944	5.987	10
42	B	GLY_109	No	3.372	3.599	3.172	3.599	10
43	B	MET_110	No	3.096	2.962	3.315	3.087	10
44	B	SER_111	No	2.947	3.042	3.444	3.153	10
45	B	ALA_112	No	3.014	3.012	3.005	2.985	10
46	B	ASP_113	No	3.838	3.938	4.576	4.323	10
47	B	PRO_114	No	4.818	5.104	4.866	4.981	10
48	B	GLU_115	No	6.176	6.186	7.382	7.105	10
49	B	GLU_116	No	6.103	5.896	6.799	6.61	10
50	B	TYR_117	No	4.557	4.684	4.055	4.159	10
51	B	ASP_118	No	4.299	3.972	4.582	4.234	10
52	B	LEU_119	No	3.64	4.036	3.765	3.798	10
53	B	ALA_120	No	4.74	4.606	5.328	4.718	10
54	B	ASP_121	No	3.623	3.657	3.41	3.401	10
55	B	LEU_122	No	3.102	3.229	3.508	3.27	10
56	B	SER_123	No	3.773	3.709	4.078	3.802	10
57	B	SER_124	No	3.243	3.163	3.317	3.184	10
58	B	LEU_125	No	2.871	3.038	3.067	2.973	10
59	B	PRO_126	No	3.84	3.862	4.063	3.914	10
60	B	GLU_127	No	3.646	3.678	3.834	3.835	10
61	B	ILE_128	No	3.585	3.668	3.534	3.538	10
62	B	ASP_129	No	4.481	4.517	5.223	4.859	10
63	B	ASN_130	No	3.959	3.817	4.677	4.181	10
64	B	ALA_131	No	2.807	2.853	2.634	2.787	10
65	B	LEU_132	No	2.42	2.349	2.782	2.482	10
66	B	VAL_133	No	1.88	1.889	2.482	2.012	10
67	B	VAL_134	No	1.739	1.754	2.17	1.85	10
68	B	PHE_135	No	1.705	1.711	2.347	2.002	10
69	B	CYS_136	No	2.07	2.173	2.437	2.243	10
70	B	MET_137	No	2.433	2.445	2.751	2.543	10
71	B	ALA_138	No	3.087	3.117	3.566	3.172	10
72	B	THR_139	No	3.621	3.723	3.731	3.673	10
73	B	TYR_140	No	4.515	4.552	5.016	4.869	10
74	B	GLY_141	No	5.395	5.291	5.543	5.291	10
75	B	GLU_142	No	5.663	5.579	6.146	5.965	10
76	B	GLY_143	No	5.132	5.039	5.076	5.039	10
77	B	ASP_144	No	4.798	4.646	5.338	5.049	10
78	B	PRO_145	No	3.881	4.119	3.997	4.057	10
79	B	THR_146	No	4.049	4.019	3.859	3.909	10
80	B	ASP_147	No	4.756	4.641	5.429	5.039	10
81	B	ASN_148	No	4.064	3.956	4.265	4.058	10
82	B	ALA_149	No	3.4	3.494	3.339	3.445	10
83	B	GLN_150	No	4.035	3.97	5.157	4.639	10
84	B	ASP_151	No	3.849	3.705	4.06	3.875	10
85	B	PHE_152	No	3.031	3.127	2.932	2.899	10
86	B	TYR_153	No	3.443	3.536	4.03	3.865	10
87	B	ASP_154	No	4.062	3.991	4.513	4.303	10
88	B	TRP_155	No	3.564	3.578	3.082	3.203	10
89	B	LEU_156	No	3.241	3.458	3.21	3.262	10
90	B	GLN_157	No	4.213	4.254	4.922	4.607	10
91	B	GLU_158	No	4.088	4.018	4.642	4.443	10
92	B	THR_159	No	3.754	3.962	4.635	4.199	10
93	B	ASP_160	No	5	4.899	5.882	5.373	10
94	B	VAL_161	No	4.357	4.412	4.426	4.351	10
95	B	ASP_162	No	4.296	4.138	4.806	4.489	10
96	B	LEU_163	No	3.516	3.676	3.251	3.408	10
97	B	SER_164	No	4.218	4.11	4.807	4.318	10
98	B	GLY_165	No	4.072	3.916	4.364	3.916	10
99	B	VAL_166	No	3.02	3.128	2.946	2.99	10
100	B	LYS_167	No	2.846	2.657	3.955	3.293	10
101	B	PHE_168	No	2.226	2.319	2.541	2.452	10
102	B	ALA_169	No	1.922	1.834	2.23	1.872	10
103	B	VAL_170	No	1.702	1.74	2.113	1.816	10
104	B	PHE_171	No	1.83	1.885	2.325	2.146	10
105	B	GLY_172	No	2.241	2.277	2.305	2.277	10
106	B	LEU_173	No	2.915	2.956	3.252	3.035	10
107	B	GLY_174	No	3.42	3.468	3.569	3.468	10
108	B	ASN_175	No	4.017	3.992	4.587	4.293	10
109	B	LYS_176	No	3.989	4.159	3.959	4.001	10
110	B	THR_177	No	4.916	4.991	5.232	5.086	10
111	B	TYR_178	No	5.017	4.841	5.407	5.219	10
112	B	GLU_179	No	5.001	4.867	5.118	4.849	10
113	B	HIS_180	No	4.436	4.348	5.017	4.711	10
114	B	PHE_181	No	3.77	3.698	3.85	3.746	10
115	B	ASN_182	No	3.168	3.222	2.982	3.067	10
116	B	ALA_183	No	3.723	3.636	4.276	3.73	10
117	B	MET_184	No	3.355	3.222	3.495	3.311	10
118	B	GLY_185	No	2.604	2.694	2.489	2.694	10
119	B	LYS_186	No	3.102	3.183	3.568	3.338	10
120	B	TYR_187	No	3.554	3.45	4.308	3.973	10
121	B	VAL_188	No	2.906	2.942	3.027	2.878	10
122	B	ASP_189	No	2.843	3.012	2.872	2.969	10
123	B	LYS_190	No	3.689	3.677	4.753	4.168	10
124	B	ARG_191	No	3.652	3.603	4.347	4.022	10
125	B	LEU_192	No	3.032	3.203	2.699	2.883	10
126	B	GLU_193	No	3.698	3.83	4.163	4.07	10
127	B	GLN_194	No	4.399	4.369	4.983	4.677	10
128	B	LEU_195	No	3.909	3.923	3.74	3.793	10
129	B	GLY_196	No	4.087	3.964	4.291	3.964	10
130	B	ALA_197	No	3.303	3.43	3.059	3.342	10
131	B	GLN_198	No	3.529	3.325	4.545	3.996	10
132	B	ARG_199	No	3.271	3.427	3.584	3.488	10
133	B	ILE_200	No	3.375	3.335	3.681	3.41	10
134	B	PHE_201	No	2.915	2.89	2.824	2.831	10
135	B	GLU_202	No	2.627	2.477	3.232	2.955	10
136	B	LEU_203	No	2.201	2.236	2.674	2.359	10
137	B	GLY_204	No	1.991	2.011	2.076	2.011	10
138	B	LEU_205	No	2.179	2.264	2.684	2.367	10
139	B	GLY_206	No	2.629	2.635	2.754	2.635	10
140	B	ASP_207	No	3.159	3.245	3.461	3.407	10
141	B	ASP_208	No	3.938	4.033	4.53	4.403	10
142	B	ASP_209	No	4.407	4.302	4.591	4.402	10
143	B	GLY_210	No	3.807	3.804	4.019	3.804	10
144	B	ASN_211	No	3.903	3.673	4.481	4.027	10
145	B	LEU_212	No	3.378	3.377	3.69	3.463	10
146	B	GLU_213	No	3.689	3.568	4.055	3.797	10
147	B	GLU_214	No	3.338	3.215	3.811	3.579	10
148	B	ASP_215	No	2.689	2.704	2.807	2.786	10
149	B	PHE_216	No	2.82	2.857	3.12	3.008	10
150	B	ILE_217	No	3.346	3.329	4.325	3.709	10
151	B	THR_218	No	3.045	3.001	3.201	3.015	10
152	B	TRP_219	No	2.541	2.655	2.198	2.301	10
153	B	ARG_220	No	2.919	3.017	3.65	3.394	10
154	B	GLU_221	No	3.578	3.577	4.352	4.079	10
155	B	GLN_222	No	3.36	3.347	3.717	3.565	10
156	B	PHE_223	No	2.979	3.167	2.86	2.895	10
157	B	TRP_224	No	3.762	3.841	3.674	3.683	10
158	B	PRO_225	No	4.41	4.379	4.338	4.348	10
159	B	ALA_226	No	3.994	4.08	3.704	3.995	10
160	B	VAL_227	No	4.044	4.284	3.869	4.057	10
161	B	CYS_228	No	5.108	5.237	5.396	5.293	10
162	B	GLU_229	No	5.484	5.607	5.501	5.585	10
163	B	HIS_230	No	5.704	5.834	5.628	5.693	10
164	B	PHE_231	No	5.909	5.894	5.149	5.295	10
165	B	GLY_232	No	6.029	5.786	6.263	5.786	10
166	B	VAL_233	No	6.061	5.791	7.516	6.433	10
167	B	GLU_234	No	4.706	4.995	4.384	4.637	10
168	B	ALA_235	No	5.414	5.282	6.164	5.421	10
169	B	THR_236	No	4.362	4.278	4.815	4.389	10
170	B	GLY_237	No	3.675	3.543	4.155	3.543	10
171	B	GLU_238	No	3.013	2.898	3.642	3.333	10
172	B	GLU_239	No	2.702	2.744	3.511	3.128	10
173	B	SER_240	No	2.148	2.131	2.414	2.168	10
174	B	SER_241	No	2.246	2.061	2.933	2.322	10
175	B	ILE_242	No	1.86	1.918	2.623	2.131	10
176	B	ARG_243	No	1.854	1.867	2.881	2.406	10
177	B	GLN_244	No	1.935	1.842	2.981	2.456	10
178	B	TYR_245	No	1.643	1.78	1.754	1.716	10
179	B	GLU_246	No	1.913	1.774	2.571	2.276	10
180	B	LEU_247	No	1.789	1.881	2.196	1.934	10
181	B	VAL_248	No	1.855	1.812	2.369	1.931	10
182	B	VAL_249	No	1.906	1.954	2.456	2.06	10
183	B	HIS_250	No	2.03	2.048	2.266	2.113	10
184	B	THR_251	No	2.389	2.482	2.858	2.553	10
185	B	ASP_252	No	2.77	2.801	3.327	3.085	10
186	B	ILE_253	No	3.086	3.245	3.665	3.341	10
187	B	ASP_254	No	4.255	4.25	4.985	4.632	10
188	B	ALA_255	No	5.037	4.694	6.158	4.937	10
189	B	ALA_256	No	4.319	4.124	5.098	4.278	10
190	B	LYS_257	No	3.298	3.062	5.397	4.221	10
191	B	VAL_258	No	2.045	2.076	2.684	2.209	10
192	B	TYR_259	No	1.494	1.509	2.251	1.887	10
193	B	MET_260	No	1.528	1.508	2.497	1.855	10
194	B	GLY_261	No	1.61	1.596	1.757	1.596	10
195	B	GLU_262	No	1.481	1.482	2.215	2.02	10
196	B	MET_263	No	1.707	1.824	2.41	1.988	10
197	B	GLY_264	No	2.22	2.212	2.375	2.212	10
198	B	ARG_265	No	2.407	2.387	3.34	2.932	10
199	B	LEU_266	No	2.672	2.717	3.601	3.044	10
200	B	LYS_267	No	3.172	3.008	4.394	3.69	10
201	B	SER_268	No	3.056	3.057	3.667	3.252	10
202	B	TYR_269	No	3.663	3.596	5.129	4.571	10
203	B	GLU_270	No	3.47	3.328	4.165	3.912	10
204	B	ASN_271	No	2.614	2.568	2.851	2.679	10
205	B	GLN_272	No	2.528	2.629	3.804	3.283	10
206	B	LYS_273	No	2.597	2.459	3.48	2.913	10
207	B	PRO_274	No	2.325	2.463	2.545	2.479	10
208	B	PRO_275	No	2.293	2.259	2.65	2.404	10
209	B	PHE_276	No	1.849	1.907	1.923	1.904	10
210	B	ASP_277	No	1.811	1.749	2.183	1.99	10
211	B	ALA_278	No	1.71	1.744	2.018	1.755	10
212	B	LYS_279	No	1.891	1.886	3.121	2.432	10
213	B	ASN_280	No	1.78	1.741	2.113	1.907	10
214	B	PRO_281	No	1.498	1.551	1.523	1.531	10
215	B	PHE_282	No	1.494	1.45	1.574	1.515	10
216	B	LEU_283	No	1.453	1.468	1.985	1.593	10
217	B	ALA_284	No	1.311	1.321	1.523	1.309	10
218	B	ALA_285	No	1.287	1.257	1.644	1.281	10
219	B	VAL_286	No	1.175	1.231	1.453	1.224	10
220	B	THR_287	No	1.23	1.242	1.53	1.28	10
221	B	THR_288	No	1.159	1.136	1.587	1.238	10
222	B	ASN_289	No	1.088	1.146	1.247	1.185	10
223	B	ARG_290	No	1.075	1.043	2.436	1.806	10
224	B	LYS_291	No	1.086	1.107	1.561	1.281	10
225	B	LEU_292	No	1.035	1.093	1.184	1.031	10
226	B	ASN_293	No	1.16	1.2	1.231	1.198	10
227	B	GLN_294	No	1.431	1.477	1.461	1.447	10
228	B	GLY_295	No	1.592	1.562	1.693	1.562	10
229	B	THR_296	No	1.831	1.886	2.257	1.97	10
230	B	GLU_297	No	1.863	1.829	2.626	2.375	10
231	B	ARG_298	No	1.457	1.463	1.612	1.531	10
232	B	HIS_299	No	1.207	1.187	1.515	1.335	10
233	B	LEU_300	No	0.955	0.985	1.318	1.037	10
234	B	MET_301	No	0.91	0.891	1.236	0.974	10
235	B	HIS_302	No	0.856	0.889	1.105	0.982	10
236	B	LEU_303	No	0.903	0.903	1.679	1.101	10
237	B	GLU_304	No	0.984	1.01	1.303	1.206	10
238	B	LEU_305	No	1.093	1.107	1.64	1.215	10
239	B	ASP_306	No	1.214	1.216	1.497	1.395	10
240	B	ILE_307	No	1.272	1.32	1.443	1.289	10
241	B	SER_308	No	1.429	1.471	1.749	1.542	10
242	B	ASP_309	No	1.741	1.759	2.319	2.086	10
243	B	SER_310	No	1.744	1.79	1.705	1.758	10
244	B	LYS_311	No	1.847	1.86	2.855	2.28	10
245	B	ILE_312	No	1.745	1.737	1.922	1.752	10
246	B	ARG_313	No	1.744	1.726	3.558	2.831	10
247	B	TYR_314	No	1.514	1.555	1.269	1.337	10
248	B	GLU_315	No	1.494	1.442	1.872	1.65	10
249	B	SER_316	No	1.493	1.52	1.881	1.607	10
250	B	GLY_317	No	1.355	1.324	1.409	1.324	10
251	B	ASP_318	No	1.238	1.209	1.494	1.394	10
252	B	HIS_319	No	1.146	1.173	1.398	1.291	10
253	B	VAL_320	No	1.13	1.112	1.93	1.281	10
254	B	ALA_321	No	1.137	1.152	1.532	1.169	10
255	B	VAL_322	No	1.129	1.126	1.699	1.221	10
256	B	TYR_323	No	1.179	1.212	1.626	1.447	10
257	B	PRO_324	No	1.167	1.153	1.272	1.184	10
258	B	ALA_325	No	1.137	1.14	1.524	1.158	10
259	B	ASN_326	No	1.07	1.1	1.116	1.099	10
260	B	ASP_327	No	1.2	1.191	1.489	1.377	10
261	B	SER_328	No	1.323	1.337	1.737	1.429	10
262	B	ALA_329	No	1.437	1.428	1.792	1.451	10
263	B	LEU_330	No	1.409	1.399	2.031	1.552	10
264	B	VAL_331	No	1.298	1.341	1.606	1.346	10
265	B	ASN_332	No	1.399	1.441	1.669	1.54	10
266	B	GLN_333	No	1.538	1.562	2.51	2.042	10
267	B	LEU_334	No	1.695	1.751	2.586	2.044	10
268	B	GLY_335	No	1.939	1.979	2.069	1.979	10
269	B	LYS_336	No	2.117	2.171	2.973	2.488	10
270	B	ILE_337	No	2.301	2.364	2.571	2.359	10
271	B	LEU_338	No	2.396	2.45	2.706	2.469	10
272	B	GLY_339	No	2.524	2.499	2.552	2.499	10
273	B	ALA_340	No	2.246	2.165	2.609	2.215	10
274	B	ASP_341	No	1.987	1.98	2.497	2.264	10
275	B	LEU_342	No	1.655	1.623	2.043	1.727	10
276	B	ASP_343	No	1.545	1.635	1.681	1.676	10
277	B	VAL_344	No	1.793	1.721	2.459	1.906	10
278	B	VAL_345	No	1.717	1.765	2.019	1.793	10
279	B	MET_346	No	1.636	1.577	1.973	1.664	10
280	B	SER_347	No	1.548	1.577	1.865	1.628	10
281	B	LEU_348	No	1.55	1.558	2.084	1.696	10
282	B	ASN_349	No	1.495	1.498	2.197	1.798	10
283	B	ASN_350	No	1.484	1.543	1.929	1.688	10
284	B	LEU_351	No	1.886	1.932	2.755	2.234	10
285	B	ASP_352	No	2.066	2	2.598	2.308	10
286	B	GLU_353	No	2.515	2.544	3.432	3.054	10
287	B	GLU_354	No	2.744	2.685	3.664	3.295	10
288	B	SER_355	No	2.312	2.299	2.46	2.332	10
289	B	ASN_356	No	2.609	2.532	3.506	2.928	10
290	B	LYS_357	No	2.253	2.157	3.799	2.924	10
291	B	LYS_358	No	1.653	1.596	3.049	2.253	10
292	B	HIS_359	No	1.356	1.414	2.318	1.897	10
293	B	PRO_360	No	1.495	1.518	1.543	1.512	10
294	B	PHE_361	No	1.335	1.305	1.831	1.51	10
295	B	PRO_362	No	1.336	1.328	1.49	1.364	10
296	B	CYS_363	No	1.404	1.46	1.649	1.47	10
297	B	PRO_364	No	1.491	1.479	1.708	1.555	10
298	B	THR_365	No	1.352	1.399	1.433	1.352	10
299	B	SER_366	No	1.346	1.329	1.493	1.356	10
300	B	TYR_367	No	1.349	1.304	2.453	1.968	10
301	B	ARG_368	No	1.269	1.245	1.512	1.386	10
302	B	THR_369	No	1.202	1.196	1.8	1.314	10
303	B	ALA_370	No	1.168	1.157	1.506	1.17	10
304	B	LEU_371	No	1.145	1.143	1.503	1.217	10
305	B	THR_372	No	1.115	1.115	1.331	1.143	10
306	B	TYR_373	No	1.115	1.127	1.299	1.218	10
307	B	TYR_374	No	1.118	1.127	1.292	1.219	10
308	B	LEU_375	No	1.113	1.112	1.39	1.157	10
309	B	ASP_376	No	1.148	1.206	1.458	1.376	10
310	B	ILE_377	No	1.184	1.247	1.557	1.287	10
311	B	THR_378	No	1.38	1.374	1.822	1.494	10
312	B	ASN_379	No	1.487	1.458	2.147	1.749	10
313	B	PRO_380	No	1.498	1.531	1.618	1.549	10
314	B	PRO_381	No	1.656	1.668	1.745	1.685	10
315	B	ARG_382	No	1.779	1.78	2.963	2.462	10
316	B	THR_383	No	1.876	1.882	2.099	1.924	10
317	B	ASN_384	No	1.902	1.882	2.005	1.92	10
318	B	VAL_385	No	1.766	1.768	1.99	1.782	10
319	B	LEU_386	No	1.836	1.858	2.228	1.93	10
320	B	TYR_387	No	1.938	1.942	2.879	2.456	10
321	B	GLU_388	No	1.859	1.872	1.969	1.984	10
322	B	LEU_389	No	1.808	1.862	2.154	1.858	10
323	B	ALA_390	No	2.063	2.123	2.281	2.118	10
324	B	GLN_391	No	2.252	2.25	2.747	2.493	10
325	B	TYR_392	No	2.127	2.19	2.25	2.167	10
326	B	ALA_393	No	2.419	2.494	2.648	2.491	10
327	B	SER_394	No	2.884	2.936	3.183	2.986	10
328	B	GLU_395	No	2.994	2.91	3.412	3.255	10
329	B	PRO_396	No	3.086	3.009	3.419	3.153	10
330	B	SER_397	No	2.894	2.81	3.129	2.899	10
331	B	GLU_398	No	2.468	2.443	2.781	2.664	10
332	B	GLN_399	No	2.434	2.425	3.191	2.809	10
333	B	GLU_400	No	2.561	2.5	3.212	2.914	10
334	B	LEU_401	No	2.319	2.268	2.75	2.406	10
335	B	LEU_402	No	2.089	2.115	2.328	2.135	10
336	B	ARG_403	No	2.272	2.26	3.349	2.904	10
337	B	LYS_404	No	2.272	2.233	2.933	2.531	10
338	B	MET_405	No	2.03	2.042	2.185	2.023	10
339	B	ALA_406	No	2.055	2.111	2.286	2.109	10
340	B	SER_407	No	2.273	2.259	2.647	2.36	10
341	B	SER_408	No	2.574	2.644	3.002	2.736	10
342	B	SER_409	No	2.839	2.76	3.452	2.955	10
343	B	GLY_410	No	2.983	2.806	3.249	2.806	10
344	B	GLU_411	No	2.519	2.457	3.242	2.97	10
345	B	GLY_412	No	2.236	2.188	2.231	2.188	10
346	B	LYS_413	No	2.123	2.089	3.16	2.552	10
347	B	GLU_414	No	2.104	2.057	2.605	2.38	10
348	B	LEU_415	No	1.959	1.915	2.528	2.095	10
349	B	TYR_416	No	1.786	1.775	1.824	1.788	10
350	B	LEU_417	No	1.815	1.879	2.476	2.066	10
351	B	SER_418	No	1.844	1.822	2.177	1.899	10
352	B	TRP_419	No	1.73	1.718	1.881	1.816	10
353	B	VAL_420	No	1.631	1.64	1.86	1.654	10
354	B	VAL_421	No	1.654	1.858	2.061	1.843	10
355	B	GLU_422	No	1.742	1.74	2.265	2.027	10
356	B	ALA_423	No	1.71	1.714	1.966	1.721	10
357	B	ARG_424	No	1.68	1.689	2.558	2.155	10
358	B	ARG_425	No	1.627	1.653	1.854	1.736	10
359	B	HIS_426	No	1.675	1.701	1.909	1.809	10
360	B	ILE_427	No	1.869	1.879	2.56	2.091	10
361	B	LEU_428	No	2.057	2.002	3.024	2.404	10
362	B	ALA_429	No	1.854	1.859	2	1.848	10
363	B	ILE_430	No	1.781	1.837	1.939	1.809	10
364	B	LEU_431	No	2.061	2.1	2.604	2.227	10
365	B	GLN_432	No	2.186	2.155	2.745	2.403	10
366	B	ASP_433	No	1.93	1.956	1.974	1.994	10
367	B	CYS_434	No	1.999	2.006	2.295	2.057	10
368	B	PRO_435	No	2.454	2.573	2.799	2.634	10
369	B	SER_436	No	2.648	2.609	3.022	2.718	10
370	B	LEU_437	No	2.234	2.271	2.448	2.22	10
371	B	ARG_438	No	2.302	2.272	4.686	3.774	10
372	B	PRO_439	No	2.091	2.044	2.744	2.262	10
373	B	PRO_440	No	2.391	2.295	3.24	2.624	10
374	B	ILE_441	No	2.075	2.08	3.239	2.5	10
375	B	ASP_442	No	2.017	2.013	2.271	2.141	10
376	B	HIS_443	No	1.883	1.858	2.253	2.082	10
377	B	LEU_444	No	1.865	1.809	2.578	2.081	10
378	B	CYS_445	No	1.897	1.849	2.651	2.11	10
379	B	GLU_446	No	1.812	1.734	2.821	2.483	10
380	B	LEU_447	No	1.458	1.439	2.009	1.591	10
381	B	LEU_448	No	1.298	1.311	1.707	1.384	10
382	B	PRO_449	No	1.347	1.289	1.479	1.352	10
383	B	ARG_450	No	1.229	1.258	2.793	2.177	10
384	B	LEU_451	No	1.191	1.24	1.809	1.35	10
385	B	GLN_452	No	1.234	1.189	2.12	1.686	10
386	B	ALA_453	No	1.145	1.171	1.517	1.182	10
387	B	ARG_454	No	1.084	1.087	1.243	1.149	10
388	B	TYR_455	No	1.088	1.078	1.847	1.45	10
389	B	TYR_456	No	0.965	1.013	1.378	1.135	10
390	B	SER_457	No	0.961	0.952	1.483	1.076	10
391	B	ILE_458	No	0.945	0.951	1.325	1.032	10
392	B	ALA_459	No	0.835	0.863	1.194	0.856	10
393	B	SER_460	No	0.889	0.93	0.954	0.928	10
394	B	SER_461	No	0.986	1	1.085	1.024	10
395	B	SER_462	No	1.17	1.193	1.453	1.262	10
396	B	LYS_463	No	1.276	1.278	1.752	1.415	10
397	B	VAL_464	No	1.197	1.26	1.727	1.314	10
398	B	HIS_465	No	1.382	1.323	2.515	1.955	10
399	B	PRO_466	No	1.42	1.437	1.592	1.48	10
400	B	ASN_467	No	1.382	1.318	2.256	1.749	10
401	B	SER_468	No	1.147	1.127	1.689	1.265	10
402	B	VAL_469	No	0.978	0.984	1.905	1.181	10
403	B	HIS_470	No	0.848	0.854	0.996	0.935	10
404	B	ILE_471	No	0.827	0.83	1.722	1.079	10
405	B	CYS_472	No	0.812	0.827	1.147	0.87	10
406	B	ALA_473	No	0.874	0.883	1.274	0.892	10
407	B	VAL_474	No	1.017	1.081	1.607	1.165	10
408	B	VAL_475	No	1.101	1.124	1.771	1.253	10
409	B	VAL_476	No	1.218	1.19	2.24	1.465	10
410	B	GLU_477	No	1.181	1.239	1.659	1.49	10
411	B	TYR_478	No	1.344	1.344	2.304	1.842	10
412	B	GLU_479	No	1.637	1.616	2.517	2.2	10
413	B	THR_480	No	1.671	1.773	1.782	1.733	10
414	B	LYS_481	No	2.012	2.101	2.471	2.228	10
415	B	ALA_482	No	2.268	2.301	2.442	2.295	10
416	B	GLY_483	No	2.311	2.277	2.319	2.277	10
417	B	ARG_484	No	1.958	1.882	2.196	2.042	10
418	B	ILE_485	No	1.602	1.625	2.105	1.743	10
419	B	ASN_486	No	1.353	1.338	1.715	1.498	10
420	B	LYS_487	No	1.384	1.417	2.016	1.58	10
421	B	GLY_488	No	1.283	1.293	1.326	1.293	10
422	B	VAL_489	No	1.163	1.22	1.898	1.326	10
423	B	ALA_490	No	1.138	1.121	1.46	1.13	10
424	B	THR_491	No	1.095	1.104	1.285	1.116	10
425	B	ASN_492	No	1.179	1.179	1.444	1.283	10
426	B	TRP_493	No	1.172	1.177	1.572	1.406	10
427	B	LEU_494	No	1.111	1.136	1.401	1.157	10
428	B	ARG_495	No	1.183	1.222	2.044	1.667	10
429	B	ALA_496	No	1.372	1.394	1.713	1.407	10
430	B	LYS_497	No	1.424	1.542	1.616	1.505	10
431	B	GLU_498	No	1.629	1.467	2.873	2.267	10
432	B	PRO_499	No	1.387	1.557	2.046	1.692	10
433	B	ALA_500	No	2.585	2.76	3.749	2.898	10
434	B	GLY_501	No	4.532	4.519	5.057	4.519	10
435	B	GLU_502	No	4.061	3.764	4.822	4.47	10
436	B	ASN_503	No	3.666	3.53	4.867	4.095	10
437	B	GLY_504	No	3.384	3.049	3.873	3.049	10
438	B	GLY_505	No	3.11	2.934	3.416	2.934	10
439	B	ARG_506	No	2.102	2.072	3.376	2.822	10
440	B	ALA_507	No	1.358	1.372	1.87	1.415	10
441	B	LEU_508	No	1.343	1.344	1.917	1.5	10
442	B	VAL_509	No	1.246	1.264	1.778	1.335	10
443	B	PRO_510	No	1.292	1.258	1.36	1.287	10
444	B	MET_511	No	1.243	1.282	1.84	1.379	10
445	B	PHE_512	No	1.301	1.27	1.458	1.368	10
446	B	VAL_513	No	1.301	1.369	2.059	1.503	10
447	B	ARG_514	No	1.409	1.382	2.406	1.945	10
448	B	LYS_515	No	1.621	1.634	3.231	2.368	10
449	B	SER_516	No	1.698	1.742	2.329	1.875	10
450	B	GLN_517	No	2.201	2.208	3.63	2.977	10
451	B	PHE_518	No	2.461	2.381	3.801	3.145	10
452	B	ARG_519	No	2.56	2.341	5.191	4.15	10
453	B	LEU_520	No	1.864	1.904	2.805	2.23	10
454	B	PRO_521	No	1.826	1.863	1.948	1.854	10
455	B	PHE_522	No	2.249	2.219	3.375	2.806	10
456	B	LYS_523	No	1.979	1.968	2.369	2.082	10
457	B	ALA_524	No	1.888	1.844	2.29	1.889	10
458	B	THR_525	No	1.763	1.802	1.998	1.829	10
459	B	THR_526	No	1.8	1.722	2.317	1.878	10
460	B	PRO_527	No	1.74	1.725	1.946	1.802	10
461	B	VAL_528	No	1.606	1.622	2.296	1.749	10
462	B	ILE_529	No	1.592	1.573	1.913	1.663	10
463	B	MET_530	No	1.352	1.376	1.738	1.442	10
464	B	VAL_531	No	1.345	1.319	1.819	1.42	10
465	B	GLY_532	No	1.238	1.21	1.357	1.21	10
466	B	PRO_533	No	1.247	1.199	1.462	1.293	10
467	B	GLY_534	No	1.085	1.067	1.144	1.067	10
468	B	THR_535	No	0.964	0.982	1.194	1.001	10
469	B	GLY_536	No	1.044	1.034	1.094	1.034	10
470	B	VAL_537	No	1.01	1.002	1.697	1.14	10
471	B	ALA_538	No	1.032	1.023	1.466	1.049	10
472	B	PRO_539	No	1.026	1.03	1.137	1.058	10
473	B	PHE_540	No	1.061	1.037	1.363	1.224	10
474	B	ILE_541	No	0.965	0.988	1.339	1.034	10
475	B	GLY_542	No	0.972	0.992	0.995	0.992	10
476	B	PHE_543	No	1.062	1.076	2.558	1.9	10
477	B	ILE_544	No	1.102	1.109	1.434	1.167	10
478	B	GLN_545	No	1.092	1.117	1.826	1.454	10
479	B	GLU_546	No	1.181	1.24	1.488	1.409	10
480	B	ARG_547	No	1.351	1.37	1.749	1.54	10
481	B	ALA_548	No	1.371	1.394	1.599	1.384	10
482	B	TRP_549	No	1.445	1.488	1.722	1.629	10
483	B	LEU_550	No	1.586	1.649	1.981	1.698	10
484	B	ARG_551	No	1.7	1.796	1.852	1.767	10
485	B	GLN_552	No	2.058	2.11	2.748	2.428	10
486	B	GLN_553	No	2.213	2.328	2.558	2.419	10
487	B	GLY_554	No	2.748	2.426	3.199	2.426	10
488	B	LYS_555	No	2.343	2.289	4.509	3.39	10
489	B	GLU_556	No	1.87	1.912	2.169	2.059	10
490	B	VAL_557	No	1.722	1.74	2.037	1.775	10
491	B	GLY_558	No	1.746	1.723	1.796	1.723	10
492	B	GLU_559	No	1.75	1.733	2.386	2.148	10
493	B	THR_560	No	1.563	1.571	1.665	1.561	10
494	B	LEU_561	No	1.545	1.514	2.064	1.678	10
495	B	LEU_562	No	1.347	1.391	1.593	1.378	10
496	B	TYR_563	No	1.389	1.353	1.636	1.539	10
497	B	TYR_564	No	1.244	1.292	1.222	1.217	10
498	B	GLY_565	No	1.335	1.28	1.421	1.28	10
499	B	CYS_566	No	1.293	1.346	1.425	1.344	10
500	B	ARG_567	No	1.439	1.471	1.448	1.427	10
501	B	ARG_568	No	1.559	1.513	2.101	1.831	10
502	B	SER_569	No	1.625	1.637	1.805	1.686	10
503	B	ASP_570	No	1.713	1.684	2.03	1.876	10
504	B	GLU_571	No	1.476	1.429	1.689	1.595	10
505	B	ASP_572	No	1.219	1.22	1.252	1.242	10
506	B	TYR_573	No	1.219	1.202	1.868	1.499	10
507	B	LEU_574	No	1.043	1.075	1.346	1.091	10
508	B	TYR_575	No	1.026	1.075	0.964	0.981	10
509	B	ARG_576	No	1.3	1.335	2.145	1.807	10
510	B	GLU_577	No	1.488	1.424	2.226	1.948	10
511	B	GLU_578	No	1.189	1.216	1.747	1.538	10
512	B	LEU_579	No	1.23	1.29	1.469	1.278	10
513	B	ALA_580	No	1.522	1.504	1.873	1.53	10
514	B	GLN_581	No	1.452	1.448	2.339	1.898	10
515	B	PHE_582	No	1.318	1.365	1.712	1.467	10
516	B	HIS_583	No	1.542	1.613	1.944	1.742	10
517	B	ARG_584	No	1.753	1.756	2.992	2.481	10
518	B	ASP_585	No	1.772	1.791	2.204	2.01	10
519	B	GLY_586	No	1.691	1.661	1.745	1.661	10
520	B	ALA_587	No	1.5	1.502	1.732	1.5	10
521	B	LEU_588	No	1.433	1.485	2.005	1.566	10
522	B	THR_589	No	1.612	1.621	1.957	1.679	10
523	B	GLN_590	No	1.587	1.556	2.19	1.861	10
524	B	LEU_591	No	1.463	1.529	1.656	1.502	10
525	B	ASN_592	No	1.537	1.494	2.09	1.756	10
526	B	VAL_593	No	1.46	1.518	1.695	1.505	10
527	B	ALA_594	No	1.489	1.463	1.728	1.468	10
528	B	PHE_595	No	1.551	1.581	1.741	1.663	10
529	B	SER_596	No	1.635	1.675	1.688	1.653	10
530	B	ARG_597	No	1.787	1.842	1.761	1.768	10
531	B	GLU_598	No	2.001	2.137	1.996	2.087	10
532	B	GLN_599	No	2.586	2.385	2.984	2.608	10
533	B	SER_600	No	2.576	2.494	3.189	2.691	10
534	B	HIS_601	No	2.168	2.126	2.794	2.457	10
535	B	LYS_602	No	1.87	1.908	2.159	1.945	10
536	B	VAL_603	No	1.771	1.714	2.302	1.848	10
537	B	TYR_604	No	1.557	1.591	1.661	1.631	10
538	B	VAL_605	No	1.5	1.544	1.646	1.502	10
539	B	GLN_606	No	1.673	1.708	1.706	1.687	10
540	B	HIS_607	No	1.794	1.796	2.49	2.143	10
541	B	LEU_608	No	1.754	1.783	2.017	1.8	10
542	B	LEU_609	No	1.807	1.862	1.967	1.824	10
543	B	LYS_610	No	1.982	2.012	2.866	2.352	10
544	B	GLN_611	No	2.068	2.102	2.575	2.315	10
545	B	ASP_612	No	2.07	2.077	2.146	2.137	10
546	B	ARG_613	No	2.166	2.194	2.423	2.297	10
547	B	GLU_614	No	2.394	2.377	2.723	2.599	10
548	B	HIS_615	No	2.282	2.264	2.489	2.348	10
549	B	LEU_616	No	2.092	2.142	2.116	2.063	10
550	B	TRP_617	No	2.304	2.326	2.552	2.477	10
551	B	LYS_618	No	2.441	2.41	3.295	2.791	10
552	B	LEU_619	No	2.231	2.253	2.351	2.224	10
553	B	ILE_620	No	2.27	2.328	2.384	2.298	10
554	B	GLU_621	No	2.597	2.569	3.102	2.914	10
555	B	GLY_622	No	2.443	2.428	2.539	2.428	10
556	B	GLY_623	No	2.282	2.191	2.351	2.191	10
557	B	ALA_624	No	1.916	1.94	2.098	1.933	10
558	B	HIS_625	No	1.753	1.742	2.319	2.048	10
559	B	ILE_626	No	1.683	1.675	2.034	1.763	10
560	B	TYR_627	No	1.46	1.471	2.364	1.971	10
561	B	VAL_628	No	1.387	1.373	1.807	1.456	10
562	B	CYS_629	No	1.207	1.249	1.402	1.26	10
563	B	GLY_630	No	1.178	1.195	1.194	1.195	10
564	B	ASP_631	No	1.445	1.464	1.926	1.725	10
565	B	ALA_632	No	1.667	1.681	1.968	1.693	10
566	B	ARG_633	No	1.748	1.787	2.564	2.21	10
567	B	ASN_634	No	1.763	1.767	2.439	2.02	10
568	B	MET_635	No	1.699	1.718	2.405	2.008	10
569	B	ALA_636	No	1.724	1.766	1.962	1.763	10
570	B	ARG_637	No	1.897	1.894	3.569	2.911	10
571	B	ASP_638	No	1.885	1.867	2.109	1.984	10
572	B	VAL_639	No	1.734	1.779	1.842	1.731	10
573	B	GLN_640	No	1.894	1.924	2.501	2.182	10
574	B	ASN_641	No	2.069	2.07	2.414	2.216	10
575	B	THR_642	No	2.002	2.021	2.084	2.002	10
576	B	PHE_643	No	2.001	2.045	2.361	2.125	10
577	B	TYR_644	No	2.198	2.228	2.507	2.306	10
578	B	ASP_645	No	2.282	2.297	2.39	2.376	10
579	B	ILE_646	No	2.258	2.316	2.29	2.247	10
580	B	VAL_647	No	2.418	2.462	2.737	2.492	10
581	B	ALA_648	No	2.577	2.615	2.701	2.604	10
582	B	GLU_649	No	2.626	2.661	2.825	2.761	10
583	B	LEU_650	No	2.676	2.716	2.842	2.7	10
584	B	GLY_651	No	2.781	2.825	2.843	2.825	10
585	B	ALA_652	No	2.933	2.96	3.206	2.979	10
586	B	MET_653	No	2.903	2.872	3.187	2.919	10
587	B	GLU_654	No	2.934	2.883	3.483	3.241	10
588	B	HIS_655	No	2.797	2.823	3.111	2.947	10
589	B	ALA_656	No	3.102	3.072	3.503	3.126	10
590	B	GLN_657	No	2.973	2.896	3.72	3.355	10
591	B	ALA_658	No	2.583	2.576	2.701	2.572	10
592	B	VAL_659	No	2.529	2.576	3.048	2.666	10
593	B	ASP_660	No	2.772	2.727	3.337	3.089	10
594	B	TYR_661	No	2.633	2.59	3.039	2.817	10
595	B	ILE_662	No	2.511	2.466	2.939	2.629	10
596	B	LYS_663	No	2.532	2.429	3.683	3.012	10
597	B	LYS_664	No	2.109	2.088	2.711	2.289	10
598	B	LEU_665	No	1.974	2.013	2.38	2.088	10
599	B	MET_666	No	2.108	2.119	2.715	2.321	10
600	B	THR_667	No	2.233	2.238	2.49	2.297	10
601	B	LYS_668	No	2.149	2.136	2.837	2.405	10
602	B	GLY_669	No	2.071	2.056	2.12	2.056	10
603	B	ARG_670	No	1.934	1.936	2.769	2.385	10
604	B	TYR_671	No	1.969	2.001	2.528	2.245	10
605	B	SER_672	No	1.805	1.763	2.238	1.859	10
606	B	LEU_673	No	1.725	1.809	2.573	2.03	10
607	B	ASP_674	No	1.626	1.512	2.135	1.831	10
608	B	VAL_675	No	1.463	1.574	1.845	1.602	10
609	B	TRP_676	No	1.532	1.527	1.468	1.404	10
610	B	SER_677	No	2.058	2.258	2.602	2.316	10
