frame#,Prot_CA,Prot_Backbone,Prot_Sidechain,Prot_All_Heavy
0,0.000,0.000,0.000,0.000
1,1.828,1.838,2.345,2.026
2,2.076,2.090,2.656,2.301
3,2.036,2.037,2.617,2.269
4,2.282,2.284,2.786,2.482
5,2.912,2.913,3.410,3.106
6,3.197,3.195,3.680,3.381
7,2.969,2.964,3.465,3.149
8,3.174,3.170,3.666,3.361
9,3.628,3.627,4.054,3.794
10,4.093,4.096,4.529,4.268
11,3.850,3.848,4.317,4.037
12,3.742,3.747,4.223,3.945
13,3.700,3.703,4.148,3.882
14,3.741,3.748,4.230,3.941
15,3.862,3.862,4.357,4.065
16,4.161,4.172,4.638,4.373
17,4.086,4.098,4.592,4.298
18,4.205,4.207,4.642,4.390
19,4.210,4.217,4.613,4.387
20,4.548,4.562,4.980,4.734
21,4.270,4.284,4.731,4.479
22,4.766,4.781,5.208,4.972
23,4.858,4.871,5.268,5.049
24,5.255,5.265,5.669,5.446
25,4.702,4.715,5.155,4.918
26,4.359,4.374,4.858,4.594
27,4.178,4.191,4.657,4.404
28,4.296,4.301,4.794,4.530
29,4.006,4.013,4.552,4.248
30,4.031,4.050,4.478,4.232
31,4.469,4.485,4.926,4.680
32,3.946,3.949,4.438,4.165
33,4.034,4.043,4.542,4.271
34,4.291,4.302,4.758,4.513
35,4.062,4.066,4.573,4.298
36,3.867,3.866,4.377,4.111
37,4.140,4.143,4.623,4.371
38,4.304,4.318,4.775,4.542
39,4.568,4.581,4.957,4.773
40,4.353,4.362,4.813,4.600
41,4.704,4.711,5.162,4.956
42,4.311,4.316,4.842,4.598
43,4.039,4.046,4.536,4.297
44,4.243,4.247,4.688,4.471
45,4.468,4.483,4.934,4.708
46,4.176,4.182,4.677,4.442
47,4.763,4.766,5.231,5.014
48,4.567,4.570,5.017,4.806
49,4.290,4.301,4.802,4.554
50,4.046,4.058,4.579,4.307
51,4.232,4.235,4.749,4.511
52,4.332,4.335,4.858,4.617
53,4.475,4.478,4.945,4.728
54,4.323,4.325,4.835,4.585
55,4.481,4.491,4.976,4.733
56,4.866,4.872,5.361,5.149
57,4.711,4.720,5.223,4.995
58,4.707,4.722,5.237,5.000
59,4.230,4.232,4.777,4.495
60,4.418,4.422,4.944,4.690
61,4.493,4.496,5.021,4.765
62,4.576,4.584,5.109,4.862
63,5.279,5.288,5.803,5.581
64,5.328,5.331,5.891,5.654
65,5.295,5.298,5.832,5.603
66,5.127,5.131,5.663,5.431
67,5.079,5.089,5.575,5.370
68,5.183,5.194,5.691,5.497
69,5.445,5.453,5.927,5.746
70,5.159,5.177,5.661,5.471
71,5.218,5.222,5.695,5.523
72,4.774,4.783,5.343,5.109
73,4.978,4.996,5.529,5.303
74,4.930,4.938,5.479,5.238
75,5.020,5.022,5.569,5.346
76,5.112,5.117,5.664,5.447
77,5.090,5.099,5.601,5.395
78,5.195,5.194,5.686,5.484
79,4.801,4.804,5.348,5.110
80,5.299,5.300,5.815,5.601
81,5.187,5.202,5.667,5.474
82,5.036,5.035,5.521,5.327
83,4.909,4.922,5.403,5.202
84,4.865,4.872,5.374,5.154
85,4.931,4.938,5.426,5.217
86,4.851,4.860,5.390,5.164
87,4.687,4.701,5.243,4.989
88,4.875,4.880,5.422,5.182
89,4.887,4.894,5.450,5.202
90,5.180,5.180,5.682,5.479
91,4.996,5.007,5.519,5.307
92,4.985,4.992,5.502,5.284
93,5.156,5.166,5.706,5.479
94,5.465,5.464,5.975,5.773
95,5.601,5.611,6.109,5.919
96,5.752,5.759,6.272,6.079
97,5.304,5.313,5.829,5.624
98,5.589,5.598,6.109,5.908
99,5.966,5.964,6.500,6.292
100,5.705,5.711,6.230,6.027
101,5.991,5.991,6.486,6.301
102,5.455,5.463,5.991,5.776
103,5.218,5.224,5.759,5.539
104,5.468,5.475,6.007,5.798
105,5.566,5.571,6.081,5.884
106,6.036,6.032,6.540,6.356
107,5.485,5.489,6.046,5.818
108,5.886,5.884,6.419,6.220
109,6.020,6.018,6.555,6.351
110,5.596,5.594,6.110,5.914
111,6.131,6.132,6.658,6.472
112,6.026,6.023,6.542,6.358
113,6.417,6.415,6.910,6.743
114,6.053,6.052,6.554,6.372
115,5.443,5.449,6.010,5.785
116,5.337,5.340,5.830,5.624
117,4.837,4.836,5.373,5.138
118,5.150,5.158,5.650,5.449
119,4.884,4.893,5.409,5.190
120,5.189,5.196,5.685,5.482
121,5.096,5.103,5.585,5.389
122,4.864,4.872,5.364,5.154
123,4.966,4.973,5.439,5.242
124,5.438,5.441,5.942,5.754
125,5.998,5.999,6.443,6.283
126,5.928,5.931,6.386,6.223
127,6.177,6.179,6.610,6.462
128,5.769,5.770,6.241,6.064
129,5.505,5.504,5.991,5.794
130,5.771,5.774,6.239,6.077
131,5.684,5.685,6.173,5.992
132,5.715,5.727,6.154,6.005
133,5.564,5.567,6.029,5.863
134,5.318,5.321,5.858,5.658
135,5.719,5.720,6.180,6.011
136,6.527,6.521,7.012,6.834
137,5.903,5.906,6.417,6.214
138,5.445,5.447,5.929,5.733
139,5.753,5.756,6.202,6.035
140,6.081,6.080,6.542,6.370
141,6.232,6.225,6.657,6.511
142,6.244,6.236,6.686,6.527
143,6.496,6.489,6.915,6.768
144,6.077,6.068,6.500,6.346
145,6.312,6.310,6.755,6.589
146,5.838,5.840,6.294,6.115
147,6.448,6.447,6.854,6.720
148,6.225,6.225,6.697,6.509
149,6.072,6.075,6.498,6.343
150,5.904,5.906,6.353,6.177
151,6.171,6.167,6.644,6.463
152,6.165,6.172,6.630,6.460
153,6.425,6.425,6.879,6.716
154,6.431,6.429,6.875,6.715
155,6.384,6.383,6.814,6.661
156,6.607,6.606,7.028,6.877
157,5.938,5.940,6.379,6.203
158,6.060,6.064,6.531,6.358
159,6.142,6.142,6.574,6.415
160,6.316,6.318,6.822,6.622
161,6.446,6.450,6.938,6.748
162,6.377,6.378,6.852,6.672
163,6.615,6.612,7.072,6.904
164,6.377,6.382,6.845,6.662
165,6.538,6.539,6.971,6.813
166,6.663,6.670,7.120,6.956
167,6.473,6.474,6.967,6.769
168,6.391,6.392,6.897,6.692
169,6.310,6.315,6.819,6.616
170,6.591,6.586,7.086,6.886
171,6.370,6.378,6.827,6.651
172,6.594,6.590,7.051,6.874
173,6.441,6.441,6.911,6.740
174,6.326,6.321,6.788,6.600
175,6.304,6.306,6.724,6.569
176,6.248,6.242,6.730,6.537
177,6.337,6.336,6.796,6.623
178,6.688,6.679,7.149,6.969
179,6.660,6.652,7.100,6.936
180,6.746,6.744,7.186,7.036
181,6.655,6.651,7.091,6.932
182,6.640,6.634,7.089,6.926
183,6.362,6.354,6.839,6.651
184,6.341,6.336,6.808,6.630
185,6.248,6.242,6.713,6.535
186,6.457,6.456,6.899,6.734
187,6.613,6.607,7.092,6.911
188,6.695,6.689,7.168,6.988
189,6.752,6.751,7.154,7.026
190,6.607,6.601,7.046,6.893
191,6.836,6.836,7.270,7.129
192,6.736,6.730,7.168,7.024
193,6.676,6.675,7.088,6.957
194,6.526,6.525,7.003,6.844
195,6.654,6.655,7.073,6.939
196,6.506,6.502,6.955,6.796
197,6.444,6.442,6.942,6.747
198,6.698,6.699,7.148,6.994
199,6.592,6.595,7.062,6.906
200,6.621,6.620,7.092,6.923
201,6.649,6.642,7.114,6.955
202,6.565,6.570,7.067,6.892
203,6.587,6.588,7.058,6.888
204,6.878,6.881,7.357,7.193
205,6.830,6.826,7.280,7.135
206,6.657,6.654,7.120,6.954
207,6.616,6.619,7.084,6.914
208,6.810,6.808,7.228,7.097
209,6.773,6.775,7.216,7.066
210,6.618,6.615,7.049,6.896
211,6.600,6.601,7.076,6.903
212,6.678,6.679,7.122,6.969
213,6.540,6.547,6.977,6.826
214,6.466,6.467,6.888,6.740
215,6.599,6.603,6.977,6.856
216,6.410,6.419,6.814,6.686
217,6.802,6.808,7.205,7.081
218,6.632,6.638,7.020,6.901
219,6.546,6.549,6.947,6.816
220,6.486,6.485,6.944,6.785
221,6.625,6.630,7.063,6.924
222,6.456,6.464,6.909,6.750
223,6.500,6.508,6.933,6.792
224,6.421,6.431,6.867,6.711
225,6.544,6.553,7.037,6.853
226,6.443,6.441,6.895,6.721
227,6.453,6.462,6.890,6.733
228,6.543,6.559,6.983,6.831
229,6.768,6.772,7.248,7.074
230,6.719,6.730,7.203,7.023
231,6.626,6.637,7.092,6.914
232,6.582,6.592,7.068,6.875
233,6.707,6.719,7.153,7.004
234,6.462,6.466,6.911,6.744
235,6.524,6.530,6.997,6.826
236,6.599,6.602,7.108,6.922
237,6.298,6.309,6.816,6.621
238,6.436,6.446,6.916,6.740
239,6.512,6.516,7.016,6.832
240,6.489,6.500,6.993,6.805
241,6.531,6.529,7.048,6.852
242,6.571,6.573,7.040,6.882
243,6.674,6.679,7.163,6.991
244,6.576,6.580,7.085,6.899
245,6.617,6.616,7.069,6.911
246,6.257,6.268,6.728,6.555
247,6.338,6.344,6.830,6.641
248,6.579,6.586,7.072,6.893
249,6.322,6.327,6.877,6.663
250,6.632,6.641,7.151,6.963
251,6.679,6.687,7.155,6.992
252,6.544,6.550,7.116,6.903
253,6.812,6.814,7.362,7.154
254,6.477,6.477,7.032,6.807
255,6.443,6.449,7.019,6.795
256,6.691,6.692,7.273,7.045
257,6.490,6.500,7.050,6.828
258,6.460,6.465,6.982,6.772
259,6.792,6.803,7.259,7.095
260,6.537,6.545,7.008,6.843
261,6.401,6.403,6.898,6.711
262,6.385,6.388,6.909,6.716
263,6.541,6.536,7.032,6.847
264,6.562,6.559,7.095,6.899
265,6.526,6.532,7.016,6.842
266,6.612,6.619,7.125,6.940
267,6.672,6.669,7.215,7.011
268,6.707,6.713,7.178,7.028
269,6.753,6.759,7.226,7.069
270,6.725,6.728,7.254,7.067
271,6.726,6.736,7.228,7.069
272,7.186,7.182,7.669,7.512
273,6.977,6.982,7.441,7.293
274,6.830,6.829,7.327,7.146
275,6.799,6.802,7.301,7.129
276,6.475,6.475,6.928,6.773
277,6.746,6.747,7.216,7.061
278,6.581,6.582,7.060,6.896
279,6.659,6.658,7.136,6.974
280,7.215,7.213,7.669,7.540
281,7.027,7.037,7.454,7.342
282,6.931,6.936,7.369,7.253
283,7.167,7.164,7.615,7.488
284,6.766,6.770,7.226,7.083
285,7.111,7.109,7.590,7.452
286,6.912,6.910,7.377,7.234
287,6.827,6.827,7.280,7.139
288,6.840,6.836,7.284,7.152
289,7.014,7.016,7.493,7.345
290,6.932,6.932,7.390,7.247
291,7.141,7.145,7.595,7.454
292,7.470,7.465,7.921,7.790
293,7.053,7.051,7.527,7.378
294,7.002,6.993,7.500,7.337
295,7.186,7.183,7.626,7.505
296,7.172,7.162,7.653,7.502
297,7.132,7.126,7.618,7.470
298,7.356,7.343,7.848,7.698
299,7.459,7.448,7.930,7.791
300,7.140,7.127,7.620,7.463
301,6.999,6.993,7.495,7.328
302,6.880,6.878,7.351,7.191
303,6.706,6.704,7.224,7.030
304,6.989,6.983,7.481,7.321
305,6.724,6.720,7.239,7.059
306,6.552,6.546,7.074,6.877
307,6.606,6.601,7.094,6.915
308,6.616,6.613,7.113,6.934
309,6.862,6.859,7.379,7.193
310,7.032,7.031,7.520,7.362
311,6.891,6.891,7.393,7.229
312,6.814,6.809,7.358,7.149
313,6.958,6.956,7.499,7.312
314,7.095,7.097,7.625,7.449
315,7.082,7.085,7.646,7.448
316,7.051,7.050,7.605,7.412
317,7.129,7.125,7.680,7.477
318,7.038,7.034,7.597,7.393
319,6.957,6.956,7.519,7.312
320,6.820,6.820,7.408,7.191
321,6.882,6.879,7.440,7.239
322,6.968,6.968,7.581,7.345
323,6.815,6.813,7.387,7.167
324,6.998,6.992,7.584,7.356
325,6.911,6.909,7.504,7.276
326,6.762,6.762,7.316,7.109
327,6.922,6.919,7.466,7.267
328,6.957,6.954,7.517,7.317
329,6.924,6.921,7.449,7.261
330,6.807,6.809,7.386,7.160
331,6.656,6.656,7.224,7.018
332,6.869,6.868,7.410,7.220
333,7.423,7.420,7.941,7.777
334,6.813,6.811,7.388,7.176
335,7.162,7.156,7.765,7.537
336,6.972,6.971,7.561,7.341
337,7.083,7.082,7.648,7.456
338,7.186,7.194,7.714,7.545
339,7.167,7.170,7.775,7.554
340,7.123,7.118,7.718,7.501
341,7.233,7.231,7.806,7.606
342,6.943,6.945,7.501,7.302
343,7.275,7.269,7.824,7.635
344,7.131,7.127,7.672,7.485
345,7.285,7.285,7.840,7.656
346,6.878,6.880,7.414,7.233
347,6.779,6.778,7.330,7.137
348,7.170,7.168,7.734,7.537
349,6.962,6.955,7.549,7.332
350,7.144,7.136,7.702,7.495
351,7.000,6.998,7.552,7.361
352,6.718,6.713,7.276,7.075
353,6.980,6.973,7.564,7.358
354,7.127,7.122,7.672,7.478
355,6.909,6.900,7.465,7.266
356,7.090,7.086,7.670,7.465
357,7.069,7.067,7.656,7.439
358,7.274,7.274,7.835,7.634
359,7.455,7.449,7.976,7.795
360,7.170,7.169,7.688,7.509
361,7.315,7.309,7.825,7.657
362,7.572,7.569,8.095,7.923
363,7.723,7.717,8.283,8.102
364,7.646,7.646,8.211,8.024
365,7.337,7.338,7.885,7.706
366,7.122,7.124,7.677,7.472
367,7.241,7.239,7.775,7.584
368,7.510,7.507,8.036,7.854
369,7.404,7.402,7.905,7.739
370,7.272,7.273,7.814,7.627
371,7.322,7.319,7.878,7.677
372,7.245,7.245,7.788,7.600
373,7.291,7.283,7.831,7.645
374,7.121,7.120,7.695,7.501
375,6.878,6.874,7.479,7.263
376,6.782,6.780,7.388,7.167
377,6.718,6.724,7.315,7.102
378,6.831,6.834,7.381,7.195
379,7.017,7.018,7.594,7.397
380,7.020,7.017,7.576,7.377
381,6.812,6.809,7.327,7.155
382,6.909,6.902,7.443,7.248
383,6.995,6.993,7.531,7.349
384,6.677,6.679,7.214,7.020
385,7.059,7.052,7.566,7.396
386,6.505,6.509,7.029,6.840
387,6.783,6.786,7.312,7.139
388,6.861,6.861,7.395,7.215
389,7.373,7.371,7.869,7.720
390,7.496,7.498,7.977,7.839
391,7.394,7.389,7.862,7.720
392,7.321,7.317,7.798,7.652
393,7.466,7.470,7.936,7.808
394,7.249,7.241,7.756,7.584
395,6.994,6.989,7.486,7.327
396,7.378,7.373,7.878,7.717
397,7.405,7.399,7.923,7.761
398,7.390,7.386,7.885,7.742
399,7.815,7.814,8.298,8.166
400,7.781,7.782,8.292,8.152
401,7.545,7.539,8.066,7.903
402,7.614,7.610,8.121,7.971
403,7.343,7.341,7.896,7.710
404,7.488,7.485,8.010,7.850
405,7.297,7.292,7.822,7.661
406,7.260,7.256,7.785,7.622
407,7.156,7.155,7.682,7.514
408,7.181,7.181,7.698,7.532
409,7.300,7.292,7.829,7.651
410,7.086,7.082,7.639,7.449
411,7.152,7.150,7.669,7.504
412,7.259,7.253,7.780,7.614
413,7.141,7.138,7.668,7.499
414,7.279,7.280,7.809,7.627
415,7.147,7.149,7.688,7.517
416,7.141,7.135,7.666,7.496
417,7.070,7.068,7.580,7.422
418,7.007,7.011,7.543,7.363
419,7.207,7.203,7.741,7.563
420,7.277,7.270,7.764,7.613
421,7.227,7.223,7.743,7.591
422,7.486,7.487,7.977,7.834
423,7.229,7.229,7.724,7.571
424,7.433,7.435,7.923,7.781
425,7.479,7.474,7.993,7.833
426,7.454,7.449,7.958,7.805
427,7.481,7.474,7.969,7.823
428,7.652,7.644,8.154,8.001
429,7.405,7.398,7.928,7.761
430,7.223,7.220,7.713,7.563
431,7.264,7.259,7.778,7.615
432,7.246,7.241,7.747,7.591
433,7.357,7.349,7.874,7.691
434,7.675,7.670,8.213,8.036
435,7.420,7.421,7.950,7.775
436,7.327,7.323,7.858,7.675
437,7.538,7.529,8.028,7.868
438,7.635,7.623,8.181,7.993
439,7.417,7.412,7.964,7.775
440,7.486,7.473,8.018,7.838
441,7.467,7.467,7.996,7.820
442,7.610,7.608,8.120,7.967
443,7.607,7.608,8.127,7.964
444,7.713,7.706,8.221,8.062
445,7.736,7.741,8.218,8.076
446,7.850,7.849,8.313,8.169
447,7.821,7.819,8.299,8.157
448,7.876,7.873,8.306,8.190
449,7.610,7.608,8.076,7.935
450,7.399,7.396,7.876,7.730
451,7.483,7.477,7.971,7.819
452,7.377,7.375,7.887,7.706
453,7.289,7.282,7.747,7.594
454,7.743,7.735,8.259,8.087
455,7.492,7.490,7.992,7.830
456,7.351,7.355,7.813,7.672
457,7.638,7.639,8.110,7.969
458,7.651,7.645,8.194,8.009
459,7.586,7.580,8.075,7.925
460,7.216,7.211,7.741,7.565
461,7.575,7.565,8.094,7.919
462,7.480,7.474,7.999,7.835
463,7.383,7.380,7.884,7.712
464,7.405,7.405,7.907,7.744
465,7.274,7.272,7.797,7.618
466,7.481,7.486,7.995,7.835
467,7.494,7.492,8.011,7.837
468,7.595,7.602,8.086,7.935
469,7.233,7.235,7.729,7.574
470,7.339,7.338,7.823,7.674
471,7.221,7.218,7.713,7.559
472,7.298,7.293,7.832,7.650
473,7.330,7.328,7.819,7.667
474,7.409,7.410,7.879,7.738
475,7.152,7.151,7.680,7.506
476,6.813,6.812,7.344,7.160
477,6.809,6.811,7.314,7.138
478,7.326,7.328,7.775,7.639
479,7.133,7.139,7.645,7.466
480,7.260,7.265,7.756,7.596
481,7.290,7.297,7.755,7.607
482,7.290,7.292,7.774,7.610
483,7.320,7.322,7.846,7.664
484,7.527,7.534,8.050,7.879
485,7.565,7.567,8.075,7.914
486,7.249,7.252,7.760,7.594
487,7.243,7.246,7.770,7.593
488,7.343,7.340,7.860,7.685
489,7.213,7.220,7.738,7.568
490,7.313,7.310,7.816,7.650
491,7.239,7.240,7.765,7.590
492,7.115,7.111,7.584,7.430
493,7.061,7.062,7.563,7.391
494,7.246,7.246,7.765,7.591
495,7.384,7.383,7.870,7.718
496,7.220,7.211,7.701,7.533
497,7.058,7.061,7.548,7.383
498,7.179,7.179,7.670,7.505
499,7.465,7.463,7.972,7.804
500,7.463,7.462,7.943,7.794
501,7.155,7.153,7.622,7.475
502,7.355,7.354,7.815,7.667
503,7.308,7.304,7.788,7.634
504,7.621,7.623,8.076,7.945
505,7.272,7.265,7.771,7.604
506,7.438,7.437,7.923,7.763
507,7.330,7.328,7.839,7.668
508,7.357,7.355,7.840,7.690
509,7.406,7.406,7.908,7.749
510,7.451,7.452,7.934,7.785
511,7.606,7.602,8.093,7.946
512,7.471,7.466,7.970,7.809
513,7.496,7.494,7.975,7.823
514,7.234,7.229,7.738,7.562
515,7.449,7.443,7.975,7.793
516,7.476,7.480,7.965,7.810
517,7.486,7.482,7.991,7.821
518,7.289,7.284,7.780,7.622
519,7.465,7.465,7.926,7.788
520,7.264,7.260,7.752,7.591
521,7.529,7.528,8.021,7.863
522,7.391,7.395,7.869,7.714
523,7.537,7.532,8.041,7.878
524,7.165,7.161,7.671,7.496
525,7.156,7.152,7.696,7.513
526,7.374,7.367,7.867,7.709
527,7.184,7.175,7.660,7.515
528,7.413,7.415,7.895,7.744
529,7.428,7.425,7.929,7.770
530,7.206,7.203,7.727,7.550
531,6.969,6.967,7.483,7.299
532,7.323,7.323,7.821,7.656
533,7.601,7.595,8.075,7.928
534,7.419,7.417,7.928,7.765
535,7.494,7.494,7.960,7.829
536,7.540,7.540,8.037,7.885
537,7.573,7.571,8.045,7.905
538,7.510,7.514,7.983,7.851
539,7.579,7.583,8.028,7.907
540,7.560,7.558,8.033,7.884
541,7.467,7.465,7.972,7.820
542,7.429,7.426,7.921,7.774
543,7.626,7.622,8.093,7.958
544,7.368,7.366,7.860,7.703
545,7.619,7.613,8.120,7.961
546,7.724,7.728,8.193,8.053
547,7.579,7.581,8.081,7.921
548,7.627,7.631,8.139,7.978
549,7.804,7.809,8.283,8.146
550,7.446,7.451,7.945,7.784
551,7.670,7.669,8.166,8.010
552,7.821,7.821,8.327,8.169
553,7.588,7.602,8.057,7.928
554,7.687,7.695,8.206,8.037
555,7.704,7.705,8.238,8.063
556,7.730,7.727,8.237,8.078
557,7.664,7.669,8.163,8.010
558,7.615,7.612,8.105,7.951
559,7.929,7.925,8.432,8.275
560,8.047,8.047,8.555,8.398
561,8.204,8.203,8.684,8.546
562,7.996,7.994,8.473,8.338
563,8.472,8.470,8.909,8.806
564,8.096,8.096,8.559,8.444
565,7.992,7.987,8.481,8.352
566,8.203,8.208,8.660,8.555
567,8.371,8.371,8.835,8.719
568,8.268,8.262,8.766,8.632
569,8.280,8.283,8.751,8.634
570,7.967,7.970,8.481,8.331
571,8.275,8.276,8.717,8.610
572,8.122,8.124,8.594,8.476
573,8.285,8.287,8.759,8.634
574,8.142,8.141,8.641,8.497
575,8.040,8.036,8.529,8.378
576,7.961,7.958,8.451,8.318
577,8.247,8.244,8.738,8.597
578,8.326,8.327,8.803,8.677
579,8.087,8.087,8.580,8.437
580,8.410,8.404,8.891,8.758
581,8.083,8.083,8.580,8.434
582,8.076,8.074,8.591,8.438
583,7.842,7.846,8.318,8.183
584,7.791,7.795,8.274,8.135
585,7.919,7.919,8.371,8.259
586,7.807,7.808,8.307,8.159
587,7.837,7.840,8.309,8.184
588,7.897,7.898,8.377,8.241
589,8.132,8.129,8.607,8.470
590,7.985,7.985,8.480,8.338
591,8.149,8.154,8.639,8.489
592,8.040,8.046,8.540,8.383
593,8.233,8.231,8.724,8.579
594,7.819,7.816,8.355,8.182
595,7.933,7.937,8.408,8.277
596,7.925,7.930,8.444,8.281
597,7.871,7.871,8.418,8.244
598,7.924,7.920,8.475,8.298
599,8.000,7.999,8.511,8.367
600,7.971,7.967,8.499,8.338
601,7.871,7.871,8.422,8.243
602,7.881,7.879,8.410,8.248
603,8.089,8.086,8.600,8.442
604,7.799,7.798,8.340,8.168
605,7.919,7.911,8.436,8.279
606,7.922,7.917,8.471,8.291
607,7.953,7.944,8.498,8.325
608,7.660,7.649,8.221,8.035
609,7.919,7.912,8.528,8.319
610,8.026,8.017,8.577,8.403
611,7.944,7.938,8.515,8.327
612,8.213,8.198,8.736,8.569
613,8.111,8.102,8.655,8.480
614,8.228,8.220,8.760,8.594
615,8.055,8.045,8.592,8.424
616,7.915,7.903,8.460,8.280
617,8.058,8.049,8.631,8.439
618,7.934,7.929,8.458,8.288
619,7.954,7.945,8.486,8.314
620,8.194,8.188,8.678,8.536
621,8.031,8.024,8.535,8.384
622,7.843,7.836,8.406,8.222
623,7.722,7.716,8.226,8.071
624,7.971,7.963,8.489,8.332
625,7.952,7.941,8.462,8.308
626,7.860,7.853,8.385,8.217
627,7.985,7.979,8.526,8.360
628,7.803,7.793,8.347,8.169
629,7.889,7.882,8.413,8.254
630,7.930,7.918,8.463,8.292
631,7.882,7.878,8.402,8.235
632,7.822,7.823,8.324,8.180
633,7.836,7.835,8.392,8.212
634,7.859,7.858,8.388,8.220
635,7.986,7.986,8.496,8.345
636,8.160,8.164,8.692,8.538
637,8.074,8.080,8.575,8.437
638,7.975,7.979,8.474,8.325
639,8.284,8.284,8.778,8.643
640,8.212,8.211,8.697,8.552
641,8.231,8.234,8.750,8.586
642,8.030,8.034,8.543,8.388
643,8.016,8.018,8.510,8.360
644,7.847,7.848,8.350,8.207
645,7.974,7.984,8.498,8.347
646,7.908,7.913,8.427,8.278
647,7.822,7.821,8.333,8.181
648,8.070,8.072,8.558,8.423
649,7.864,7.869,8.332,8.206
650,7.993,7.999,8.475,8.342
651,7.788,7.789,8.290,8.133
652,7.927,7.932,8.409,8.276
653,7.854,7.857,8.353,8.208
654,8.030,8.033,8.492,8.372
655,7.790,7.788,8.296,8.143
656,7.980,7.983,8.450,8.318
657,8.104,8.108,8.590,8.468
658,8.017,8.019,8.526,8.372
659,7.984,7.990,8.503,8.365
660,8.032,8.029,8.536,8.393
661,7.789,7.789,8.322,8.157
662,7.916,7.910,8.435,8.281
663,7.726,7.725,8.245,8.091
664,7.713,7.713,8.220,8.074
665,7.808,7.808,8.313,8.167
666,8.018,8.018,8.507,8.367
667,7.830,7.831,8.282,8.164
668,8.007,8.006,8.459,8.347
669,7.635,7.637,8.122,7.983
670,7.808,7.812,8.314,8.173
671,7.849,7.848,8.358,8.213
672,7.891,7.896,8.365,8.243
673,7.737,7.739,8.253,8.106
674,7.725,7.726,8.241,8.087
675,7.476,7.478,7.962,7.821
676,7.631,7.629,8.118,7.975
677,7.757,7.764,8.231,8.104
678,7.709,7.710,8.238,8.072
679,7.419,7.421,7.910,7.767
680,7.796,7.807,8.263,8.144
681,7.836,7.839,8.323,8.191
682,7.956,7.959,8.429,8.304
683,7.924,7.925,8.410,8.275
684,8.026,8.029,8.487,8.370
685,8.137,8.137,8.591,8.482
686,8.120,8.120,8.627,8.485
687,7.863,7.865,8.365,8.227
688,7.832,7.831,8.352,8.195
689,7.923,7.918,8.402,8.277
690,7.822,7.818,8.304,8.172
691,7.803,7.801,8.300,8.164
692,7.971,7.969,8.435,8.307
693,8.031,8.030,8.530,8.388
694,8.072,8.069,8.540,8.412
695,7.938,7.938,8.419,8.283
696,7.967,7.961,8.463,8.329
697,7.904,7.900,8.410,8.275
698,8.007,8.007,8.501,8.363
699,7.996,8.001,8.458,8.355
700,8.149,8.146,8.617,8.495
701,7.840,7.840,8.328,8.194
702,7.760,7.759,8.240,8.110
703,7.754,7.755,8.247,8.106
704,7.977,7.975,8.470,8.325
705,7.992,7.993,8.453,8.337
706,8.007,8.008,8.477,8.359
707,7.850,7.852,8.330,8.193
708,8.108,8.105,8.606,8.461
709,7.914,7.915,8.379,8.243
710,7.972,7.973,8.434,8.309
711,8.180,8.184,8.633,8.532
712,8.045,8.047,8.520,8.398
713,7.933,7.938,8.412,8.281
714,8.010,8.009,8.481,8.346
715,8.120,8.120,8.562,8.445
716,8.063,8.063,8.540,8.404
717,7.869,7.871,8.359,8.229
718,8.083,8.078,8.571,8.431
719,7.909,7.913,8.404,8.259
720,8.071,8.068,8.541,8.416
721,7.717,7.715,8.210,8.066
722,7.861,7.855,8.392,8.225
723,7.969,7.959,8.458,8.320
724,8.006,8.006,8.495,8.365
725,8.060,8.058,8.578,8.434
726,7.636,7.640,8.151,8.009
727,7.940,7.937,8.446,8.300
728,7.854,7.843,8.363,8.221
729,7.627,7.619,8.113,7.973
730,8.124,8.119,8.613,8.485
731,8.036,8.033,8.518,8.391
732,8.055,8.042,8.568,8.421
733,8.161,8.150,8.629,8.515
734,8.107,8.100,8.618,8.472
735,8.119,8.113,8.625,8.491
736,8.137,8.133,8.661,8.507
737,8.332,8.332,8.872,8.712
738,8.272,8.274,8.776,8.641
739,8.378,8.379,8.898,8.750
740,8.108,8.109,8.597,8.465
741,8.051,8.050,8.573,8.416
742,8.422,8.418,8.934,8.790
743,8.129,8.119,8.638,8.493
744,8.376,8.378,8.878,8.745
745,8.221,8.222,8.714,8.585
746,8.264,8.270,8.749,8.624
747,8.388,8.385,8.899,8.756
748,8.332,8.332,8.829,8.690
749,8.155,8.152,8.669,8.522
750,8.037,8.046,8.568,8.417
751,7.954,7.956,8.463,8.325
752,8.005,8.005,8.542,8.385
753,8.162,8.163,8.653,8.530
754,7.906,7.902,8.400,8.265
755,7.809,7.808,8.289,8.158
756,8.091,8.090,8.547,8.434
757,7.895,7.890,8.408,8.267
758,7.683,7.676,8.201,8.046
759,7.852,7.852,8.328,8.196
760,7.637,7.637,8.133,7.991
761,7.970,7.967,8.467,8.332
762,7.600,7.599,8.101,7.947
763,7.807,7.804,8.284,8.148
764,7.722,7.720,8.231,8.077
765,7.282,7.284,7.790,7.632
766,7.829,7.827,8.326,8.181
767,7.680,7.688,8.184,8.041
768,7.991,7.990,8.527,8.358
769,7.813,7.814,8.317,8.169
770,7.772,7.768,8.333,8.153
771,7.784,7.783,8.272,8.125
772,7.832,7.826,8.352,8.193
773,7.715,7.714,8.228,8.075
774,7.415,7.413,7.943,7.769
775,7.678,7.676,8.182,8.029
776,7.590,7.587,8.097,7.942
777,7.967,7.956,8.465,8.314
778,7.841,7.836,8.366,8.197
779,7.890,7.885,8.390,8.239
780,8.035,8.031,8.489,8.363
781,7.967,7.958,8.451,8.313
782,7.851,7.852,8.308,8.187
783,7.906,7.903,8.358,8.233
784,8.000,8.005,8.470,8.343
785,8.131,8.126,8.648,8.491
786,7.986,7.988,8.475,8.325
787,7.930,7.933,8.445,8.291
788,7.943,7.947,8.448,8.306
789,7.933,7.936,8.416,8.283
790,7.933,7.926,8.414,8.276
791,7.979,7.981,8.451,8.327
792,7.957,7.957,8.461,8.314
793,8.056,8.056,8.583,8.427
794,7.806,7.808,8.276,8.151
795,8.104,8.097,8.592,8.454
796,8.192,8.185,8.704,8.562
797,8.188,8.188,8.695,8.559
798,8.220,8.213,8.763,8.602
799,7.868,7.865,8.399,8.241
800,7.942,7.942,8.432,8.284
801,7.898,7.890,8.427,8.255
802,7.953,7.947,8.499,8.326
803,8.021,8.017,8.548,8.391
804,8.169,8.165,8.706,8.548
805,7.969,7.967,8.488,8.331
806,8.107,8.099,8.601,8.460
807,7.910,7.901,8.444,8.278
808,8.026,8.020,8.522,8.371
809,8.168,8.160,8.705,8.547
810,8.052,8.047,8.560,8.413
811,7.915,7.913,8.445,8.288
812,8.134,8.135,8.610,8.481
813,8.122,8.118,8.601,8.460
814,8.038,8.038,8.479,8.362
815,8.334,8.329,8.781,8.661
816,8.200,8.193,8.636,8.519
817,8.388,8.384,8.869,8.733
818,8.005,8.007,8.500,8.352
819,8.003,7.996,8.492,8.352
820,7.849,7.844,8.354,8.195
821,7.927,7.927,8.436,8.283
822,8.046,8.043,8.541,8.397
823,8.008,8.007,8.502,8.364
824,7.938,7.934,8.444,8.297
825,7.769,7.770,8.254,8.122
826,7.989,7.987,8.467,8.336
827,7.885,7.890,8.357,8.227
828,8.057,8.060,8.556,8.429
829,8.005,8.011,8.483,8.355
830,8.048,8.052,8.553,8.414
831,8.262,8.260,8.746,8.615
832,8.004,8.006,8.514,8.362
833,8.112,8.107,8.611,8.465
834,8.114,8.112,8.597,8.463
835,8.001,8.001,8.524,8.361
836,7.889,7.888,8.385,8.236
837,8.000,8.002,8.489,8.342
838,7.948,7.953,8.425,8.294
839,8.330,8.329,8.793,8.674
840,8.319,8.320,8.804,8.669
841,8.268,8.268,8.784,8.631
842,8.157,8.152,8.643,8.497
843,8.257,8.260,8.726,8.602
844,8.013,8.014,8.490,8.349
845,7.963,7.959,8.457,8.314
846,7.967,7.968,8.458,8.314
847,7.987,7.991,8.423,8.316
848,8.178,8.180,8.624,8.506
849,7.816,7.819,8.276,8.155
850,8.206,8.206,8.674,8.544
851,8.226,8.231,8.685,8.562
852,8.309,8.316,8.798,8.658
853,8.192,8.196,8.651,8.528
854,8.154,8.163,8.653,8.506
855,8.064,8.070,8.532,8.395
856,8.167,8.173,8.655,8.518
857,8.092,8.092,8.593,8.444
858,8.033,8.038,8.525,8.381
859,8.357,8.362,8.838,8.703
860,8.055,8.057,8.562,8.404
861,8.174,8.172,8.693,8.528
862,8.058,8.063,8.561,8.412
863,8.006,8.008,8.538,8.368
864,8.076,8.082,8.573,8.426
865,8.113,8.115,8.625,8.478
866,8.117,8.121,8.613,8.469
867,7.988,7.995,8.462,8.333
868,8.140,8.146,8.607,8.482
869,8.295,8.296,8.734,8.619
870,8.071,8.074,8.583,8.433
871,8.024,8.021,8.518,8.374
872,8.003,8.002,8.487,8.356
873,8.180,8.185,8.635,8.517
874,8.352,8.354,8.846,8.708
875,8.323,8.325,8.809,8.672
876,8.130,8.126,8.623,8.479
877,8.267,8.271,8.744,8.610
878,7.911,7.913,8.385,8.254
879,8.194,8.198,8.668,8.539
880,8.392,8.397,8.834,8.725
881,8.408,8.412,8.835,8.729
882,8.141,8.143,8.620,8.495
883,8.315,8.316,8.762,8.646
884,8.037,8.039,8.536,8.382
885,8.420,8.424,8.865,8.743
886,8.191,8.199,8.650,8.522
887,8.202,8.208,8.668,8.541
888,8.238,8.244,8.696,8.576
889,8.004,8.006,8.505,8.362
890,8.389,8.392,8.820,8.714
891,8.322,8.328,8.808,8.680
892,8.311,8.312,8.787,8.660
893,8.280,8.281,8.740,8.620
894,8.095,8.099,8.590,8.442
895,8.082,8.086,8.592,8.433
896,8.047,8.047,8.535,8.387
897,7.699,7.699,8.225,8.049
898,7.875,7.875,8.381,8.213
899,7.954,7.957,8.421,8.284
900,8.118,8.114,8.596,8.458
901,8.006,8.008,8.514,8.356
902,8.356,8.349,8.829,8.688
903,8.017,8.013,8.537,8.361
904,8.231,8.227,8.718,8.582
905,8.212,8.212,8.710,8.570
906,8.008,8.004,8.513,8.356
907,8.134,8.132,8.569,8.455
908,8.050,8.049,8.564,8.401
909,8.408,8.400,8.900,8.754
910,8.289,8.281,8.771,8.630
911,8.198,8.189,8.695,8.549
912,8.060,8.057,8.535,8.398
913,8.157,8.149,8.646,8.503
914,7.962,7.958,8.455,8.310
915,8.122,8.119,8.590,8.451
916,7.870,7.868,8.324,8.190
917,8.155,8.152,8.592,8.477
918,8.243,8.235,8.741,8.584
919,8.218,8.212,8.696,8.556
920,8.060,8.052,8.541,8.399
921,8.243,8.248,8.694,8.564
922,8.285,8.281,8.763,8.633
923,8.214,8.208,8.692,8.561
924,8.550,8.549,9.052,8.908
925,8.562,8.557,9.013,8.910
926,8.534,8.530,8.993,8.871
927,8.213,8.213,8.686,8.558
928,8.317,8.312,8.789,8.660
929,7.920,7.923,8.445,8.285
930,8.343,8.340,8.819,8.688
931,8.257,8.258,8.720,8.599
932,7.906,7.904,8.421,8.273
933,8.276,8.273,8.763,8.616
934,8.276,8.274,8.758,8.626
935,7.916,7.915,8.411,8.258
936,8.188,8.192,8.659,8.531
937,8.211,8.212,8.707,8.567
938,8.142,8.136,8.638,8.495
939,8.230,8.227,8.721,8.579
940,8.311,8.311,8.771,8.654
941,8.349,8.346,8.815,8.691
942,8.444,8.446,8.942,8.802
943,8.210,8.209,8.680,8.552
944,8.233,8.233,8.716,8.579
945,8.255,8.253,8.715,8.593
946,8.105,8.099,8.618,8.465
947,8.210,8.209,8.719,8.570
948,7.948,7.948,8.448,8.310
949,8.036,8.038,8.531,8.384
950,7.946,7.952,8.382,8.265
951,8.035,8.030,8.521,8.382
952,8.465,8.456,8.954,8.809
953,8.278,8.276,8.789,8.631
954,8.089,8.078,8.571,8.419
955,8.188,8.189,8.652,8.522
956,8.127,8.124,8.609,8.472
957,8.233,8.233,8.737,8.586
958,7.815,7.813,8.316,8.164
959,8.046,8.046,8.504,8.386
960,7.993,7.990,8.460,8.336
961,8.146,8.145,8.618,8.493
962,7.871,7.867,8.355,8.215
963,8.143,8.141,8.628,8.489
964,8.007,8.008,8.485,8.351
965,8.081,8.078,8.565,8.431
966,8.183,8.186,8.674,8.534
967,8.034,8.034,8.506,8.369
968,8.092,8.094,8.553,8.429
969,7.783,7.784,8.289,8.139
970,7.923,7.924,8.392,8.263
971,7.897,7.895,8.410,8.248
972,7.988,7.990,8.505,8.344
973,7.959,7.963,8.431,8.298
974,7.896,7.897,8.427,8.272
975,8.016,8.018,8.495,8.360
976,8.004,8.004,8.493,8.346
977,8.193,8.189,8.655,8.547
978,8.028,8.026,8.476,8.363
979,8.009,8.009,8.516,8.368
980,7.938,7.941,8.461,8.304
981,7.932,7.939,8.406,8.272
982,7.979,7.979,8.447,8.317
983,7.998,7.995,8.467,8.340
984,8.074,8.073,8.530,8.413
985,8.253,8.257,8.726,8.602
986,8.056,8.063,8.538,8.413
987,7.925,7.924,8.363,8.246
988,8.202,8.205,8.688,8.554
989,8.126,8.128,8.595,8.470
990,8.082,8.082,8.567,8.431
991,8.078,8.080,8.559,8.422
992,8.282,8.283,8.759,8.630
993,8.221,8.221,8.714,8.574
994,8.104,8.110,8.597,8.473
995,7.868,7.865,8.378,8.226
996,8.043,8.039,8.527,8.387
997,8.113,8.114,8.603,8.469
998,8.029,8.029,8.533,8.398
999,8.076,8.074,8.598,8.446
1000,8.205,8.200,8.699,8.549
1001,7.940,7.932,8.467,8.309
1002,8.127,8.122,8.652,8.489
1003,8.083,8.084,8.555,8.431
1004,7.809,7.811,8.305,8.161
1005,7.830,7.828,8.337,8.193
1006,8.197,8.195,8.688,8.561
1007,8.096,8.092,8.562,8.440
1008,8.247,8.252,8.723,8.603
1009,8.055,8.056,8.526,8.400
1010,8.065,8.068,8.574,8.432
1011,7.777,7.785,8.281,8.137
1012,7.883,7.886,8.353,8.228
1013,7.876,7.874,8.413,8.249
1014,7.955,7.952,8.438,8.312
1015,8.237,8.236,8.713,8.588
1016,7.938,7.937,8.414,8.277
1017,7.819,7.819,8.280,8.159
1018,8.042,8.046,8.550,8.403
1019,7.934,7.935,8.435,8.282
1020,8.154,8.154,8.640,8.507
1021,8.045,8.037,8.537,8.394
1022,8.170,8.167,8.664,8.523
1023,7.801,7.801,8.300,8.151
1024,7.945,7.941,8.430,8.290
1025,7.949,7.940,8.435,8.304
1026,7.779,7.774,8.304,8.149
1027,7.901,7.892,8.407,8.260
1028,7.854,7.849,8.367,8.215
1029,7.638,7.626,8.163,8.007
1030,7.746,7.738,8.241,8.097
1031,7.593,7.588,8.076,7.929
1032,7.535,7.534,8.045,7.893
1033,7.640,7.636,8.165,7.999
1034,7.530,7.529,8.064,7.892
1035,7.614,7.618,8.144,7.977
1036,7.622,7.623,8.126,7.983
1037,7.677,7.684,8.198,8.048
1038,7.844,7.845,8.368,8.211
1039,7.744,7.746,8.304,8.130
1040,8.082,8.087,8.587,8.447
1041,7.792,7.786,8.332,8.160
1042,7.894,7.895,8.409,8.247
1043,7.778,7.773,8.318,8.145
1044,7.994,7.998,8.492,8.352
1045,7.918,7.919,8.432,8.282
1046,7.659,7.660,8.207,8.034
1047,7.874,7.880,8.416,8.248
1048,7.770,7.768,8.310,8.138
1049,7.865,7.861,8.352,8.210
1050,7.858,7.857,8.381,8.218
1051,7.956,7.954,8.455,8.306
1052,7.836,7.840,8.337,8.188
1053,7.792,7.788,8.295,8.152
1054,7.753,7.756,8.301,8.133
1055,7.528,7.531,8.080,7.906
1056,7.822,7.817,8.383,8.213
1057,7.810,7.814,8.328,8.180
1058,7.718,7.720,8.238,8.086
1059,7.915,7.917,8.428,8.279
1060,8.056,8.054,8.550,8.419
1061,7.915,7.925,8.420,8.271
1062,7.834,7.840,8.365,8.203
1063,7.426,7.427,7.921,7.776
1064,7.467,7.474,7.924,7.804
1065,7.733,7.737,8.223,8.087
1066,7.866,7.872,8.363,8.221
1067,7.652,7.662,8.166,8.016
1068,7.378,7.385,7.883,7.730
1069,7.281,7.287,7.794,7.633
1070,7.150,7.153,7.680,7.518
1071,7.113,7.120,7.665,7.486
1072,7.564,7.568,8.096,7.938
1073,7.836,7.846,8.332,8.202
1074,7.581,7.580,8.107,7.949
1075,7.526,7.525,8.014,7.874
1076,7.663,7.664,8.161,8.021
1077,7.679,7.681,8.126,8.014
1078,7.461,7.459,7.941,7.795
1079,7.602,7.600,8.125,7.960
1080,7.546,7.548,8.079,7.914
1081,7.777,7.777,8.294,8.140
1082,7.797,7.796,8.329,8.174
1083,7.651,7.652,8.196,8.033
1084,7.662,7.662,8.166,8.027
1085,7.655,7.659,8.181,8.029
1086,7.487,7.484,8.010,7.857
1087,7.533,7.533,8.084,7.912
1088,7.463,7.464,7.948,7.811
1089,7.572,7.573,8.120,7.956
1090,7.542,7.548,8.065,7.910
1091,7.860,7.864,8.352,8.223
1092,7.906,7.907,8.411,8.270
1093,7.932,7.932,8.449,8.311
1094,7.735,7.743,8.239,8.105
1095,7.738,7.738,8.239,8.091
1096,8.033,8.034,8.557,8.411
1097,7.954,7.957,8.445,8.313
1098,7.996,7.994,8.535,8.376
1099,7.848,7.849,8.361,8.221
1100,7.876,7.879,8.376,8.242
1101,7.969,7.970,8.465,8.328
1102,8.003,8.006,8.478,8.352
1103,7.789,7.788,8.296,8.145
1104,7.994,7.998,8.496,8.354
1105,7.836,7.842,8.339,8.195
1106,7.866,7.868,8.373,8.226
1107,7.834,7.840,8.320,8.183
1108,7.720,7.722,8.209,8.068
1109,7.829,7.840,8.315,8.179
1110,7.879,7.879,8.385,8.247
1111,7.773,7.779,8.262,8.125
1112,7.928,7.927,8.443,8.291
1113,7.784,7.789,8.285,8.137
1114,7.829,7.839,8.308,8.180
1115,7.788,7.788,8.300,8.157
1116,7.740,7.740,8.243,8.098
1117,7.963,7.965,8.447,8.315
1118,7.771,7.769,8.276,8.128
1119,7.784,7.790,8.250,8.127
1120,8.005,8.007,8.473,8.349
1121,7.897,7.893,8.397,8.254
1122,7.971,7.974,8.469,8.334
1123,8.070,8.071,8.569,8.422
1124,8.053,8.050,8.539,8.400
1125,8.007,8.006,8.535,8.384
1126,7.852,7.847,8.375,8.228
1127,8.002,8.002,8.515,8.373
1128,7.842,7.844,8.348,8.205
1129,7.928,7.928,8.407,8.280
1130,7.962,7.968,8.448,8.312
1131,7.889,7.888,8.393,8.249
1132,7.932,7.935,8.440,8.290
1133,7.919,7.916,8.449,8.286
1134,7.807,7.809,8.313,8.157
1135,7.772,7.773,8.294,8.127
1136,7.705,7.710,8.211,8.064
1137,7.942,7.946,8.419,8.285
1138,8.013,8.019,8.498,8.364
1139,8.156,8.164,8.649,8.508
1140,8.071,8.075,8.525,8.403
1141,7.927,7.934,8.424,8.280
1142,7.967,7.972,8.451,8.314
1143,7.956,7.966,8.435,8.310
1144,8.118,8.124,8.629,8.482
1145,7.810,7.813,8.309,8.173
1146,8.150,8.153,8.652,8.509
1147,8.068,8.072,8.555,8.413
1148,8.099,8.103,8.582,8.460
1149,8.001,8.012,8.487,8.362
1150,8.021,8.027,8.537,8.386
1151,7.914,7.922,8.413,8.264
1152,8.000,8.003,8.548,8.391
1153,8.057,8.063,8.568,8.431
1154,7.931,7.937,8.489,8.318
1155,7.822,7.834,8.376,8.213
1156,8.036,8.042,8.586,8.420
1157,8.030,8.034,8.547,8.404
1158,7.870,7.877,8.378,8.231
1159,7.993,8.002,8.508,8.364
1160,7.992,8.006,8.486,8.350
1161,8.123,8.131,8.661,8.504
1162,7.641,7.653,8.170,8.014
1163,7.983,7.995,8.476,8.346
1164,7.972,7.976,8.512,8.360
1165,7.950,7.959,8.469,8.326
1166,7.831,7.841,8.341,8.193
1167,7.703,7.711,8.213,8.058
1168,8.222,8.228,8.699,8.577
1169,7.924,7.931,8.421,8.288
1170,8.153,8.158,8.656,8.514
1171,8.045,8.048,8.552,8.408
1172,8.001,8.006,8.522,8.367
1173,7.895,7.911,8.403,8.261
1174,7.758,7.769,8.243,8.110
1175,7.790,7.800,8.285,8.145
1176,8.005,8.010,8.474,8.354
1177,8.206,8.209,8.658,8.543
1178,8.134,8.145,8.586,8.479
1179,8.085,8.091,8.563,8.435
1180,7.986,7.985,8.506,8.356
1181,8.114,8.122,8.596,8.465
1182,8.107,8.117,8.563,8.446
1183,8.056,8.061,8.509,8.400
1184,8.185,8.196,8.649,8.531
1185,8.402,8.404,8.883,8.759
1186,8.084,8.086,8.571,8.439
1187,8.045,8.050,8.533,8.399
1188,8.036,8.038,8.501,8.382
1189,8.300,8.303,8.774,8.658
1190,8.286,8.292,8.761,8.641
1191,8.079,8.086,8.591,8.445
1192,8.388,8.389,8.893,8.750
1193,8.082,8.092,8.595,8.440
1194,8.352,8.359,8.830,8.703
1195,8.299,8.306,8.778,8.662
1196,8.183,8.188,8.678,8.542
1197,8.019,8.020,8.526,8.383
1198,8.209,8.212,8.740,8.581
1199,8.178,8.185,8.693,8.546
1200,8.083,8.091,8.629,8.464
1201,8.247,8.251,8.774,8.623
1202,8.047,8.053,8.566,8.422
1203,7.875,7.876,8.385,8.232
1204,7.972,7.978,8.483,8.326
1205,8.045,8.046,8.538,8.399
1206,7.975,7.979,8.474,8.323
1207,8.140,8.144,8.629,8.491
1208,8.147,8.153,8.620,8.489
1209,7.896,7.898,8.393,8.241
1210,7.977,7.980,8.449,8.316
1211,7.694,7.698,8.181,8.048
1212,7.682,7.690,8.182,8.042
1213,7.581,7.585,8.075,7.929
1214,7.788,7.791,8.316,8.161
1215,7.902,7.906,8.387,8.254
1216,7.946,7.947,8.466,8.321
1217,7.693,7.701,8.212,8.061
1218,7.995,7.996,8.521,8.369
1219,7.795,7.797,8.358,8.184
1220,7.857,7.860,8.405,8.230
1221,7.940,7.945,8.499,8.328
1222,7.946,7.938,8.490,8.320
1223,8.092,8.089,8.625,8.471
1224,7.895,7.895,8.444,8.274
1225,7.882,7.886,8.391,8.244
1226,7.935,7.936,8.475,8.314
1227,8.039,8.039,8.581,8.405
1228,7.814,7.813,8.392,8.212
1229,8.038,8.039,8.564,8.408
1230,7.803,7.796,8.371,8.183
1231,7.796,7.801,8.352,8.181
1232,7.808,7.811,8.334,8.178
1233,7.762,7.762,8.296,8.137
1234,7.944,7.940,8.460,8.306
1235,7.907,7.913,8.410,8.272
1236,7.519,7.525,8.065,7.889
1237,7.577,7.585,8.142,7.959
1238,7.651,7.654,8.207,8.033
1239,7.627,7.623,8.160,8.000
1240,7.589,7.585,8.147,7.973
1241,7.738,7.740,8.257,8.104
1242,7.589,7.589,8.175,7.987
1243,7.697,7.698,8.223,8.064
1244,7.929,7.925,8.481,8.314
1245,7.859,7.860,8.397,8.238
1246,7.797,7.796,8.355,8.175
1247,7.679,7.675,8.231,8.062
1248,7.824,7.822,8.357,8.199
1249,7.799,7.801,8.325,8.169
1250,7.943,7.946,8.491,8.330
1251,7.936,7.934,8.459,8.304
1252,7.772,7.772,8.287,8.131
1253,8.056,8.051,8.597,8.434
1254,7.705,7.710,8.236,8.081
1255,7.849,7.851,8.401,8.235
1256,7.452,7.451,8.024,7.840
1257,7.707,7.702,8.265,8.095
1258,7.788,7.788,8.346,8.174
1259,7.734,7.727,8.301,8.128
1260,7.803,7.792,8.390,8.200
1261,7.813,7.810,8.396,8.211
1262,7.685,7.683,8.202,8.052
1263,7.840,7.837,8.391,8.218
1264,7.700,7.701,8.239,8.075
1265,7.741,7.740,8.319,8.130
1266,7.914,7.906,8.465,8.290
1267,7.626,7.625,8.206,8.021
1268,7.730,7.732,8.273,8.104
1269,7.777,7.778,8.328,8.155
1270,7.871,7.867,8.415,8.246
1271,7.969,7.967,8.513,8.351
1272,7.825,7.816,8.401,8.208
1273,7.907,7.904,8.506,8.309
1274,8.013,8.009,8.578,8.390
1275,7.980,7.970,8.545,8.356
1276,7.865,7.863,8.429,8.251
1277,7.908,7.907,8.433,8.275
1278,8.061,8.058,8.574,8.423
1279,7.977,7.974,8.487,8.342
1280,7.987,7.985,8.535,8.370
1281,8.247,8.241,8.778,8.626
1282,7.996,7.999,8.506,8.372
1283,7.976,7.972,8.476,8.337
1284,8.024,8.013,8.537,8.398
1285,8.014,8.012,8.528,8.390
1286,8.037,8.030,8.534,8.402
1287,8.000,7.993,8.505,8.364
1288,7.961,7.956,8.510,8.350
1289,8.085,8.081,8.602,8.462
1290,8.079,8.077,8.607,8.458
1291,7.954,7.950,8.497,8.334
1292,7.926,7.924,8.468,8.296
1293,7.839,7.835,8.403,8.225
1294,7.911,7.908,8.444,8.286
1295,8.068,8.062,8.592,8.445
1296,7.858,7.859,8.379,8.229
1297,7.984,7.982,8.514,8.364
1298,8.024,8.021,8.522,8.375
1299,7.739,7.739,8.266,8.106
1300,7.913,7.922,8.445,8.289
1301,7.974,7.979,8.519,8.353
1302,7.862,7.860,8.428,8.245
1303,7.868,7.869,8.401,8.243
1304,7.631,7.630,8.180,8.005
1305,7.748,7.747,8.253,8.105
1306,7.649,7.654,8.161,8.010
1307,7.495,7.496,8.023,7.861
1308,7.561,7.559,8.102,7.935
1309,7.654,7.652,8.222,8.036
1310,7.668,7.664,8.206,8.030
1311,7.776,7.769,8.325,8.150
1312,8.103,8.101,8.676,8.492
1313,7.993,7.995,8.560,8.379
1314,8.091,8.095,8.637,8.463
1315,7.879,7.879,8.435,8.253
1316,7.911,7.914,8.458,8.285
1317,8.097,8.098,8.622,8.462
1318,8.174,8.174,8.682,8.537
1319,7.991,7.987,8.499,8.348
1320,7.992,7.992,8.504,8.347
1321,7.685,7.688,8.221,8.049
1322,7.681,7.681,8.258,8.059
1323,7.881,7.877,8.398,8.244
1324,7.798,7.799,8.340,8.169
1325,8.054,8.054,8.582,8.420
1326,7.982,7.982,8.557,8.368
1327,7.710,7.706,8.273,8.093
1328,8.005,8.006,8.547,8.379
1329,7.829,7.822,8.367,8.192
1330,7.961,7.957,8.492,8.329
1331,7.935,7.930,8.511,8.321
1332,7.795,7.782,8.316,8.155
1333,7.691,7.682,8.254,8.060
1334,7.275,7.268,7.845,7.645
1335,7.701,7.695,8.225,8.063
1336,7.931,7.928,8.461,8.294
1337,7.891,7.885,8.413,8.252
1338,7.687,7.681,8.220,8.045
1339,7.902,7.896,8.439,8.266
1340,8.173,8.174,8.652,8.521
1341,8.275,8.272,8.768,8.626
1342,7.935,7.930,8.432,8.285
1343,8.261,8.255,8.760,8.612
1344,8.171,8.166,8.697,8.544
1345,8.251,8.249,8.746,8.607
1346,8.352,8.349,8.821,8.690
1347,7.870,7.870,8.358,8.207
1348,8.111,8.110,8.606,8.463
1349,8.321,8.321,8.791,8.666
1350,8.258,8.252,8.786,8.616
1351,8.095,8.094,8.612,8.451
1352,8.231,8.227,8.780,8.602
1353,8.193,8.192,8.714,8.551
1354,8.115,8.107,8.634,8.473
1355,8.279,8.276,8.766,8.623
1356,8.219,8.217,8.768,8.586
1357,8.247,8.250,8.773,8.611
1358,8.027,8.024,8.554,8.395
1359,8.164,8.161,8.628,8.496
1360,8.036,8.029,8.519,8.385
1361,7.794,7.787,8.290,8.131
1362,8.202,8.192,8.702,8.556
1363,8.204,8.192,8.715,8.558
1364,8.114,8.110,8.608,8.464
1365,8.298,8.284,8.820,8.650
1366,7.893,7.887,8.443,8.261
1367,8.086,8.080,8.629,8.456
1368,8.083,8.073,8.579,8.430
1369,8.037,8.028,8.554,8.396
1370,7.974,7.964,8.508,8.336
1371,8.045,8.037,8.590,8.415
1372,8.167,8.166,8.688,8.538
1373,7.933,7.927,8.452,8.302
1374,8.001,8.004,8.526,8.361
1375,8.043,8.040,8.563,8.399
1376,7.811,7.811,8.327,8.167
1377,7.934,7.935,8.462,8.301
1378,7.946,7.946,8.453,8.299
1379,7.740,7.737,8.235,8.093
1380,7.940,7.940,8.427,8.294
1381,8.203,8.200,8.695,8.559
1382,8.072,8.071,8.592,8.444
1383,8.127,8.128,8.643,8.492
1384,8.240,8.239,8.725,8.599
1385,8.094,8.099,8.546,8.437
1386,8.039,8.033,8.515,8.379
1387,8.170,8.176,8.678,8.530
1388,8.065,8.057,8.569,8.420
1389,8.182,8.180,8.682,8.530
1390,8.259,8.259,8.718,8.593
1391,8.096,8.096,8.560,8.431
1392,8.088,8.087,8.546,8.426
1393,7.964,7.956,8.430,8.308
1394,8.064,8.063,8.590,8.441
1395,8.009,8.007,8.512,8.361
1396,8.088,8.082,8.565,8.422
1397,8.090,8.085,8.592,8.448
1398,8.079,8.070,8.593,8.438
1399,8.019,8.012,8.555,8.390
1400,8.103,8.091,8.635,8.470
1401,7.974,7.965,8.524,8.348
1402,8.043,8.029,8.552,8.409
1403,7.970,7.960,8.491,8.331
1404,8.014,8.012,8.551,8.388
1405,8.224,8.218,8.737,8.579
1406,7.954,7.951,8.513,8.335
1407,8.159,8.160,8.659,8.513
1408,8.006,8.004,8.525,8.366
1409,7.816,7.819,8.341,8.184
1410,7.752,7.741,8.245,8.091
1411,8.023,8.020,8.484,8.355
1412,8.036,8.033,8.591,8.415
1413,8.205,8.205,8.763,8.588
1414,8.242,8.243,8.746,8.589
1415,8.183,8.178,8.703,8.551
1416,7.985,7.981,8.499,8.347
1417,8.141,8.143,8.652,8.491
1418,8.175,8.177,8.709,8.552
1419,8.009,8.012,8.525,8.368
1420,8.021,8.017,8.550,8.387
1421,8.217,8.214,8.728,8.572
1422,8.284,8.277,8.819,8.655
1423,8.259,8.258,8.785,8.631
1424,8.336,8.329,8.845,8.699
1425,8.332,8.327,8.822,8.689
1426,8.306,8.305,8.794,8.662
1427,7.996,7.993,8.509,8.353
1428,8.244,8.244,8.757,8.601
1429,8.237,8.235,8.754,8.605
1430,8.359,8.354,8.857,8.715
1431,8.129,8.128,8.660,8.495
1432,8.387,8.390,8.859,8.734
1433,7.915,7.913,8.430,8.266
1434,8.087,8.085,8.556,8.419
1435,8.052,8.055,8.527,8.398
1436,8.363,8.361,8.849,8.711
1437,8.134,8.137,8.631,8.481
1438,8.202,8.200,8.719,8.558
1439,7.795,7.793,8.343,8.160
1440,8.212,8.215,8.717,8.571
1441,8.153,8.155,8.666,8.509
1442,8.346,8.349,8.866,8.710
1443,8.314,8.306,8.843,8.677
1444,8.296,8.292,8.831,8.665
1445,8.223,8.220,8.759,8.595
1446,8.126,8.126,8.703,8.519
1447,7.931,7.927,8.491,8.308
1448,8.277,8.274,8.821,8.658
1449,8.293,8.286,8.843,8.673
1450,8.140,8.130,8.663,8.504
1451,8.424,8.423,8.992,8.817
1452,8.123,8.125,8.681,8.507
1453,8.145,8.143,8.695,8.519
1454,7.797,7.790,8.378,8.188
1455,7.945,7.947,8.526,8.336
1456,8.181,8.182,8.721,8.565
1457,8.473,8.473,9.002,8.843
1458,8.218,8.219,8.738,8.581
1459,8.293,8.296,8.821,8.673
1460,7.939,7.941,8.476,8.317
1461,8.126,8.121,8.684,8.514
1462,8.168,8.167,8.676,8.533
1463,8.213,8.218,8.729,8.579
1464,8.233,8.231,8.728,8.593
1465,8.286,8.289,8.811,8.659
1466,8.017,8.014,8.549,8.392
1467,7.934,7.938,8.487,8.314
1468,7.920,7.915,8.476,8.301
1469,7.928,7.924,8.491,8.295
1470,8.161,8.161,8.701,8.533
1471,7.834,7.835,8.406,8.224
1472,8.153,8.146,8.701,8.531
1473,8.246,8.244,8.805,8.638
1474,8.128,8.122,8.641,8.491
1475,8.042,8.038,8.557,8.407
1476,7.927,7.927,8.464,8.306
1477,7.719,7.713,8.239,8.078
1478,7.826,7.820,8.374,8.198
1479,7.951,7.941,8.497,8.329
1480,7.800,7.793,8.309,8.164
1481,7.766,7.756,8.284,8.134
1482,7.857,7.850,8.341,8.204
1483,7.793,7.782,8.333,8.162
1484,7.840,7.836,8.322,8.187
1485,7.666,7.665,8.195,8.029
1486,7.810,7.803,8.320,8.162
1487,7.750,7.742,8.327,8.134
1488,7.734,7.731,8.282,8.098
1489,7.663,7.658,8.222,8.039
1490,7.645,7.645,8.204,8.034
1491,7.399,7.399,7.937,7.770
1492,7.600,7.597,8.093,7.947
1493,7.430,7.427,7.956,7.798
1494,7.418,7.415,7.931,7.778
1495,7.564,7.564,8.086,7.944
1496,7.404,7.397,7.934,7.777
1497,7.400,7.404,7.929,7.780
1498,7.316,7.311,7.825,7.673
1499,7.477,7.478,7.974,7.837
1500,7.420,7.417,7.947,7.792
1501,7.477,7.477,8.003,7.839
1502,7.498,7.493,8.047,7.873
1503,7.455,7.453,7.952,7.803
1504,7.372,7.370,7.891,7.730
1505,7.557,7.560,8.075,7.919
1506,7.567,7.564,8.065,7.913
1507,7.569,7.563,8.091,7.929
1508,7.594,7.591,8.100,7.945
1509,7.634,7.637,8.138,7.995
1510,7.345,7.342,7.887,7.717
1511,7.540,7.546,8.063,7.905
1512,7.498,7.494,8.015,7.858
1513,7.522,7.521,8.097,7.905
1514,7.522,7.525,8.103,7.915
1515,7.637,7.635,8.176,8.011
1516,7.534,7.534,8.112,7.918
1517,7.787,7.786,8.308,8.165
1518,7.583,7.582,8.119,7.953
1519,7.654,7.653,8.185,8.023
1520,7.740,7.738,8.279,8.109
1521,7.658,7.659,8.136,7.999
1522,7.861,7.862,8.406,8.237
1523,7.657,7.662,8.173,8.025
1524,7.776,7.778,8.303,8.139
1525,7.684,7.680,8.213,8.049
1526,7.639,7.642,8.198,8.016
1527,7.703,7.707,8.266,8.083
1528,7.853,7.848,8.392,8.223
1529,7.545,7.547,8.075,7.913
1530,7.684,7.684,8.228,8.060
1531,7.443,7.436,8.022,7.832
1532,7.612,7.616,8.146,7.994
1533,7.477,7.477,8.006,7.848
1534,7.566,7.560,8.129,7.951
1535,7.465,7.466,8.038,7.847
1536,7.864,7.868,8.404,8.241
1537,7.331,7.337,7.884,7.716
1538,7.466,7.464,8.049,7.866
1539,7.379,7.372,7.929,7.753
1540,7.526,7.529,8.058,7.902
1541,7.544,7.538,8.051,7.903
1542,7.051,7.045,7.599,7.414
1543,7.243,7.238,7.783,7.620
1544,7.255,7.249,7.783,7.612
1545,7.249,7.243,7.847,7.632
1546,7.153,7.147,7.729,7.533
1547,7.510,7.504,8.032,7.867
1548,7.422,7.418,7.944,7.783
1549,7.296,7.297,7.822,7.660
1550,7.487,7.485,8.046,7.871
1551,7.540,7.537,8.103,7.928
1552,7.475,7.471,8.034,7.863
1553,7.143,7.142,7.738,7.532
1554,7.395,7.392,7.979,7.785
1555,7.105,7.096,7.706,7.497
1556,7.183,7.171,7.779,7.569
1557,7.688,7.689,8.257,8.085
1558,7.521,7.518,8.117,7.924
1559,7.495,7.496,8.067,7.891
1560,7.485,7.486,8.055,7.875
1561,7.354,7.353,7.933,7.750
1562,7.388,7.391,7.954,7.770
1563,7.573,7.578,8.113,7.950
1564,7.233,7.235,7.783,7.610
1565,7.311,7.312,7.864,7.686
1566,7.339,7.337,7.875,7.714
1567,7.658,7.654,8.203,8.040
1568,7.681,7.677,8.236,8.058
1569,7.562,7.558,8.105,7.938
1570,7.538,7.539,8.026,7.879
1571,7.605,7.606,8.152,7.985
1572,7.855,7.857,8.372,8.220
1573,7.636,7.635,8.167,8.009
1574,7.605,7.604,8.130,7.975
1575,7.683,7.680,8.237,8.066
1576,7.712,7.720,8.249,8.086
1577,7.790,7.797,8.302,8.150
1578,7.363,7.359,7.925,7.742
1579,7.424,7.426,7.990,7.811
1580,7.527,7.532,8.090,7.920
1581,7.489,7.488,8.043,7.872
1582,7.493,7.493,8.060,7.885
1583,7.416,7.414,8.001,7.813
1584,7.618,7.623,8.181,8.002
1585,7.591,7.590,8.159,7.981
1586,7.646,7.652,8.182,8.024
1587,7.556,7.556,8.136,7.946
1588,7.481,7.481,8.077,7.875
1589,7.599,7.597,8.159,7.979
1590,7.371,7.372,7.928,7.760
1591,7.530,7.535,8.075,7.917
1592,7.614,7.617,8.180,8.011
1593,7.492,7.494,8.033,7.861
1594,7.394,7.398,7.954,7.775
1595,7.632,7.635,8.161,8.007
1596,7.626,7.631,8.174,8.000
1597,7.676,7.675,8.238,8.073
1598,7.395,7.401,7.918,7.760
1599,7.334,7.337,7.897,7.712
1600,7.579,7.578,8.135,7.972
1601,7.646,7.646,8.209,8.031
1602,7.515,7.516,8.056,7.889
1603,7.524,7.525,8.067,7.902
1604,7.395,7.396,7.911,7.756
1605,7.617,7.618,8.190,8.014
1606,7.607,7.611,8.149,7.985
1607,7.421,7.422,7.984,7.812
1608,7.487,7.486,8.033,7.863
1609,7.454,7.457,8.025,7.840
1610,7.440,7.438,8.017,7.836
1611,7.529,7.530,8.095,7.915
1612,7.384,7.390,7.927,7.755
1613,7.376,7.380,7.941,7.756
1614,7.331,7.332,7.876,7.700
1615,7.453,7.452,8.014,7.824
1616,7.460,7.467,7.977,7.816
1617,7.650,7.648,8.195,8.027
1618,7.783,7.787,8.320,8.166
1619,7.728,7.728,8.238,8.086
1620,7.309,7.306,7.858,7.673
1621,7.574,7.571,8.064,7.920
1622,7.648,7.643,8.171,8.007
1623,7.805,7.801,8.344,8.183
1624,7.837,7.832,8.349,8.199
1625,7.775,7.774,8.276,8.142
1626,7.660,7.662,8.160,8.008
1627,7.461,7.462,7.965,7.815
1628,7.769,7.775,8.255,8.116
1629,7.758,7.764,8.273,8.132
1630,7.602,7.603,8.168,7.991
1631,7.675,7.670,8.266,8.078
1632,7.653,7.653,8.178,8.021
1633,7.613,7.612,8.126,7.985
1634,7.973,7.970,8.483,8.338
1635,7.893,7.891,8.399,8.255
1636,7.800,7.796,8.310,8.171
1637,7.892,7.895,8.434,8.276
1638,7.953,7.951,8.482,8.337
1639,7.789,7.788,8.315,8.169
1640,7.834,7.837,8.363,8.214
1641,7.822,7.827,8.330,8.190
1642,7.807,7.810,8.330,8.186
1643,7.753,7.751,8.289,8.129
1644,7.715,7.723,8.218,8.073
1645,7.898,7.898,8.418,8.271
1646,7.882,7.888,8.389,8.246
1647,7.885,7.893,8.374,8.247
1648,7.742,7.741,8.253,8.102
1649,7.568,7.570,8.088,7.943
1650,7.889,7.889,8.414,8.261
1651,7.686,7.688,8.210,8.050
1652,7.656,7.660,8.203,8.038
1653,7.518,7.513,8.080,7.905
1654,7.366,7.367,7.916,7.744
1655,7.392,7.388,7.916,7.757
1656,7.403,7.402,7.962,7.780
1657,7.643,7.644,8.186,8.024
1658,7.489,7.491,8.030,7.869
1659,7.522,7.524,8.057,7.896
1660,7.540,7.549,8.075,7.918
1661,7.501,7.504,8.058,7.881
1662,7.622,7.628,8.158,7.998
1663,7.728,7.730,8.246,8.092
1664,7.354,7.356,7.913,7.733
1665,7.397,7.399,7.915,7.758
1666,7.497,7.498,8.039,7.870
1667,7.464,7.463,8.001,7.831
1668,7.339,7.335,7.909,7.716
1669,7.343,7.344,7.869,7.708
1670,7.531,7.532,8.082,7.904
1671,7.620,7.626,8.183,8.006
1672,7.364,7.361,7.948,7.757
1673,7.512,7.507,8.069,7.896
1674,7.809,7.808,8.389,8.212
1675,7.545,7.546,8.052,7.902
1676,7.563,7.560,8.081,7.932
1677,7.429,7.430,7.977,7.812
1678,7.561,7.558,8.075,7.928
1679,7.645,7.646,8.168,8.022
1680,7.358,7.352,7.879,7.728
1681,7.418,7.415,7.953,7.790
1682,7.326,7.320,7.917,7.719
1683,7.488,7.483,8.045,7.873
1684,7.378,7.375,7.953,7.768
1685,7.341,7.340,7.916,7.737
1686,7.374,7.373,7.959,7.769
1687,7.506,7.503,8.083,7.898
1688,7.519,7.519,8.122,7.917
1689,7.545,7.546,8.123,7.936
1690,7.524,7.530,8.038,7.888
1691,7.359,7.356,7.889,7.728
1692,7.783,7.785,8.300,8.166
1693,7.720,7.718,8.226,8.089
1694,7.417,7.419,7.948,7.795
1695,7.587,7.596,8.137,7.972
1696,7.237,7.239,7.789,7.618
1697,7.475,7.478,8.058,7.874
1698,7.539,7.543,8.085,7.910
1699,7.800,7.806,8.315,8.169
1700,7.382,7.388,7.928,7.758
1701,7.453,7.449,8.027,7.833
1702,7.413,7.408,7.994,7.799
1703,7.618,7.621,8.162,7.998
1704,7.562,7.561,8.120,7.950
1705,7.495,7.506,8.012,7.858
1706,7.500,7.503,8.039,7.871
1707,7.413,7.417,7.952,7.789
1708,7.417,7.419,7.943,7.782
1709,7.387,7.391,7.902,7.748
1710,7.451,7.450,7.997,7.825
1711,7.548,7.549,8.099,7.937
1712,7.614,7.619,8.182,8.000
1713,7.254,7.251,7.804,7.619
1714,7.353,7.360,7.911,7.732
1715,7.303,7.309,7.840,7.672
1716,7.223,7.227,7.787,7.600
1717,7.229,7.237,7.815,7.620
1718,7.438,7.437,8.010,7.825
1719,7.421,7.422,8.048,7.831
1720,7.333,7.331,7.910,7.716
1721,7.526,7.517,8.101,7.913
1722,7.189,7.185,7.754,7.559
1723,7.369,7.369,7.922,7.743
1724,7.437,7.433,8.011,7.811
1725,7.467,7.469,8.011,7.826
1726,7.313,7.319,7.874,7.688
1727,7.159,7.165,7.735,7.527
1728,7.274,7.277,7.797,7.636
1729,7.293,7.296,7.828,7.653
1730,7.129,7.131,7.672,7.502
1731,7.280,7.281,7.832,7.651
1732,7.185,7.188,7.714,7.548
1733,7.069,7.065,7.603,7.427
1734,7.317,7.314,7.845,7.673
1735,7.380,7.377,7.906,7.730
1736,7.470,7.467,7.975,7.821
1737,7.283,7.281,7.810,7.640
1738,7.494,7.481,8.031,7.858
1739,7.406,7.405,7.935,7.768
1740,7.416,7.416,7.956,7.787
1741,7.391,7.392,7.937,7.760
1742,7.385,7.387,7.932,7.745
1743,7.673,7.673,8.220,8.051
1744,7.531,7.531,8.076,7.905
1745,7.754,7.753,8.246,8.107
1746,7.711,7.714,8.232,8.086
1747,7.830,7.831,8.344,8.198
1748,7.637,7.636,8.174,8.005
1749,7.741,7.737,8.244,8.105
1750,7.720,7.718,8.242,8.086
1751,7.654,7.655,8.177,8.027
1752,7.809,7.803,8.355,8.190
1753,7.584,7.582,8.119,7.960
1754,7.529,7.530,8.050,7.895
1755,7.685,7.681,8.230,8.060
1756,7.559,7.556,8.065,7.913
1757,7.375,7.375,7.886,7.727
1758,7.513,7.508,8.042,7.881
1759,7.492,7.491,7.982,7.845
1760,7.601,7.605,8.123,7.965
1761,7.435,7.439,7.979,7.811
1762,7.441,7.438,7.999,7.830
1763,7.497,7.507,8.008,7.866
1764,7.573,7.574,8.104,7.940
1765,7.690,7.686,8.207,8.056
1766,7.681,7.684,8.209,8.062
1767,7.519,7.519,8.093,7.909
1768,7.497,7.496,8.068,7.886
1769,7.561,7.565,8.150,7.960
1770,7.488,7.493,8.055,7.878
1771,7.563,7.571,8.111,7.937
1772,7.381,7.387,7.977,7.771
1773,7.379,7.377,7.941,7.750
1774,7.549,7.552,8.067,7.916
1775,7.520,7.522,8.096,7.903
1776,7.390,7.401,7.974,7.779
1777,7.513,7.519,8.067,7.892
1778,7.519,7.518,8.076,7.897
1779,7.670,7.679,8.204,8.047
1780,7.435,7.437,8.030,7.834
1781,7.481,7.486,8.023,7.854
1782,7.621,7.628,8.190,8.005
1783,7.483,7.487,8.059,7.869
1784,7.435,7.437,8.006,7.824
1785,7.540,7.546,8.061,7.904
1786,7.282,7.281,7.866,7.677
1787,7.511,7.510,8.097,7.903
1788,7.464,7.467,8.008,7.838
1789,7.470,7.469,8.060,7.863
1790,7.506,7.506,8.073,7.896
1791,7.660,7.662,8.246,8.047
1792,7.641,7.643,8.210,8.029
1793,7.383,7.385,7.941,7.761
1794,7.362,7.364,7.916,7.743
1795,7.536,7.540,8.098,7.921
1796,7.420,7.420,7.979,7.798
1797,7.607,7.613,8.125,7.970
1798,7.473,7.483,8.060,7.871
1799,7.806,7.808,8.370,8.193
1800,7.498,7.501,8.071,7.891
1801,7.716,7.721,8.276,8.103
1802,7.580,7.576,8.145,7.972
1803,7.714,7.714,8.245,8.094
1804,7.695,7.701,8.227,8.078
1805,7.633,7.634,8.191,8.030
1806,7.468,7.469,7.990,7.843
1807,7.522,7.523,8.037,7.886
1808,7.460,7.461,7.979,7.826
1809,7.658,7.660,8.181,8.036
1810,7.693,7.689,8.240,8.069
1811,7.774,7.779,8.312,8.151
1812,7.674,7.679,8.217,8.053
1813,7.727,7.727,8.267,8.102
1814,7.784,7.786,8.312,8.158
1815,7.640,7.647,8.174,8.020
1816,7.917,7.918,8.434,8.287
1817,7.740,7.740,8.282,8.116
1818,7.734,7.737,8.248,8.098
1819,7.755,7.752,8.291,8.124
1820,7.899,7.902,8.428,8.273
1821,7.863,7.869,8.364,8.223
1822,7.718,7.716,8.256,8.094
1823,7.682,7.682,8.224,8.058
1824,7.457,7.457,8.028,7.834
1825,7.823,7.820,8.336,8.181
1826,7.813,7.811,8.370,8.191
1827,7.689,7.687,8.255,8.072
1828,7.730,7.728,8.316,8.121
1829,7.461,7.460,8.043,7.850
1830,7.770,7.769,8.335,8.152
1831,7.495,7.498,8.050,7.878
1832,7.591,7.591,8.177,7.982
1833,7.633,7.630,8.194,8.014
1834,7.704,7.713,8.228,8.075
1835,7.696,7.695,8.213,8.057
1836,7.378,7.378,7.935,7.752
1837,7.604,7.603,8.162,7.982
1838,7.450,7.442,8.016,7.828
1839,7.500,7.502,8.063,7.885
1840,7.639,7.643,8.187,8.017
1841,7.593,7.596,8.139,7.963
1842,7.641,7.640,8.197,8.021
1843,7.904,7.906,8.459,8.292
1844,7.786,7.786,8.345,8.176
1845,7.666,7.664,8.236,8.053
1846,7.594,7.593,8.181,7.989
1847,7.729,7.728,8.244,8.092
1848,7.470,7.471,8.009,7.835
1849,7.641,7.640,8.158,8.003
1850,7.484,7.481,8.041,7.860
1851,7.712,7.711,8.263,8.086
1852,7.781,7.773,8.347,8.156
1853,7.585,7.588,8.121,7.950
1854,7.504,7.507,8.054,7.875
1855,7.701,7.707,8.223,8.069
1856,7.803,7.808,8.348,8.183
1857,7.579,7.574,8.130,7.958
1858,7.394,7.393,7.960,7.767
1859,7.582,7.580,8.109,7.941
1860,7.572,7.575,8.126,7.950
1861,7.822,7.822,8.349,8.180
1862,7.625,7.632,8.188,8.005
1863,7.531,7.533,8.085,7.904
1864,7.502,7.509,8.051,7.882
1865,7.317,7.319,7.912,7.705
1866,7.488,7.492,8.066,7.871
1867,7.540,7.539,8.133,7.937
1868,7.591,7.594,8.147,7.966
1869,7.374,7.375,7.916,7.745
1870,7.712,7.714,8.251,8.084
1871,7.628,7.632,8.186,8.009
1872,7.788,7.792,8.299,8.149
1873,7.746,7.743,8.321,8.140
1874,7.674,7.672,8.197,8.046
1875,7.619,7.629,8.163,7.994
1876,7.716,7.718,8.260,8.092
1877,7.507,7.507,8.071,7.897
1878,7.642,7.640,8.218,8.019
1879,7.237,7.243,7.828,7.625
1880,7.604,7.610,8.199,8.011
1881,7.736,7.738,8.315,8.141
1882,7.619,7.619,8.203,8.020
1883,7.527,7.528,8.062,7.901
1884,7.457,7.455,8.016,7.832
1885,7.877,7.878,8.432,8.261
1886,7.481,7.485,8.002,7.846
1887,7.882,7.887,8.356,8.235
1888,7.495,7.496,8.003,7.861
1889,7.645,7.651,8.208,8.033
1890,7.804,7.803,8.323,8.171
1891,7.928,7.929,8.452,8.297
1892,7.676,7.683,8.211,8.047
1893,7.881,7.884,8.404,8.241
1894,7.595,7.593,8.108,7.951
1895,7.606,7.609,8.135,7.963
1896,7.730,7.731,8.283,8.107
1897,7.703,7.708,8.277,8.094
1898,7.587,7.587,8.128,7.957
1899,7.809,7.818,8.381,8.202
1900,7.649,7.645,8.178,8.018
1901,7.860,7.858,8.372,8.219
1902,7.749,7.749,8.272,8.110
1903,7.574,7.577,8.141,7.961
1904,7.554,7.554,8.085,7.916
1905,7.488,7.493,8.011,7.857
1906,7.614,7.612,8.152,7.987
1907,7.569,7.567,8.111,7.946
1908,7.634,7.632,8.181,8.014
1909,8.027,8.027,8.536,8.393
1910,7.741,7.740,8.282,8.122
1911,7.758,7.756,8.262,8.121
1912,7.668,7.666,8.211,8.054
1913,7.904,7.906,8.427,8.270
1914,7.538,7.538,8.071,7.914
1915,7.812,7.810,8.364,8.193
1916,7.735,7.732,8.309,8.132
1917,7.536,7.536,8.105,7.929
1918,7.803,7.801,8.303,8.158
1919,7.661,7.663,8.173,8.034
1920,7.514,7.513,8.064,7.902
1921,7.482,7.481,8.061,7.875
1922,7.435,7.431,7.987,7.814
1923,7.614,7.610,8.177,8.000
1924,7.506,7.504,8.049,7.881
1925,7.501,7.499,8.069,7.888
1926,7.543,7.544,8.069,7.919
1927,7.509,7.506,8.062,7.894
1928,7.381,7.384,7.930,7.762
1929,7.710,7.709,8.265,8.105
1930,7.524,7.519,8.103,7.917
1931,7.756,7.758,8.282,8.131
1932,7.507,7.508,8.031,7.875
1933,7.678,7.680,8.209,8.055
1934,7.474,7.470,8.029,7.854
1935,7.301,7.304,7.823,7.664
1936,7.567,7.566,8.103,7.940
1937,7.711,7.707,8.243,8.093
1938,7.717,7.723,8.236,8.087
1939,7.561,7.565,8.100,7.951
1940,7.670,7.672,8.209,8.052
1941,7.399,7.399,7.922,7.771
1942,7.626,7.627,8.172,8.016
1943,7.622,7.622,8.154,8.004
1944,7.849,7.851,8.349,8.212
1945,7.577,7.581,8.138,7.962
1946,7.719,7.721,8.262,8.095
1947,7.852,7.854,8.389,8.231
1948,7.950,7.952,8.479,8.331
1949,7.572,7.570,8.126,7.948
1950,7.999,7.999,8.510,8.374
1951,7.975,7.974,8.458,8.336
1952,7.979,7.971,8.485,8.344
1953,7.717,7.715,8.230,8.088
1954,7.824,7.825,8.345,8.204
1955,7.916,7.914,8.408,8.279
1956,7.761,7.758,8.295,8.142
1957,7.880,7.881,8.388,8.253
1958,7.565,7.566,8.098,7.944
1959,7.769,7.770,8.266,8.129
1960,7.569,7.568,8.052,7.914
1961,7.744,7.744,8.250,8.112
1962,7.690,7.689,8.159,8.033
1963,7.915,7.911,8.374,8.259
1964,7.723,7.722,8.211,8.086
1965,7.669,7.672,8.140,8.024
1966,7.437,7.437,7.921,7.791
1967,7.527,7.521,8.043,7.890
1968,7.573,7.576,8.046,7.930
1969,7.629,7.634,8.113,7.982
1970,7.742,7.745,8.227,8.097
1971,7.726,7.722,8.238,8.092
1972,7.809,7.813,8.289,8.163
1973,7.887,7.887,8.351,8.227
1974,7.768,7.767,8.244,8.119
1975,7.772,7.775,8.255,8.126
1976,7.614,7.612,8.108,7.964
1977,7.408,7.404,7.942,7.779
1978,7.580,7.573,8.111,7.952
1979,7.481,7.479,8.013,7.843
1980,7.578,7.581,8.094,7.935
1981,7.613,7.612,8.109,7.962
1982,7.745,7.745,8.269,8.113
1983,7.580,7.580,8.087,7.945
1984,7.784,7.786,8.279,8.137
1985,7.643,7.644,8.146,7.997
1986,7.582,7.587,8.112,7.954
1987,7.764,7.760,8.279,8.121
1988,7.718,7.724,8.235,8.085
1989,7.808,7.810,8.316,8.176
1990,7.641,7.639,8.169,8.003
1991,7.601,7.598,8.117,7.965
1992,7.735,7.735,8.226,8.093
1993,7.636,7.628,8.139,7.995
1994,7.415,7.416,7.903,7.777
1995,7.347,7.349,7.842,7.713
1996,7.382,7.387,7.854,7.732
1997,7.595,7.595,8.106,7.959
1998,7.396,7.390,7.879,7.743
1999,7.486,7.480,7.992,7.845
2000,7.674,7.666,8.132,8.023
2001,7.675,7.666,8.132,8.023
