# Residue	# Residue	# Residue	# Residue	# Residue	 Backbone RMSF
67	67	67	67	67	1.082
68	68	68	68	68	1.065
69	69	69	69	69	1.093
70	70	70	70	70	1.18
71	71	71	71	71	1.341
72	72	72	72	72	1.28
73	73	73	73	73	1.304
74	74	74	74	74	1.597
75	75	75	75	75	1.64
76	76	76	76	76	1.467
77	77	77	77	77	1.323
78	78	78	78	78	1.233
79	79	79	79	79	0.922
80	80	80	80	80	0.735
81	81	81	81	81	0.636
82	82	82	82	82	0.621
83	83	83	83	83	0.607
84	84	84	84	84	0.62
85	85	85	85	85	0.613
86	86	86	86	86	0.645
87	87	87	87	87	0.757
88	88	88	88	88	0.739
89	89	89	89	89	0.693
90	90	90	90	90	0.622
91	91	91	91	91	0.602
92	92	92	92	92	0.652
93	93	93	93	93	0.643
94	94	94	94	94	0.589
95	95	95	95	95	0.606
96	96	96	96	96	0.671
97	97	97	97	97	0.667
98	98	98	98	98	0.691
99	99	99	99	99	0.717
100	100	100	100	100	0.767
101	101	101	101	101	0.804
102	102	102	102	102	0.817
103	103	103	103	103	0.975
104	104	104	104	104	1.136
105	105	105	105	105	1.078
106	106	106	106	106	1.08
107	107	107	107	107	0.939
108	108	108	108	108	0.783
109	109	109	109	109	0.757
110	110	110	110	110	0.721
111	111	111	111	111	0.865
112	112	112	112	112	0.805
113	113	113	113	113	0.874
114	114	114	114	114	0.925
115	115	115	115	115	0.977
116	116	116	116	116	0.968
117	117	117	117	117	0.956
118	118	118	118	118	1.03
119	119	119	119	119	1.14
120	120	120	120	120	1.218
121	121	121	121	121	1.149
122	122	122	122	122	1.285
123	123	123	123	123	1.476
124	124	124	124	124	1.401
125	125	125	125	125	1.342
126	126	126	126	126	1.624
127	127	127	127	127	1.805
128	128	128	128	128	1.501
129	129	129	129	129	1.487
130	130	130	130	130	1.234
131	131	131	131	131	1
132	132	132	132	132	0.724
133	133	133	133	133	0.675
134	134	134	134	134	0.597
135	135	135	135	135	0.643
136	136	136	136	136	0.589
137	137	137	137	137	0.682
138	138	138	138	138	0.64
139	139	139	139	139	0.673
140	140	140	140	140	0.75
141	141	141	141	141	0.882
142	142	142	142	142	0.963
143	143	143	143	143	0.893
144	144	144	144	144	0.81
145	145	145	145	145	0.774
146	146	146	146	146	0.711
147	147	147	147	147	0.786
148	148	148	148	148	0.777
149	149	149	149	149	0.801
150	150	150	150	150	0.945
151	151	151	151	151	0.989
152	152	152	152	152	0.867
153	153	153	153	153	0.915
154	154	154	154	154	1.017
155	155	155	155	155	0.967
156	156	156	156	156	0.997
157	157	157	157	157	1.176
158	158	158	158	158	1.179
159	159	159	159	159	1.24
160	160	160	160	160	1.409
161	161	161	161	161	1.274
162	162	162	162	162	1.211
163	163	163	163	163	1.045
164	164	164	164	164	1.249
165	165	165	165	165	1.186
166	166	166	166	166	0.921
167	167	167	167	167	0.757
168	168	168	168	168	0.694
169	169	169	169	169	0.67
170	170	170	170	170	0.64
171	171	171	171	171	0.637
172	172	172	172	172	0.678
173	173	173	173	173	0.673
174	174	174	174	174	0.745
175	175	175	175	175	0.782
176	176	176	176	176	0.862
177	177	177	177	177	0.898
178	178	178	178	178	0.869
179	179	179	179	179	0.952
180	180	180	180	180	0.837
181	181	181	181	181	0.792
182	182	182	182	182	0.725
183	183	183	183	183	0.787
184	184	184	184	184	0.74
185	185	185	185	185	0.722
186	186	186	186	186	0.813
187	187	187	187	187	0.81
188	188	188	188	188	0.77
189	189	189	189	189	0.823
190	190	190	190	190	0.91
191	191	191	191	191	0.917
192	192	192	192	192	0.885
193	193	193	193	193	1.025
194	194	194	194	194	1.163
195	195	195	195	195	1.092
196	196	196	196	196	1.063
197	197	197	197	197	0.942
198	198	198	198	198	0.878
199	199	199	199	199	0.996
200	200	200	200	200	0.98
201	201	201	201	201	0.893
202	202	202	202	202	0.818
203	203	203	203	203	0.786
204	204	204	204	204	0.771
205	205	205	205	205	0.836
206	206	206	206	206	0.735
207	207	207	207	207	0.777
208	208	208	208	208	0.922
209	209	209	209	209	0.975
210	210	210	210	210	1.211
211	211	211	211	211	0.912
212	212	212	212	212	0.806
213	213	213	213	213	0.879
214	214	214	214	214	0.936
215	215	215	215	215	1.001
216	216	216	216	216	0.899
217	217	217	217	217	0.943
218	218	218	218	218	1.007
219	219	219	219	219	0.824
220	220	220	220	220	0.758
221	221	221	221	221	0.916
222	222	222	222	222	0.896
223	223	223	223	223	0.8
224	224	224	224	224	0.839
225	225	225	225	225	1.05
226	226	226	226	226	1.051
227	227	227	227	227	0.952
228	228	228	228	228	1.187
229	229	229	229	229	1.443
230	230	230	230	230	1.455
231	231	231	231	231	1.503
232	232	232	232	232	1.742
233	233	233	233	233	1.647
234	234	234	234	234	1.933
235	235	235	235	235	2.321
236	236	236	236	236	2.427
237	237	237	237	237	2.652
238	238	238	238	238	2.217
239	239	239	239	239	1.861
240	240	240	240	240	1.79
241	241	241	241	241	1.572
242	242	242	242	242	1.002
243	243	243	243	243	0.855
244	244	244	244	244	0.766
245	245	245	245	245	0.796
246	246	246	246	246	0.8
247	247	247	247	247	0.903
248	248	248	248	248	0.934
249	249	249	249	249	1.213
250	250	250	250	250	1.382
251	251	251	251	251	1.993
252	252	252	252	252	1.969
253	253	253	253	253	1.812
254	254	254	254	254	2.235
255	255	255	255	255	2.303
256	256	256	256	256	2.138
257	257	257	257	257	1.538
258	258	258	258	258	1.053
259	259	259	259	259	0.795
260	260	260	260	260	0.941
261	261	261	261	261	1.042
262	262	262	262	262	0.847
263	263	263	263	263	1.255
264	264	264	264	264	1.294
265	265	265	265	265	1.209
266	266	266	266	266	1.346
267	267	267	267	267	1.479
268	268	268	268	268	1.461
269	269	269	269	269	1.348
270	270	270	270	270	1.687
271	271	271	271	271	1.579
272	272	272	272	272	1.29
273	273	273	273	273	1.212
274	274	274	274	274	1.248
275	275	275	275	275	1.096
276	276	276	276	276	0.914
277	277	277	277	277	0.852
278	278	278	278	278	0.93
279	279	279	279	279	0.925
280	280	280	280	280	0.782
281	281	281	281	281	0.721
282	282	282	282	282	0.684
283	283	283	283	283	0.733
284	284	284	284	284	0.688
285	285	285	285	285	0.665
286	286	286	286	286	0.693
287	287	287	287	287	0.744
288	288	288	288	288	0.685
289	289	289	289	289	0.784
290	290	290	290	290	0.681
291	291	291	291	291	0.679
292	292	292	292	292	0.657
293	293	293	293	293	0.679
294	294	294	294	294	0.821
295	295	295	295	295	0.857
296	296	296	296	296	1.127
297	297	297	297	297	1.191
298	298	298	298	298	0.888
299	299	299	299	299	0.672
300	300	300	300	300	0.599
301	301	301	301	301	0.592
302	302	302	302	302	0.56
303	303	303	303	303	0.544
304	304	304	304	304	0.594
305	305	305	305	305	0.669
306	306	306	306	306	0.711
307	307	307	307	307	0.784
308	308	308	308	308	1.02
309	309	309	309	309	1.303
310	310	310	310	310	1.275
311	311	311	311	311	0.948
312	312	312	312	312	0.864
313	313	313	313	313	0.864
314	314	314	314	314	0.693
315	315	315	315	315	0.642
316	316	316	316	316	0.658
317	317	317	317	317	0.637
318	318	318	318	318	0.566
319	319	319	319	319	0.578
320	320	320	320	320	0.579
321	321	321	321	321	0.573
322	322	322	322	322	0.555
323	323	323	323	323	0.587
324	324	324	324	324	0.58
325	325	325	325	325	0.64
326	326	326	326	326	0.632
327	327	327	327	327	0.677
328	328	328	328	328	0.776
329	329	329	329	329	0.884
330	330	330	330	330	0.816
331	331	331	331	331	0.726
332	332	332	332	332	0.868
333	333	333	333	333	0.959
334	334	334	334	334	0.962
335	335	335	335	335	1.024
336	336	336	336	336	1.051
337	337	337	337	337	1.113
338	338	338	338	338	1.175
339	339	339	339	339	1.262
340	340	340	340	340	1.136
341	341	341	341	341	1.06
342	342	342	342	342	0.852
343	343	343	343	343	0.978
344	344	344	344	344	0.833
345	345	345	345	345	0.808
346	346	346	346	346	0.762
347	347	347	347	347	0.764
348	348	348	348	348	0.862
349	349	349	349	349	0.783
350	350	350	350	350	0.807
351	351	351	351	351	0.927
352	352	352	352	352	0.964
353	353	353	353	353	1.153
354	354	354	354	354	1.096
355	355	355	355	355	1.039
356	356	356	356	356	1.06
357	357	357	357	357	0.791
358	358	358	358	358	0.73
359	359	359	359	359	0.771
360	360	360	360	360	0.892
361	361	361	361	361	0.762
362	362	362	362	362	0.779
363	363	363	363	363	0.815
364	364	364	364	364	0.738
365	365	365	365	365	0.719
366	366	366	366	366	0.693
367	367	367	367	367	0.686
368	368	368	368	368	0.62
369	369	369	369	369	0.565
370	370	370	370	370	0.528
371	371	371	371	371	0.533
372	372	372	372	372	0.545
373	373	373	373	373	0.539
374	374	374	374	374	0.52
375	375	375	375	375	0.524
376	376	376	376	376	0.556
377	377	377	377	377	0.608
378	378	378	378	378	0.688
379	379	379	379	379	0.699
380	380	380	380	380	0.715
381	381	381	381	381	0.701
382	382	382	382	382	0.713
383	383	383	383	383	0.748
384	384	384	384	384	0.865
385	385	385	385	385	0.726
386	386	386	386	386	0.753
387	387	387	387	387	0.866
388	388	388	388	388	0.804
389	389	389	389	389	0.811
390	390	390	390	390	0.94
391	391	391	391	391	0.951
392	392	392	392	392	0.875
393	393	393	393	393	0.976
394	394	394	394	394	1.241
395	395	395	395	395	1.189
396	396	396	396	396	1.347
397	397	397	397	397	1.329
398	398	398	398	398	1.14
399	399	399	399	399	1.085
400	400	400	400	400	1.12
401	401	401	401	401	1.016
402	402	402	402	402	0.913
403	403	403	403	403	0.986
404	404	404	404	404	1.022
405	405	405	405	405	1.007
406	406	406	406	406	1.067
407	407	407	407	407	1.23
408	408	408	408	408	1.54
409	409	409	409	409	1.498
410	410	410	410	410	1.568
411	411	411	411	411	1.305
412	412	412	412	412	1.125
413	413	413	413	413	1.089
414	414	414	414	414	1.084
415	415	415	415	415	0.972
416	416	416	416	416	0.861
417	417	417	417	417	1.027
418	418	418	418	418	0.978
419	419	419	419	419	0.836
420	420	420	420	420	0.761
421	421	421	421	421	0.907
422	422	422	422	422	0.931
423	423	423	423	423	0.829
424	424	424	424	424	0.78
425	425	425	425	425	0.689
426	426	426	426	426	0.667
427	427	427	427	427	0.746
428	428	428	428	428	0.833
429	429	429	429	429	0.768
430	430	430	430	430	0.774
431	431	431	431	431	0.919
432	432	432	432	432	0.95
433	433	433	433	433	0.886
434	434	434	434	434	0.913
435	435	435	435	435	1.203
436	436	436	436	436	1.04
437	437	437	437	437	0.953
438	438	438	438	438	0.989
439	439	439	439	439	0.961
440	440	440	440	440	1.023
441	441	441	441	441	0.894
442	442	442	442	442	0.782
443	443	443	443	443	0.661
444	444	444	444	444	0.718
445	445	445	445	445	0.795
446	446	446	446	446	0.811
447	447	447	447	447	0.717
448	448	448	448	448	0.619
449	449	449	449	449	0.619
450	450	450	450	450	0.607
451	451	451	451	451	0.602
452	452	452	452	452	0.567
453	453	453	453	453	0.57
454	454	454	454	454	0.546
455	455	455	455	455	0.545
456	456	456	456	456	0.569
457	457	457	457	457	0.578
458	458	458	458	458	0.56
459	459	459	459	459	0.554
460	460	460	460	460	0.527
461	461	461	461	461	0.565
462	462	462	462	462	0.662
463	463	463	463	463	0.757
464	464	464	464	464	0.732
465	465	465	465	465	0.677
466	466	466	466	466	0.822
467	467	467	467	467	0.736
468	468	468	468	468	0.644
469	469	469	469	469	0.585
470	470	470	470	470	0.517
471	471	471	471	471	0.528
472	472	472	472	472	0.591
473	473	473	473	473	0.581
474	474	474	474	474	0.595
475	475	475	475	475	0.619
476	476	476	476	476	0.72
477	477	477	477	477	0.788
478	478	478	478	478	0.84
479	479	479	479	479	0.991
480	480	480	480	480	1.054
481	481	481	481	481	1.301
482	482	482	482	482	1.324
483	483	483	483	483	1.359
484	484	484	484	484	0.986
485	485	485	485	485	0.863
486	486	486	486	486	0.749
487	487	487	487	487	0.714
488	488	488	488	488	0.655
489	489	489	489	489	0.622
490	490	490	490	490	0.547
491	491	491	491	491	0.556
492	492	492	492	492	0.588
493	493	493	493	493	0.593
494	494	494	494	494	0.6
495	495	495	495	495	0.679
496	496	496	496	496	0.82
497	497	497	497	497	0.863
498	498	498	498	498	1.003
499	499	499	499	499	1.211
500	500	500	500	500	2.055
501	501	501	501	501	2.749
502	502	502	502	502	2.757
503	503	503	503	503	3.312
504	504	504	504	504	3.051
505	505	505	505	505	2.154
506	506	506	506	506	1.562
507	507	507	507	507	0.9
508	508	508	508	508	0.783
509	509	509	509	509	0.658
510	510	510	510	510	0.625
511	511	511	511	511	0.61
512	512	512	512	512	0.586
513	513	513	513	513	0.652
514	514	514	514	514	0.666
515	515	515	515	515	0.833
516	516	516	516	516	0.836
517	517	517	517	517	0.862
518	518	518	518	518	0.748
519	519	519	519	519	0.689
520	520	520	520	520	0.763
521	521	521	521	521	0.945
522	522	522	522	522	1.348
523	523	523	523	523	1.063
524	524	524	524	524	0.964
525	525	525	525	525	1.006
526	526	526	526	526	0.925
527	527	527	527	527	0.829
528	528	528	528	528	0.696
529	529	529	529	529	0.636
530	530	530	530	530	0.555
531	531	531	531	531	0.54
532	532	532	532	532	0.602
533	533	533	533	533	0.629
534	534	534	534	534	0.702
535	535	535	535	535	0.646
536	536	536	536	536	0.571
537	537	537	537	537	0.526
538	538	538	538	538	0.587
539	539	539	539	539	0.58
540	540	540	540	540	0.496
541	541	541	541	541	0.519
542	542	542	542	542	0.561
543	543	543	543	543	0.54
544	544	544	544	544	0.54
545	545	545	545	545	0.608
546	546	546	546	546	0.681
547	547	547	547	547	0.708
548	548	548	548	548	0.745
549	549	549	549	549	0.825
550	550	550	550	550	0.935
551	551	551	551	551	1.095
552	552	552	552	552	1.329
553	553	553	553	553	1.442
554	554	554	554	554	1.477
555	555	555	555	555	1.297
556	556	556	556	556	1.112
557	557	557	557	557	0.947
558	558	558	558	558	0.879
559	559	559	559	559	0.831
560	560	560	560	560	0.681
561	561	561	561	561	0.625
562	562	562	562	562	0.57
563	563	563	563	563	0.566
564	564	564	564	564	0.616
565	565	565	565	565	0.687
566	566	566	566	566	0.874
567	567	567	567	567	1.105
568	568	568	568	568	1.001
569	569	569	569	569	1.122
570	570	570	570	570	1.035
571	571	571	571	571	0.798
572	572	572	572	572	0.713
573	573	573	573	573	0.676
574	574	574	574	574	0.595
575	575	575	575	575	0.609
576	576	576	576	576	0.717
577	577	577	577	577	0.826
578	578	578	578	578	0.72
579	579	579	579	579	0.675
580	580	580	580	580	0.796
581	581	581	581	581	0.819
582	582	582	582	582	0.735
583	583	583	583	583	0.86
584	584	584	584	584	1.165
585	585	585	585	585	1.352
586	586	586	586	586	1.056
587	587	587	587	587	0.82
588	588	588	588	588	0.737
589	589	589	589	589	0.791
590	590	590	590	590	0.716
591	591	591	591	591	0.756
592	592	592	592	592	0.699
593	593	593	593	593	0.782
594	594	594	594	594	0.856
595	595	595	595	595	1.197
596	596	596	596	596	1.75
597	597	597	597	597	2.259
598	598	598	598	598	3.287
599	599	599	599	599	3.212
600	600	600	600	600	3.206
601	601	601	601	601	2.628
602	602	602	602	602	2.157
603	603	603	603	603	1.457
604	604	604	604	604	1.124
605	605	605	605	605	0.962
606	606	606	606	606	1.021
607	607	607	607	607	1.014
608	608	608	608	608	0.964
609	609	609	609	609	0.927
610	610	610	610	610	1.118
611	611	611	611	611	1.252
612	612	612	612	612	1.169
613	613	613	613	613	1.117
614	614	614	614	614	1.251
615	615	615	615	615	1.123
616	616	616	616	616	0.989
617	617	617	617	617	1.098
618	618	618	618	618	1.143
619	619	619	619	619	1.027
620	620	620	620	620	1.134
621	621	621	621	621	1.334
622	622	622	622	622	1.281
623	623	623	623	623	1.151
624	624	624	624	624	0.939
625	625	625	625	625	0.784
626	626	626	626	626	0.732
627	627	627	627	627	0.615
628	628	628	628	628	0.624
629	629	629	629	629	0.642
630	630	630	630	630	0.646
631	631	631	631	631	0.813
632	632	632	632	632	0.932
633	633	633	633	633	1.181
634	634	634	634	634	1.357
635	635	635	635	635	1.052
636	636	636	636	636	0.986
637	637	637	637	637	1.117
638	638	638	638	638	1.038
639	639	639	639	639	0.946
640	640	640	640	640	1.043
641	641	641	641	641	1.06
642	642	642	642	642	0.98
643	643	643	643	643	1.024
644	644	644	644	644	1.246
645	645	645	645	645	1.297
646	646	646	646	646	1.268
647	647	647	647	647	1.476
648	648	648	648	648	1.686
649	649	649	649	649	1.645
650	650	650	650	650	1.651
651	651	651	651	651	1.885
652	652	652	652	652	2.019
653	653	653	653	653	1.822
654	654	654	654	654	1.837
655	655	655	655	655	1.892
656	656	656	656	656	2.037
657	657	657	657	657	1.75
658	658	658	658	658	1.494
659	659	659	659	659	1.601
660	660	660	660	660	1.635
661	661	661	661	661	1.451
662	662	662	662	662	1.213
663	663	663	663	663	1.401
664	664	664	664	664	1.49
665	665	665	665	665	1.215
666	666	666	666	666	1.258
667	667	667	667	667	1.53
668	668	668	668	668	1.481
669	669	669	669	669	1.319
670	670	670	670	670	1.015
671	671	671	671	671	0.938
672	672	672	672	672	0.884
673	673	673	673	673	1.056
674	674	674	674	674	0.814
675	675	675	675	675	0.844
676	676	676	676	676	0.749
677	677	677	677	677	1.297
